[2022-07-26 08:27:02.414] 127.0.0.1 POST www.shizhi.com/admin/help/index	[runtime=5.442000s] [reqs=0.18req/s] [memory=3,521.16kb] [file=65]	[ info ] [ LANG ] D:\www\shizhi\api\thinkphp\lang\zh-cn.php
[ info ] [ ROUTE ] array (
  'type' => 'module',
  'module' => 
  array (
    0 => 'admin',
    1 => 'help',
    2 => 'index',
  ),
)
[ info ] [ HEADER ] array (
  'content-length' => '591',
  'content-type' => 'multipart/form-data; boundary=--------------------------872247211604610625359653',
  'connection' => 'keep-alive',
  'accept-encoding' => 'gzip, deflate, br',
  'host' => 'www.shizhi.com',
  'accept' => '*/*',
  'user-agent' => 'apifox/1.0.0 (https://www.apifox.cn)',
  'usertoken' => 'MDAwMDAwMDAwMIGEbXY',
  'token' => '3c72970bc0d2064ee7806fad2fb405b625dd5c61',
)
[ info ] [ PARAM ] array (
  'page' => '1',
  'limit' => '20',
  'help_class_id' => '',
  'key' => '',
  'send_status' => '0',
)
[ info ] [ DB ] INIT mysql
[ info ] [ RUN ] app\admin\controller\Help->index[ D:\www\shizhi\api\app\admin\controller\Help.php ]
[ info ] [ LOG ] INIT File	[ sql ] [ DB ] CONNECT:[ UseTime:1.625000s ] mysql:host=112.125.122.16;port=3306;dbname=jujiashizhi;charset=utf8mb4
[ sql ] [ SQL ] SHOW COLUMNS FROM `cx_system_manager` [ RunTime:1.090000s ]
[ sql ] [ SQL ] SELECT * FROM `cx_system_manager` WHERE  `token` = '3c72970bc0d2064ee7806fad2fb405b625dd5c61'  AND `id` = 1 LIMIT 1 [ RunTime:1.085000s ]
[ sql ] [ SQL ] SHOW COLUMNS FROM `cx_help` [ RunTime:1.035000s ]
[ sql ] [ SQL ] SELECT `id`,`help_class_id`,`image`,`bigimage`,`create_time`,`send_status`,`sort` FROM `cx_help` WHERE  `is_del` = 1 ORDER BY `create_time` DESC LIMIT 0,20 [ RunTime:0.283000s ]
[ sql ] [ SQL ] SELECT COUNT(id) AS tp_count FROM `cx_help` WHERE  `is_del` = 1 LIMIT 1 [ RunTime:0.290000s ]
[2022-07-26 08:27:31.278] 127.0.0.1 POST www.shizhi.com/admin/help/index	[runtime=1.972000s] [reqs=0.51req/s] [memory=3,522.09kb] [file=65]	[ info ] [ LANG ] D:\www\shizhi\api\thinkphp\lang\zh-cn.php
[ info ] [ ROUTE ] array (
  'type' => 'module',
  'module' => 
  array (
    0 => 'admin',
    1 => 'help',
    2 => 'index',
  ),
)
[ info ] [ HEADER ] array (
  'content-length' => '591',
  'content-type' => 'multipart/form-data; boundary=--------------------------490942883734138578026464',
  'connection' => 'keep-alive',
  'accept-encoding' => 'gzip, deflate, br',
  'host' => 'www.shizhi.com',
  'accept' => '*/*',
  'user-agent' => 'apifox/1.0.0 (https://www.apifox.cn)',
  'usertoken' => 'MDAwMDAwMDAwMIGEbXY',
  'token' => '3c72970bc0d2064ee7806fad2fb405b625dd5c61',
)
[ info ] [ PARAM ] array (
  'page' => '1',
  'limit' => '20',
  'help_class_id' => '',
  'key' => '',
  'send_status' => '1',
)
[ info ] [ DB ] INIT mysql
[ info ] [ RUN ] app\admin\controller\Help->index[ D:\www\shizhi\api\app\admin\controller\Help.php ]
[ info ] [ LOG ] INIT File	[ sql ] [ DB ] CONNECT:[ UseTime:0.359000s ] mysql:host=112.125.122.16;port=3306;dbname=jujiashizhi;charset=utf8mb4
[ sql ] [ SQL ] SHOW COLUMNS FROM `cx_system_manager` [ RunTime:0.236000s ]
[ sql ] [ SQL ] SELECT * FROM `cx_system_manager` WHERE  `token` = '3c72970bc0d2064ee7806fad2fb405b625dd5c61'  AND `id` = 1 LIMIT 1 [ RunTime:0.756000s ]
[ sql ] [ SQL ] SHOW COLUMNS FROM `cx_help` [ RunTime:0.186000s ]
[ sql ] [ SQL ] SELECT `id`,`help_class_id`,`image`,`bigimage`,`create_time`,`send_status`,`sort` FROM `cx_help` WHERE  `is_del` = 1  AND `send_status` = 1 ORDER BY `create_time` DESC LIMIT 0,20 [ RunTime:0.221000s ]
[ sql ] [ SQL ] SELECT COUNT(id) AS tp_count FROM `cx_help` WHERE  `is_del` = 1  AND `send_status` = 1 LIMIT 1 [ RunTime:0.184000s ]
[2022-07-26 08:27:47.210] 127.0.0.1 POST www.shizhi.com/admin/help/index	[runtime=0.329000s] [reqs=3.04req/s] [memory=3,521.59kb] [file=65]	[ info ] [ LANG ] D:\www\shizhi\api\thinkphp\lang\zh-cn.php
[ info ] [ ROUTE ] array (
  'type' => 'module',
  'module' => 
  array (
    0 => 'admin',
    1 => 'help',
    2 => 'index',
  ),
)
[ info ] [ HEADER ] array (
  'content-length' => '591',
  'content-type' => 'multipart/form-data; boundary=--------------------------575271602476160671405383',
  'connection' => 'keep-alive',
  'accept-encoding' => 'gzip, deflate, br',
  'host' => 'www.shizhi.com',
  'accept' => '*/*',
  'user-agent' => 'apifox/1.0.0 (https://www.apifox.cn)',
  'usertoken' => 'MDAwMDAwMDAwMIGEbXY',
  'token' => '3c72970bc0d2064ee7806fad2fb405b625dd5c61',
)
[ info ] [ PARAM ] array (
  'page' => '1',
  'limit' => '20',
  'help_class_id' => '',
  'key' => '',
  'send_status' => '1',
)
[ info ] [ DB ] INIT mysql
[ info ] [ RUN ] app\admin\controller\Help->index[ D:\www\shizhi\api\app\admin\controller\Help.php ]
[ info ] [ LOG ] INIT File	[ sql ] [ DB ] CONNECT:[ UseTime:0.075000s ] mysql:host=112.125.122.16;port=3306;dbname=jujiashizhi;charset=utf8mb4
[ sql ] [ SQL ] SHOW COLUMNS FROM `cx_system_manager` [ RunTime:0.044000s ]
[ sql ] [ SQL ] SELECT * FROM `cx_system_manager` WHERE  `token` = '3c72970bc0d2064ee7806fad2fb405b625dd5c61'  AND `id` = 1 LIMIT 1 [ RunTime:0.050000s ]
[ sql ] [ SQL ] SHOW COLUMNS FROM `cx_help` [ RunTime:0.051000s ]
[ sql ] [ SQL ] SELECT `id`,`help_class_id`,`image`,`bigimage`,`create_time`,`send_status`,`sort` FROM `cx_help` WHERE  `is_del` = 1  AND `send_status` = 1 ORDER BY `create_time` DESC LIMIT 0,20 [ RunTime:0.032000s ]
[ sql ] [ SQL ] SELECT COUNT(id) AS tp_count FROM `cx_help` WHERE  `is_del` = 1  AND `send_status` = 1 LIMIT 1 [ RunTime:0.045000s ]
[2022-07-26 08:27:55.707] 127.0.0.1 POST www.shizhi.com/admin/help/index	[runtime=0.335000s] [reqs=2.99req/s] [memory=3,520.66kb] [file=65]	[ info ] [ LANG ] D:\www\shizhi\api\thinkphp\lang\zh-cn.php
[ info ] [ ROUTE ] array (
  'type' => 'module',
  'module' => 
  array (
    0 => 'admin',
    1 => 'help',
    2 => 'index',
  ),
)
[ info ] [ HEADER ] array (
  'content-length' => '591',
  'content-type' => 'multipart/form-data; boundary=--------------------------039661635579499166240767',
  'connection' => 'keep-alive',
  'accept-encoding' => 'gzip, deflate, br',
  'host' => 'www.shizhi.com',
  'accept' => '*/*',
  'user-agent' => 'apifox/1.0.0 (https://www.apifox.cn)',
  'usertoken' => 'MDAwMDAwMDAwMIGEbXY',
  'token' => '3c72970bc0d2064ee7806fad2fb405b625dd5c61',
)
[ info ] [ PARAM ] array (
  'page' => '1',
  'limit' => '20',
  'help_class_id' => '',
  'key' => '',
  'send_status' => '0',
)
[ info ] [ DB ] INIT mysql
[ info ] [ RUN ] app\admin\controller\Help->index[ D:\www\shizhi\api\app\admin\controller\Help.php ]
[ info ] [ LOG ] INIT File	[ sql ] [ DB ] CONNECT:[ UseTime:0.057000s ] mysql:host=112.125.122.16;port=3306;dbname=jujiashizhi;charset=utf8mb4
[ sql ] [ SQL ] SHOW COLUMNS FROM `cx_system_manager` [ RunTime:0.041000s ]
[ sql ] [ SQL ] SELECT * FROM `cx_system_manager` WHERE  `token` = '3c72970bc0d2064ee7806fad2fb405b625dd5c61'  AND `id` = 1 LIMIT 1 [ RunTime:0.048000s ]
[ sql ] [ SQL ] SHOW COLUMNS FROM `cx_help` [ RunTime:0.040000s ]
[ sql ] [ SQL ] SELECT `id`,`help_class_id`,`image`,`bigimage`,`create_time`,`send_status`,`sort` FROM `cx_help` WHERE  `is_del` = 1 ORDER BY `create_time` DESC LIMIT 0,20 [ RunTime:0.043000s ]
[ sql ] [ SQL ] SELECT COUNT(id) AS tp_count FROM `cx_help` WHERE  `is_del` = 1 LIMIT 1 [ RunTime:0.075000s ]
[2022-07-26 08:28:14.723] 127.0.0.1 POST www.shizhi.com/admin/help/index	[runtime=2.455000s] [reqs=0.41req/s] [memory=3,525.06kb] [file=65]	[ info ] [ LANG ] D:\www\shizhi\api\thinkphp\lang\zh-cn.php
[ info ] [ ROUTE ] array (
  'type' => 'module',
  'module' => 
  array (
    0 => 'admin',
    1 => 'help',
    2 => 'index',
  ),
)
[ info ] [ HEADER ] array (
  'content-length' => '591',
  'content-type' => 'multipart/form-data; boundary=--------------------------996625728312130223027768',
  'connection' => 'keep-alive',
  'accept-encoding' => 'gzip, deflate, br',
  'host' => 'www.shizhi.com',
  'accept' => '*/*',
  'user-agent' => 'apifox/1.0.0 (https://www.apifox.cn)',
  'usertoken' => 'MDAwMDAwMDAwMIGEbXY',
  'token' => '3c72970bc0d2064ee7806fad2fb405b625dd5c61',
)
[ info ] [ PARAM ] array (
  'page' => '1',
  'limit' => '20',
  'help_class_id' => '',
  'key' => '',
  'send_status' => '0',
)
[ info ] [ DB ] INIT mysql
[ info ] [ RUN ] app\admin\controller\Help->index[ D:\www\shizhi\api\app\admin\controller\Help.php ]
[ info ] [ LOG ] INIT File	[ sql ] [ DB ] CONNECT:[ UseTime:1.335000s ] mysql:host=112.125.122.16;port=3306;dbname=jujiashizhi;charset=utf8mb4
[ sql ] [ SQL ] SHOW COLUMNS FROM `cx_system_manager` [ RunTime:0.211000s ]
[ sql ] [ SQL ] SELECT * FROM `cx_system_manager` WHERE  `token` = '3c72970bc0d2064ee7806fad2fb405b625dd5c61'  AND `id` = 1 LIMIT 1 [ RunTime:0.212000s ]
[ sql ] [ SQL ] SHOW COLUMNS FROM `cx_help` [ RunTime:0.209000s ]
[ sql ] [ SQL ] SELECT `id`,`help_class_id`,`image`,`bigimage`,`create_time`,`send_status`,`sort` FROM `cx_help` WHERE  `is_del` = 1 ORDER BY `create_time` DESC LIMIT 0,20 [ RunTime:0.229000s ]
[ sql ] [ SQL ] SELECT COUNT(id) AS tp_count FROM `cx_help` WHERE  `is_del` = 1 LIMIT 1 [ RunTime:0.226000s ]
[2022-07-26 08:28:19.411] 127.0.0.1 POST www.shizhi.com/admin/help/index	[runtime=1.584000s] [reqs=0.63req/s] [memory=3,521.59kb] [file=65]	[ info ] [ LANG ] D:\www\shizhi\api\thinkphp\lang\zh-cn.php
[ info ] [ ROUTE ] array (
  'type' => 'module',
  'module' => 
  array (
    0 => 'admin',
    1 => 'help',
    2 => 'index',
  ),
)
[ info ] [ HEADER ] array (
  'content-length' => '591',
  'content-type' => 'multipart/form-data; boundary=--------------------------699077617941156209674321',
  'connection' => 'keep-alive',
  'accept-encoding' => 'gzip, deflate, br',
  'host' => 'www.shizhi.com',
  'accept' => '*/*',
  'user-agent' => 'apifox/1.0.0 (https://www.apifox.cn)',
  'usertoken' => 'MDAwMDAwMDAwMIGEbXY',
  'token' => '3c72970bc0d2064ee7806fad2fb405b625dd5c61',
)
[ info ] [ PARAM ] array (
  'page' => '1',
  'limit' => '20',
  'help_class_id' => '',
  'key' => '',
  'send_status' => '1',
)
[ info ] [ DB ] INIT mysql
[ info ] [ RUN ] app\admin\controller\Help->index[ D:\www\shizhi\api\app\admin\controller\Help.php ]
[ info ] [ LOG ] INIT File	[ sql ] [ DB ] CONNECT:[ UseTime:0.340000s ] mysql:host=112.125.122.16;port=3306;dbname=jujiashizhi;charset=utf8mb4
[ sql ] [ SQL ] SHOW COLUMNS FROM `cx_system_manager` [ RunTime:0.251000s ]
[ sql ] [ SQL ] SELECT * FROM `cx_system_manager` WHERE  `token` = '3c72970bc0d2064ee7806fad2fb405b625dd5c61'  AND `id` = 1 LIMIT 1 [ RunTime:0.217000s ]
[ sql ] [ SQL ] SHOW COLUMNS FROM `cx_help` [ RunTime:0.242000s ]
[ sql ] [ SQL ] SELECT `id`,`help_class_id`,`image`,`bigimage`,`create_time`,`send_status`,`sort` FROM `cx_help` WHERE  `is_del` = 1  AND `send_status` = 1 ORDER BY `create_time` DESC LIMIT 0,20 [ RunTime:0.250000s ]
[ sql ] [ SQL ] SELECT COUNT(id) AS tp_count FROM `cx_help` WHERE  `is_del` = 1  AND `send_status` = 1 LIMIT 1 [ RunTime:0.248000s ]
[2022-07-26 08:28:23.227] 127.0.0.1 POST www.shizhi.com/admin/help/index	[runtime=0.912000s] [reqs=1.10req/s] [memory=3,521.59kb] [file=65]	[ info ] [ LANG ] D:\www\shizhi\api\thinkphp\lang\zh-cn.php
[ info ] [ ROUTE ] array (
  'type' => 'module',
  'module' => 
  array (
    0 => 'admin',
    1 => 'help',
    2 => 'index',
  ),
)
[ info ] [ HEADER ] array (
  'content-length' => '591',
  'content-type' => 'multipart/form-data; boundary=--------------------------975697959832546010503033',
  'connection' => 'keep-alive',
  'accept-encoding' => 'gzip, deflate, br',
  'host' => 'www.shizhi.com',
  'accept' => '*/*',
  'user-agent' => 'apifox/1.0.0 (https://www.apifox.cn)',
  'usertoken' => 'MDAwMDAwMDAwMIGEbXY',
  'token' => '3c72970bc0d2064ee7806fad2fb405b625dd5c61',
)
[ info ] [ PARAM ] array (
  'page' => '1',
  'limit' => '20',
  'help_class_id' => '',
  'key' => '',
  'send_status' => '2',
)
[ info ] [ DB ] INIT mysql
[ info ] [ RUN ] app\admin\controller\Help->index[ D:\www\shizhi\api\app\admin\controller\Help.php ]
[ info ] [ LOG ] INIT File	[ sql ] [ DB ] CONNECT:[ UseTime:0.378000s ] mysql:host=112.125.122.16;port=3306;dbname=jujiashizhi;charset=utf8mb4
[ sql ] [ SQL ] SHOW COLUMNS FROM `cx_system_manager` [ RunTime:0.254000s ]
[ sql ] [ SQL ] SELECT * FROM `cx_system_manager` WHERE  `token` = '3c72970bc0d2064ee7806fad2fb405b625dd5c61'  AND `id` = 1 LIMIT 1 [ RunTime:0.104000s ]
[ sql ] [ SQL ] SHOW COLUMNS FROM `cx_help` [ RunTime:0.052000s ]
[ sql ] [ SQL ] SELECT `id`,`help_class_id`,`image`,`bigimage`,`create_time`,`send_status`,`sort` FROM `cx_help` WHERE  `is_del` = 1  AND `send_status` = 2 ORDER BY `create_time` DESC LIMIT 0,20 [ RunTime:0.028000s ]
[ sql ] [ SQL ] SELECT COUNT(id) AS tp_count FROM `cx_help` WHERE  `is_del` = 1  AND `send_status` = 2 LIMIT 1 [ RunTime:0.063000s ]
[2022-07-26 08:28:27.670] 127.0.0.1 POST www.shizhi.com/admin/help/index	[runtime=0.585000s] [reqs=1.71req/s] [memory=3,503.99kb] [file=64]	[ info ] [ LANG ] D:\www\shizhi\api\thinkphp\lang\zh-cn.php
[ info ] [ ROUTE ] array (
  'type' => 'module',
  'module' => 
  array (
    0 => 'admin',
    1 => 'help',
    2 => 'index',
  ),
)
[ info ] [ HEADER ] array (
  'content-length' => '591',
  'content-type' => 'multipart/form-data; boundary=--------------------------369865481264847842391835',
  'connection' => 'keep-alive',
  'accept-encoding' => 'gzip, deflate, br',
  'host' => 'www.shizhi.com',
  'accept' => '*/*',
  'user-agent' => 'apifox/1.0.0 (https://www.apifox.cn)',
  'usertoken' => 'MDAwMDAwMDAwMIGEbXY',
  'token' => '3c72970bc0d2064ee7806fad2fb405b625dd5c61',
)
[ info ] [ PARAM ] array (
  'page' => '1',
  'limit' => '20',
  'help_class_id' => '',
  'key' => '',
  'send_status' => '3',
)
[ info ] [ DB ] INIT mysql
[ info ] [ RUN ] app\admin\controller\Help->index[ D:\www\shizhi\api\app\admin\controller\Help.php ]
[ info ] [ LOG ] INIT File	[ sql ] [ DB ] CONNECT:[ UseTime:0.175000s ] mysql:host=112.125.122.16;port=3306;dbname=jujiashizhi;charset=utf8mb4
[ sql ] [ SQL ] SHOW COLUMNS FROM `cx_system_manager` [ RunTime:0.095000s ]
[ sql ] [ SQL ] SELECT * FROM `cx_system_manager` WHERE  `token` = '3c72970bc0d2064ee7806fad2fb405b625dd5c61'  AND `id` = 1 LIMIT 1 [ RunTime:0.091000s ]
[ sql ] [ SQL ] SHOW COLUMNS FROM `cx_help` [ RunTime:0.089000s ]
[ sql ] [ SQL ] SELECT `id`,`help_class_id`,`image`,`bigimage`,`create_time`,`send_status`,`sort` FROM `cx_help` WHERE  `is_del` = 1  AND `send_status` = 3 ORDER BY `create_time` DESC LIMIT 0,20 [ RunTime:0.103000s ]
[2022-07-26 08:28:31.322] 127.0.0.1 POST www.shizhi.com/admin/help/index	[runtime=0.567000s] [reqs=1.76req/s] [memory=3,521.59kb] [file=65]	[ info ] [ LANG ] D:\www\shizhi\api\thinkphp\lang\zh-cn.php
[ info ] [ ROUTE ] array (
  'type' => 'module',
  'module' => 
  array (
    0 => 'admin',
    1 => 'help',
    2 => 'index',
  ),
)
[ info ] [ HEADER ] array (
  'content-length' => '591',
  'content-type' => 'multipart/form-data; boundary=--------------------------535039898907079275549417',
  'connection' => 'keep-alive',
  'accept-encoding' => 'gzip, deflate, br',
  'host' => 'www.shizhi.com',
  'accept' => '*/*',
  'user-agent' => 'apifox/1.0.0 (https://www.apifox.cn)',
  'usertoken' => 'MDAwMDAwMDAwMIGEbXY',
  'token' => '3c72970bc0d2064ee7806fad2fb405b625dd5c61',
)
[ info ] [ PARAM ] array (
  'page' => '1',
  'limit' => '20',
  'help_class_id' => '',
  'key' => '',
  'send_status' => '1',
)
[ info ] [ DB ] INIT mysql
[ info ] [ RUN ] app\admin\controller\Help->index[ D:\www\shizhi\api\app\admin\controller\Help.php ]
[ info ] [ LOG ] INIT File	[ sql ] [ DB ] CONNECT:[ UseTime:0.143000s ] mysql:host=112.125.122.16;port=3306;dbname=jujiashizhi;charset=utf8mb4
[ sql ] [ SQL ] SHOW COLUMNS FROM `cx_system_manager` [ RunTime:0.083000s ]
[ sql ] [ SQL ] SELECT * FROM `cx_system_manager` WHERE  `token` = '3c72970bc0d2064ee7806fad2fb405b625dd5c61'  AND `id` = 1 LIMIT 1 [ RunTime:0.090000s ]
[ sql ] [ SQL ] SHOW COLUMNS FROM `cx_help` [ RunTime:0.094000s ]
[ sql ] [ SQL ] SELECT `id`,`help_class_id`,`image`,`bigimage`,`create_time`,`send_status`,`sort` FROM `cx_help` WHERE  `is_del` = 1  AND `send_status` = 1 ORDER BY `create_time` DESC LIMIT 0,20 [ RunTime:0.064000s ]
[ sql ] [ SQL ] SELECT COUNT(id) AS tp_count FROM `cx_help` WHERE  `is_del` = 1  AND `send_status` = 1 LIMIT 1 [ RunTime:0.062000s ]
[2022-07-26 09:00:25.764] 127.0.0.1 POST www.shizhi.com/admin/evaluation_class/save	[runtime=0.024000s] [reqs=41.67req/s] [memory=2,113.29kb] [file=53]	[ info ] [ LANG ] D:\www\shizhi\api\thinkphp\lang\zh-cn.php
[ info ] [ ROUTE ] array (
  'type' => 'module',
  'module' => 
  array (
    0 => 'admin',
    1 => 'evaluation_class',
    2 => 'save',
  ),
)
[ info ] [ HEADER ] array (
  'content-length' => '592',
  'content-type' => 'multipart/form-data; boundary=--------------------------393374605586982360041270',
  'connection' => 'keep-alive',
  'accept-encoding' => 'gzip, deflate, br',
  'host' => 'www.shizhi.com',
  'accept' => '*/*',
  'user-agent' => 'apifox/1.0.0 (https://www.apifox.cn)',
  'usertoken' => 'MDAwMDAwMDAwMIGEbXY',
  'token' => '3c72970bc0d2064ee7806fad2fb405b625dd5c61',
)
[ info ] [ PARAM ] array (
  'evaluationclass_id' => '',
  'name' => '',
  'content' => '',
  'status' => '1',
  'sort' => '0',
)
[ info ] [ LOG ] INIT File	[ error ] [0]Class app\common\services\evaluationcalss\EvaluationClassServices does not exist[D:\www\shizhi\api\thinkphp\library\think\App.php:403]
[2022-07-26 09:01:14.687] 127.0.0.1 POST www.shizhi.com/admin/evaluation_class/save	[runtime=0.018000s] [reqs=55.56req/s] [memory=2,113.29kb] [file=53]	[ info ] [ LANG ] D:\www\shizhi\api\thinkphp\lang\zh-cn.php
[ info ] [ ROUTE ] array (
  'type' => 'module',
  'module' => 
  array (
    0 => 'admin',
    1 => 'evaluation_class',
    2 => 'save',
  ),
)
[ info ] [ HEADER ] array (
  'content-length' => '592',
  'content-type' => 'multipart/form-data; boundary=--------------------------893798433695314102286631',
  'connection' => 'keep-alive',
  'accept-encoding' => 'gzip, deflate, br',
  'host' => 'www.shizhi.com',
  'accept' => '*/*',
  'user-agent' => 'apifox/1.0.0 (https://www.apifox.cn)',
  'usertoken' => 'MDAwMDAwMDAwMIGEbXY',
  'token' => '3c72970bc0d2064ee7806fad2fb405b625dd5c61',
)
[ info ] [ PARAM ] array (
  'evaluationclass_id' => '',
  'name' => '',
  'content' => '',
  'status' => '1',
  'sort' => '0',
)
[ info ] [ LOG ] INIT File	[ error ] [0]Class app\common\services\evaluationcalss\EvaluationClassServices does not exist[D:\www\shizhi\api\thinkphp\library\think\App.php:403]
[2022-07-26 09:04:02.717] 127.0.0.1 POST www.shizhi.com/admin/evaluation_class/save	[runtime=0.025000s] [reqs=40.00req/s] [memory=2,113.29kb] [file=53]	[ info ] [ LANG ] D:\www\shizhi\api\thinkphp\lang\zh-cn.php
[ info ] [ ROUTE ] array (
  'type' => 'module',
  'module' => 
  array (
    0 => 'admin',
    1 => 'evaluation_class',
    2 => 'save',
  ),
)
[ info ] [ HEADER ] array (
  'content-length' => '592',
  'content-type' => 'multipart/form-data; boundary=--------------------------439101056982472864822657',
  'connection' => 'keep-alive',
  'accept-encoding' => 'gzip, deflate, br',
  'host' => 'www.shizhi.com',
  'accept' => '*/*',
  'user-agent' => 'apifox/1.0.0 (https://www.apifox.cn)',
  'usertoken' => 'MDAwMDAwMDAwMIGEbXY',
  'token' => '3c72970bc0d2064ee7806fad2fb405b625dd5c61',
)
[ info ] [ PARAM ] array (
  'evaluationclass_id' => '',
  'name' => '',
  'content' => '',
  'status' => '1',
  'sort' => '0',
)
[ info ] [ LOG ] INIT File	[ error ] [0]Class app\common\services\evaluationcalss\EvaluationClassServices does not exist[D:\www\shizhi\api\thinkphp\library\think\App.php:403]
[2022-07-26 09:04:30.136] 127.0.0.1 POST www.shizhi.com/admin/evaluation_class/save	[runtime=0.091000s] [reqs=10.99req/s] [memory=3,476.73kb] [file=64]	[ info ] [ LANG ] D:\www\shizhi\api\thinkphp\lang\zh-cn.php
[ info ] [ ROUTE ] array (
  'type' => 'module',
  'module' => 
  array (
    0 => 'admin',
    1 => 'evaluation_class',
    2 => 'save',
  ),
)
[ info ] [ HEADER ] array (
  'content-length' => '592',
  'content-type' => 'multipart/form-data; boundary=--------------------------734590055661851862668949',
  'connection' => 'keep-alive',
  'accept-encoding' => 'gzip, deflate, br',
  'host' => 'www.shizhi.com',
  'accept' => '*/*',
  'user-agent' => 'apifox/1.0.0 (https://www.apifox.cn)',
  'usertoken' => 'MDAwMDAwMDAwMIGEbXY',
  'token' => '3c72970bc0d2064ee7806fad2fb405b625dd5c61',
)
[ info ] [ PARAM ] array (
  'evaluationclass_id' => '',
  'name' => '',
  'content' => '',
  'status' => '1',
  'sort' => '0',
)
[ info ] [ DB ] INIT mysql
[ info ] [ RUN ] app\admin\controller\EvaluationClass->save[ D:\www\shizhi\api\app\admin\controller\EvaluationClass.php ]
[ info ] [ LOG ] INIT File	[ sql ] [ DB ] CONNECT:[ UseTime:0.025000s ] mysql:host=112.125.122.16;port=3306;dbname=jujiashizhi;charset=utf8mb4
[ sql ] [ SQL ] SHOW COLUMNS FROM `cx_system_manager` [ RunTime:0.016000s ]
[ sql ] [ SQL ] SELECT * FROM `cx_system_manager` WHERE  `token` = '3c72970bc0d2064ee7806fad2fb405b625dd5c61'  AND `id` = 1 LIMIT 1 [ RunTime:0.019000s ]
[2022-07-26 09:05:59.365] 127.0.0.1 POST www.shizhi.com/admin/evaluation_class/save	[runtime=0.173000s] [reqs=5.78req/s] [memory=3,449.02kb] [file=64]	[ info ] [ LANG ] D:\www\shizhi\api\thinkphp\lang\zh-cn.php
[ info ] [ ROUTE ] array (
  'type' => 'module',
  'module' => 
  array (
    0 => 'admin',
    1 => 'evaluation_class',
    2 => 'save',
  ),
)
[ info ] [ HEADER ] array (
  'content-length' => '662',
  'content-type' => 'multipart/form-data; boundary=--------------------------587190984219268755031253',
  'connection' => 'keep-alive',
  'accept-encoding' => 'gzip, deflate, br',
  'host' => 'www.shizhi.com',
  'accept' => '*/*',
  'user-agent' => 'apifox/1.0.0 (https://www.apifox.cn)',
  'usertoken' => 'MDAwMDAwMDAwMIGEbXY',
  'token' => '3c72970bc0d2064ee7806fad2fb405b625dd5c61',
)
[ info ] [ PARAM ] array (
  'evaluationclass_id' => '',
  'name' => '日常生活照护问题',
  'content' => '请勾选近2周困扰您的问题，可多选',
  'status' => '1',
  'sort' => '0',
)
[ info ] [ DB ] INIT mysql
[ info ] [ RUN ] app\admin\controller\EvaluationClass->save[ D:\www\shizhi\api\app\admin\controller\EvaluationClass.php ]
[ info ] [ LOG ] INIT File	[ sql ] [ DB ] CONNECT:[ UseTime:0.033000s ] mysql:host=112.125.122.16;port=3306;dbname=jujiashizhi;charset=utf8mb4
[ sql ] [ SQL ] SHOW COLUMNS FROM `cx_system_manager` [ RunTime:0.016000s ]
[ sql ] [ SQL ] SELECT * FROM `cx_system_manager` WHERE  `token` = '3c72970bc0d2064ee7806fad2fb405b625dd5c61'  AND `id` = 1 LIMIT 1 [ RunTime:0.019000s ]
[ sql ] [ SQL ] SHOW COLUMNS FROM `cx_classify` [ RunTime:0.047000s ]
[ sql ] [ SQL ] INSERT INTO `cx_classify` (`name` , `content` , `sort` , `status` , `create_time`) VALUES ('日常生活照护问题' , '请勾选近2周困扰您的问题，可多选' , 0 , 1 , 1658797559) [ RunTime:0.032000s ]
[2022-07-26 09:06:55.25] 127.0.0.1 POST www.shizhi.com/admin/evaluation_class/save	[runtime=0.123000s] [reqs=8.13req/s] [memory=3,449.02kb] [file=64]	[ info ] [ LANG ] D:\www\shizhi\api\thinkphp\lang\zh-cn.php
[ info ] [ ROUTE ] array (
  'type' => 'module',
  'module' => 
  array (
    0 => 'admin',
    1 => 'evaluation_class',
    2 => 'save',
  ),
)
[ info ] [ HEADER ] array (
  'content-length' => '656',
  'content-type' => 'multipart/form-data; boundary=--------------------------349365197275874904145520',
  'connection' => 'keep-alive',
  'accept-encoding' => 'gzip, deflate, br',
  'host' => 'www.shizhi.com',
  'accept' => '*/*',
  'user-agent' => 'apifox/1.0.0 (https://www.apifox.cn)',
  'usertoken' => 'MDAwMDAwMDAwMIGEbXY',
  'token' => '3c72970bc0d2064ee7806fad2fb405b625dd5c61',
)
[ info ] [ PARAM ] array (
  'evaluationclass_id' => '',
  'name' => '精神行为问题',
  'content' => '请勾选近2周困扰您的问题，可多选',
  'status' => '1',
  'sort' => '0',
)
[ info ] [ DB ] INIT mysql
[ info ] [ RUN ] app\admin\controller\EvaluationClass->save[ D:\www\shizhi\api\app\admin\controller\EvaluationClass.php ]
[ info ] [ LOG ] INIT File	[ sql ] [ DB ] CONNECT:[ UseTime:0.026000s ] mysql:host=112.125.122.16;port=3306;dbname=jujiashizhi;charset=utf8mb4
[ sql ] [ SQL ] SHOW COLUMNS FROM `cx_system_manager` [ RunTime:0.015000s ]
[ sql ] [ SQL ] SELECT * FROM `cx_system_manager` WHERE  `token` = '3c72970bc0d2064ee7806fad2fb405b625dd5c61'  AND `id` = 1 LIMIT 1 [ RunTime:0.013000s ]
[ sql ] [ SQL ] SHOW COLUMNS FROM `cx_classify` [ RunTime:0.016000s ]
[ sql ] [ SQL ] INSERT INTO `cx_classify` (`name` , `content` , `sort` , `status` , `create_time`) VALUES ('精神行为问题' , '请勾选近2周困扰您的问题，可多选' , 0 , 1 , 1658797614) [ RunTime:0.018000s ]
[2022-07-26 09:07:20.926] 127.0.0.1 POST www.shizhi.com/admin/evaluation_class/save	[runtime=0.119000s] [reqs=8.40req/s] [memory=3,449.02kb] [file=64]	[ info ] [ LANG ] D:\www\shizhi\api\thinkphp\lang\zh-cn.php
[ info ] [ ROUTE ] array (
  'type' => 'module',
  'module' => 
  array (
    0 => 'admin',
    1 => 'evaluation_class',
    2 => 'save',
  ),
)
[ info ] [ HEADER ] array (
  'content-length' => '662',
  'content-type' => 'multipart/form-data; boundary=--------------------------299472964700783496811414',
  'connection' => 'keep-alive',
  'accept-encoding' => 'gzip, deflate, br',
  'host' => 'www.shizhi.com',
  'accept' => '*/*',
  'user-agent' => 'apifox/1.0.0 (https://www.apifox.cn)',
  'usertoken' => 'MDAwMDAwMDAwMIGEbXY',
  'token' => '3c72970bc0d2064ee7806fad2fb405b625dd5c61',
)
[ info ] [ PARAM ] array (
  'evaluationclass_id' => '',
  'name' => '安全风险问题',
  'content' => '请勾选近3个月困扰您的问题（可多选）',
  'status' => '1',
  'sort' => '0',
)
[ info ] [ DB ] INIT mysql
[ info ] [ RUN ] app\admin\controller\EvaluationClass->save[ D:\www\shizhi\api\app\admin\controller\EvaluationClass.php ]
[ info ] [ LOG ] INIT File	[ sql ] [ DB ] CONNECT:[ UseTime:0.020000s ] mysql:host=112.125.122.16;port=3306;dbname=jujiashizhi;charset=utf8mb4
[ sql ] [ SQL ] SHOW COLUMNS FROM `cx_system_manager` [ RunTime:0.016000s ]
[ sql ] [ SQL ] SELECT * FROM `cx_system_manager` WHERE  `token` = '3c72970bc0d2064ee7806fad2fb405b625dd5c61'  AND `id` = 1 LIMIT 1 [ RunTime:0.016000s ]
[ sql ] [ SQL ] SHOW COLUMNS FROM `cx_classify` [ RunTime:0.017000s ]
[ sql ] [ SQL ] INSERT INTO `cx_classify` (`name` , `content` , `sort` , `status` , `create_time`) VALUES ('安全风险问题' , '请勾选近3个月困扰您的问题（可多选）' , 0 , 1 , 1658797640) [ RunTime:0.023000s ]
[2022-07-26 09:07:44.443] 127.0.0.1 POST www.shizhi.com/admin/evaluation_class/save	[runtime=0.142000s] [reqs=7.04req/s] [memory=3,448.46kb] [file=64]	[ info ] [ LANG ] D:\www\shizhi\api\thinkphp\lang\zh-cn.php
[ info ] [ ROUTE ] array (
  'type' => 'module',
  'module' => 
  array (
    0 => 'admin',
    1 => 'evaluation_class',
    2 => 'save',
  ),
)
[ info ] [ HEADER ] array (
  'content-length' => '607',
  'content-type' => 'multipart/form-data; boundary=--------------------------992232520117525660261487',
  'connection' => 'keep-alive',
  'accept-encoding' => 'gzip, deflate, br',
  'host' => 'www.shizhi.com',
  'accept' => '*/*',
  'user-agent' => 'apifox/1.0.0 (https://www.apifox.cn)',
  'usertoken' => 'MDAwMDAwMDAwMIGEbXY',
  'token' => '3c72970bc0d2064ee7806fad2fb405b625dd5c61',
)
[ info ] [ PARAM ] array (
  'evaluationclass_id' => '',
  'name' => '环境评估单',
  'content' => '',
  'status' => '1',
  'sort' => '0',
)
[ info ] [ DB ] INIT mysql
[ info ] [ RUN ] app\admin\controller\EvaluationClass->save[ D:\www\shizhi\api\app\admin\controller\EvaluationClass.php ]
[ info ] [ LOG ] INIT File	[ sql ] [ DB ] CONNECT:[ UseTime:0.028000s ] mysql:host=112.125.122.16;port=3306;dbname=jujiashizhi;charset=utf8mb4
[ sql ] [ SQL ] SHOW COLUMNS FROM `cx_system_manager` [ RunTime:0.021000s ]
[ sql ] [ SQL ] SELECT * FROM `cx_system_manager` WHERE  `token` = '3c72970bc0d2064ee7806fad2fb405b625dd5c61'  AND `id` = 1 LIMIT 1 [ RunTime:0.019000s ]
[ sql ] [ SQL ] SHOW COLUMNS FROM `cx_classify` [ RunTime:0.019000s ]
[ sql ] [ SQL ] INSERT INTO `cx_classify` (`name` , `content` , `sort` , `status` , `create_time`) VALUES ('环境评估单' , '' , 0 , 1 , 1658797664) [ RunTime:0.022000s ]
[2022-07-26 09:08:04.41] 127.0.0.1 POST www.shizhi.com/admin/evaluation_class/save	[runtime=0.278000s] [reqs=3.60req/s] [memory=3,586.53kb] [file=67]	[ info ] [ LANG ] D:\www\shizhi\api\thinkphp\lang\zh-cn.php
[ info ] [ ROUTE ] array (
  'type' => 'module',
  'module' => 
  array (
    0 => 'admin',
    1 => 'evaluation_class',
    2 => 'save',
  ),
)
[ info ] [ HEADER ] array (
  'content-length' => '609',
  'content-type' => 'multipart/form-data; boundary=--------------------------285140613031568088895151',
  'connection' => 'keep-alive',
  'accept-encoding' => 'gzip, deflate, br',
  'host' => 'www.shizhi.com',
  'accept' => '*/*',
  'user-agent' => 'apifox/1.0.0 (https://www.apifox.cn)',
  'usertoken' => 'MDAwMDAwMDAwMIGEbXY',
  'token' => '3c72970bc0d2064ee7806fad2fb405b625dd5c61',
)
[ info ] [ PARAM ] array (
  'evaluationclass_id' => '4',
  'name' => '环境评估单1',
  'content' => '',
  'status' => '1',
  'sort' => '0',
)
[ info ] [ DB ] INIT mysql
[ info ] [ RUN ] app\admin\controller\EvaluationClass->save[ D:\www\shizhi\api\app\admin\controller\EvaluationClass.php ]
[ info ] [ CACHE ] INIT File
[ info ] [ LOG ] INIT File	[ sql ] [ DB ] CONNECT:[ UseTime:0.029000s ] mysql:host=112.125.122.16;port=3306;dbname=jujiashizhi;charset=utf8mb4
[ sql ] [ SQL ] SHOW COLUMNS FROM `cx_system_manager` [ RunTime:0.070000s ]
[ sql ] [ SQL ] SELECT * FROM `cx_system_manager` WHERE  `token` = '3c72970bc0d2064ee7806fad2fb405b625dd5c61'  AND `id` = 1 LIMIT 1 [ RunTime:0.069000s ]
[ sql ] [ SQL ] SHOW COLUMNS FROM `cx_classify` [ RunTime:0.024000s ]
[ sql ] [ SQL ] SELECT * FROM `cx_classify` WHERE  `id` = 4 LIMIT 1 [ RunTime:0.026000s ]
[ sql ] [ SQL ] UPDATE `cx_classify`  SET `name`='环境评估单1',`content`='',`sort`=0,`status`=1  WHERE  `id` = 4 [ RunTime:0.028000s ]
[2022-07-26 09:08:28.87] 127.0.0.1 POST www.shizhi.com/admin/evaluation_class/save	[runtime=0.159000s] [reqs=6.29req/s] [memory=3,586.16kb] [file=67]	[ info ] [ LANG ] D:\www\shizhi\api\thinkphp\lang\zh-cn.php
[ info ] [ ROUTE ] array (
  'type' => 'module',
  'module' => 
  array (
    0 => 'admin',
    1 => 'evaluation_class',
    2 => 'save',
  ),
)
[ info ] [ HEADER ] array (
  'content-length' => '609',
  'content-type' => 'multipart/form-data; boundary=--------------------------996698526957565723365409',
  'connection' => 'keep-alive',
  'accept-encoding' => 'gzip, deflate, br',
  'host' => 'www.shizhi.com',
  'accept' => '*/*',
  'user-agent' => 'apifox/1.0.0 (https://www.apifox.cn)',
  'usertoken' => 'MDAwMDAwMDAwMIGEbXY',
  'token' => '3c72970bc0d2064ee7806fad2fb405b625dd5c61',
)
[ info ] [ PARAM ] array (
  'evaluationclass_id' => '4',
  'name' => '环境评估单2',
  'content' => '',
  'status' => '1',
  'sort' => '0',
)
[ info ] [ DB ] INIT mysql
[ info ] [ RUN ] app\admin\controller\EvaluationClass->save[ D:\www\shizhi\api\app\admin\controller\EvaluationClass.php ]
[ info ] [ CACHE ] INIT File
[ info ] [ LOG ] INIT File	[ sql ] [ DB ] CONNECT:[ UseTime:0.031000s ] mysql:host=112.125.122.16;port=3306;dbname=jujiashizhi;charset=utf8mb4
[ sql ] [ SQL ] SHOW COLUMNS FROM `cx_system_manager` [ RunTime:0.017000s ]
[ sql ] [ SQL ] SELECT * FROM `cx_system_manager` WHERE  `token` = '3c72970bc0d2064ee7806fad2fb405b625dd5c61'  AND `id` = 1 LIMIT 1 [ RunTime:0.018000s ]
[ sql ] [ SQL ] SHOW COLUMNS FROM `cx_classify` [ RunTime:0.018000s ]
[ sql ] [ SQL ] SELECT * FROM `cx_classify` WHERE  `id` = 4 LIMIT 1 [ RunTime:0.024000s ]
[ sql ] [ SQL ] UPDATE `cx_classify`  SET `name`='环境评估单2',`content`='',`sort`=0,`status`=1  WHERE  `id` = 4 [ RunTime:0.019000s ]
[2022-07-26 09:08:30.447] 127.0.0.1 POST www.shizhi.com/admin/evaluation_class/save	[runtime=0.214000s] [reqs=4.67req/s] [memory=3,586.16kb] [file=67]	[ info ] [ LANG ] D:\www\shizhi\api\thinkphp\lang\zh-cn.php
[ info ] [ ROUTE ] array (
  'type' => 'module',
  'module' => 
  array (
    0 => 'admin',
    1 => 'evaluation_class',
    2 => 'save',
  ),
)
[ info ] [ HEADER ] array (
  'content-length' => '609',
  'content-type' => 'multipart/form-data; boundary=--------------------------361812591602978445288722',
  'connection' => 'keep-alive',
  'accept-encoding' => 'gzip, deflate, br',
  'host' => 'www.shizhi.com',
  'accept' => '*/*',
  'user-agent' => 'apifox/1.0.0 (https://www.apifox.cn)',
  'usertoken' => 'MDAwMDAwMDAwMIGEbXY',
  'token' => '3c72970bc0d2064ee7806fad2fb405b625dd5c61',
)
[ info ] [ PARAM ] array (
  'evaluationclass_id' => '4',
  'name' => '环境评估单2',
  'content' => '',
  'status' => '1',
  'sort' => '0',
)
[ info ] [ DB ] INIT mysql
[ info ] [ RUN ] app\admin\controller\EvaluationClass->save[ D:\www\shizhi\api\app\admin\controller\EvaluationClass.php ]
[ info ] [ CACHE ] INIT File
[ info ] [ LOG ] INIT File	[ sql ] [ DB ] CONNECT:[ UseTime:0.027000s ] mysql:host=112.125.122.16;port=3306;dbname=jujiashizhi;charset=utf8mb4
[ sql ] [ SQL ] SHOW COLUMNS FROM `cx_system_manager` [ RunTime:0.022000s ]
[ sql ] [ SQL ] SELECT * FROM `cx_system_manager` WHERE  `token` = '3c72970bc0d2064ee7806fad2fb405b625dd5c61'  AND `id` = 1 LIMIT 1 [ RunTime:0.028000s ]
[ sql ] [ SQL ] SHOW COLUMNS FROM `cx_classify` [ RunTime:0.067000s ]
[ sql ] [ SQL ] SELECT * FROM `cx_classify` WHERE  `id` = 4 LIMIT 1 [ RunTime:0.018000s ]
[ sql ] [ SQL ] UPDATE `cx_classify`  SET `name`='环境评估单2',`content`='',`sort`=0,`status`=1  WHERE  `id` = 4 [ RunTime:0.019000s ]
[2022-07-26 09:08:47.352] 127.0.0.1 POST www.shizhi.com/admin/evaluation_class/save	[runtime=0.179000s] [reqs=5.59req/s] [memory=3,586.16kb] [file=67]	[ info ] [ LANG ] D:\www\shizhi\api\thinkphp\lang\zh-cn.php
[ info ] [ ROUTE ] array (
  'type' => 'module',
  'module' => 
  array (
    0 => 'admin',
    1 => 'evaluation_class',
    2 => 'save',
  ),
)
[ info ] [ HEADER ] array (
  'content-length' => '608',
  'content-type' => 'multipart/form-data; boundary=--------------------------288798879841649106302891',
  'connection' => 'keep-alive',
  'accept-encoding' => 'gzip, deflate, br',
  'host' => 'www.shizhi.com',
  'accept' => '*/*',
  'user-agent' => 'apifox/1.0.0 (https://www.apifox.cn)',
  'usertoken' => 'MDAwMDAwMDAwMIGEbXY',
  'token' => '3c72970bc0d2064ee7806fad2fb405b625dd5c61',
)
[ info ] [ PARAM ] array (
  'evaluationclass_id' => '4',
  'name' => '环境评估单',
  'content' => '',
  'status' => '1',
  'sort' => '0',
)
[ info ] [ DB ] INIT mysql
[ info ] [ RUN ] app\admin\controller\EvaluationClass->save[ D:\www\shizhi\api\app\admin\controller\EvaluationClass.php ]
[ info ] [ CACHE ] INIT File
[ info ] [ LOG ] INIT File	[ sql ] [ DB ] CONNECT:[ UseTime:0.040000s ] mysql:host=112.125.122.16;port=3306;dbname=jujiashizhi;charset=utf8mb4
[ sql ] [ SQL ] SHOW COLUMNS FROM `cx_system_manager` [ RunTime:0.025000s ]
[ sql ] [ SQL ] SELECT * FROM `cx_system_manager` WHERE  `token` = '3c72970bc0d2064ee7806fad2fb405b625dd5c61'  AND `id` = 1 LIMIT 1 [ RunTime:0.024000s ]
[ sql ] [ SQL ] SHOW COLUMNS FROM `cx_classify` [ RunTime:0.021000s ]
[ sql ] [ SQL ] SELECT * FROM `cx_classify` WHERE  `id` = 4 LIMIT 1 [ RunTime:0.018000s ]
[ sql ] [ SQL ] UPDATE `cx_classify`  SET `name`='环境评估单',`content`='',`sort`=0,`status`=1  WHERE  `id` = 4 [ RunTime:0.021000s ]
[2022-07-26 09:10:28.280] 127.0.0.1 POST www.shizhi.com/admin/evaluation_class/index	[runtime=0.339000s] [reqs=2.95req/s] [memory=3,609.25kb] [file=66]	[ info ] [ LANG ] D:\www\shizhi\api\thinkphp\lang\zh-cn.php
[ info ] [ ROUTE ] array (
  'type' => 'module',
  'module' => 
  array (
    0 => 'admin',
    1 => 'evaluation_class',
    2 => 'index',
  ),
)
[ info ] [ HEADER ] array (
  'content-length' => '0',
  'connection' => 'keep-alive',
  'accept-encoding' => 'gzip, deflate, br',
  'host' => 'www.shizhi.com',
  'accept' => '*/*',
  'user-agent' => 'apifox/1.0.0 (https://www.apifox.cn)',
  'usertoken' => 'MDAwMDAwMDAwMIGEbXY',
  'token' => '3c72970bc0d2064ee7806fad2fb405b625dd5c61',
  'content-type' => '',
)
[ info ] [ PARAM ] array (
)
[ info ] [ DB ] INIT mysql
[ info ] [ RUN ] app\admin\controller\EvaluationClass->index[ D:\www\shizhi\api\app\admin\controller\EvaluationClass.php ]
[ info ] [ LOG ] INIT File	[ sql ] [ DB ] CONNECT:[ UseTime:0.125000s ] mysql:host=112.125.122.16;port=3306;dbname=jujiashizhi;charset=utf8mb4
[ sql ] [ SQL ] SHOW COLUMNS FROM `cx_system_manager` [ RunTime:0.074000s ]
[ sql ] [ SQL ] SELECT * FROM `cx_system_manager` WHERE  `token` = '3c72970bc0d2064ee7806fad2fb405b625dd5c61'  AND `id` = 1 LIMIT 1 [ RunTime:0.102000s ]
[2022-07-26 09:14:22.847] 127.0.0.1 POST www.shizhi.com/admin/evaluation_class/index	[runtime=0.338000s] [reqs=2.96req/s] [memory=3,661.14kb] [file=70]	[ info ] [ LANG ] D:\www\shizhi\api\thinkphp\lang\zh-cn.php
[ info ] [ ROUTE ] array (
  'type' => 'module',
  'module' => 
  array (
    0 => 'admin',
    1 => 'evaluation_class',
    2 => 'index',
  ),
)
[ info ] [ HEADER ] array (
  'content-length' => '0',
  'connection' => 'keep-alive',
  'accept-encoding' => 'gzip, deflate, br',
  'host' => 'www.shizhi.com',
  'accept' => '*/*',
  'user-agent' => 'apifox/1.0.0 (https://www.apifox.cn)',
  'usertoken' => 'MDAwMDAwMDAwMIGEbXY',
  'token' => '3c72970bc0d2064ee7806fad2fb405b625dd5c61',
  'content-type' => '',
)
[ info ] [ PARAM ] array (
)
[ info ] [ DB ] INIT mysql
[ info ] [ RUN ] app\admin\controller\EvaluationClass->index[ D:\www\shizhi\api\app\admin\controller\EvaluationClass.php ]
[ info ] [ LOG ] INIT File	[ sql ] [ DB ] CONNECT:[ UseTime:0.135000s ] mysql:host=112.125.122.16;port=3306;dbname=jujiashizhi;charset=utf8mb4
[ sql ] [ SQL ] SHOW COLUMNS FROM `cx_system_manager` [ RunTime:0.081000s ]
[ sql ] [ SQL ] SELECT * FROM `cx_system_manager` WHERE  `token` = '3c72970bc0d2064ee7806fad2fb405b625dd5c61'  AND `id` = 1 LIMIT 1 [ RunTime:0.054000s ]	[ error ] [0]类型错误: Too few arguments to function app\common\services\evaluationclass\EvaluationClassServices::get_list(), 0 passed in D:\www\shizhi\api\app\admin\controller\EvaluationClass.php on line 32 and exactly 1 expected[D:\www\shizhi\api\app\common\services\evaluationclass\EvaluationClassServices.php:22]
[2022-07-26 09:18:02.838] 127.0.0.1 POST www.shizhi.com/admin/evaluation_class/index	[runtime=1.886000s] [reqs=0.53req/s] [memory=3,663.02kb] [file=70]	[ info ] [ LANG ] D:\www\shizhi\api\thinkphp\lang\zh-cn.php
[ info ] [ ROUTE ] array (
  'type' => 'module',
  'module' => 
  array (
    0 => 'admin',
    1 => 'evaluation_class',
    2 => 'index',
  ),
)
[ info ] [ HEADER ] array (
  'content-length' => '266',
  'content-type' => 'multipart/form-data; boundary=--------------------------869999684124041752228029',
  'connection' => 'keep-alive',
  'accept-encoding' => 'gzip, deflate, br',
  'host' => 'www.shizhi.com',
  'accept' => '*/*',
  'user-agent' => 'apifox/1.0.0 (https://www.apifox.cn)',
  'usertoken' => 'MDAwMDAwMDAwMIGEbXY',
  'token' => '3c72970bc0d2064ee7806fad2fb405b625dd5c61',
)
[ info ] [ PARAM ] array (
  'page' => '1',
  'limit' => '10',
)
[ info ] [ DB ] INIT mysql
[ info ] [ RUN ] app\admin\controller\EvaluationClass->index[ D:\www\shizhi\api\app\admin\controller\EvaluationClass.php ]
[ info ] [ LOG ] INIT File	[ sql ] [ DB ] CONNECT:[ UseTime:1.751000s ] mysql:host=112.125.122.16;port=3306;dbname=jujiashizhi;charset=utf8mb4
[ sql ] [ SQL ] SHOW COLUMNS FROM `cx_system_manager` [ RunTime:0.047000s ]
[ sql ] [ SQL ] SELECT * FROM `cx_system_manager` WHERE  `token` = '3c72970bc0d2064ee7806fad2fb405b625dd5c61'  AND `id` = 1 LIMIT 1 [ RunTime:0.038000s ]	[ error ] [0]类型错误: Too few arguments to function app\common\services\evaluationclass\EvaluationClassServices::get_list(), 0 passed in D:\www\shizhi\api\app\admin\controller\EvaluationClass.php on line 32 and exactly 1 expected[D:\www\shizhi\api\app\common\services\evaluationclass\EvaluationClassServices.php:22]
[2022-07-26 09:18:33.921] 127.0.0.1 POST www.shizhi.com/admin/evaluation_class/index	[runtime=0.304000s] [reqs=3.29req/s] [memory=3,496.65kb] [file=64]	[ info ] [ LANG ] D:\www\shizhi\api\thinkphp\lang\zh-cn.php
[ info ] [ ROUTE ] array (
  'type' => 'module',
  'module' => 
  array (
    0 => 'admin',
    1 => 'evaluation_class',
    2 => 'index',
  ),
)
[ info ] [ HEADER ] array (
  'content-length' => '266',
  'content-type' => 'multipart/form-data; boundary=--------------------------473069496876665240432279',
  'connection' => 'keep-alive',
  'accept-encoding' => 'gzip, deflate, br',
  'host' => 'www.shizhi.com',
  'accept' => '*/*',
  'user-agent' => 'apifox/1.0.0 (https://www.apifox.cn)',
  'usertoken' => 'MDAwMDAwMDAwMIGEbXY',
  'token' => '3c72970bc0d2064ee7806fad2fb405b625dd5c61',
)
[ info ] [ PARAM ] array (
  'page' => '1',
  'limit' => '10',
)
[ info ] [ DB ] INIT mysql
[ info ] [ RUN ] app\admin\controller\EvaluationClass->index[ D:\www\shizhi\api\app\admin\controller\EvaluationClass.php ]
[ info ] [ LOG ] INIT File	[ sql ] [ DB ] CONNECT:[ UseTime:0.071000s ] mysql:host=112.125.122.16;port=3306;dbname=jujiashizhi;charset=utf8mb4
[ sql ] [ SQL ] SHOW COLUMNS FROM `cx_system_manager` [ RunTime:0.048000s ]
[ sql ] [ SQL ] SELECT * FROM `cx_system_manager` WHERE  `token` = '3c72970bc0d2064ee7806fad2fb405b625dd5c61'  AND `id` = 1 LIMIT 1 [ RunTime:0.048000s ]
[ sql ] [ SQL ] SHOW COLUMNS FROM `cx_classify` [ RunTime:0.060000s ]
[ sql ] [ SQL ] SELECT `id`,`name`,`content`,`sort`,`status`,`create_time` FROM `cx_classify` WHERE  `is_del` = 1 ORDER BY `sort` DESC,`create_time` DESC LIMIT 0,10 [ RunTime:0.046000s ]
[2022-07-26 09:22:28.594] 127.0.0.1 POST www.shizhi.com/admin/evaluation_class/index	[runtime=0.134000s] [reqs=7.46req/s] [memory=3,501.84kb] [file=64]	[ info ] [ LANG ] D:\www\shizhi\api\thinkphp\lang\zh-cn.php
[ info ] [ ROUTE ] array (
  'type' => 'module',
  'module' => 
  array (
    0 => 'admin',
    1 => 'evaluation_class',
    2 => 'index',
  ),
)
[ info ] [ HEADER ] array (
  'content-length' => '266',
  'content-type' => 'multipart/form-data; boundary=--------------------------108062853160730473667083',
  'connection' => 'keep-alive',
  'accept-encoding' => 'gzip, deflate, br',
  'host' => 'www.shizhi.com',
  'accept' => '*/*',
  'user-agent' => 'apifox/1.0.0 (https://www.apifox.cn)',
  'usertoken' => 'MDAwMDAwMDAwMIGEbXY',
  'token' => '3c72970bc0d2064ee7806fad2fb405b625dd5c61',
)
[ info ] [ PARAM ] array (
  'page' => '1',
  'limit' => '10',
)
[ info ] [ DB ] INIT mysql
[ info ] [ RUN ] app\admin\controller\EvaluationClass->index[ D:\www\shizhi\api\app\admin\controller\EvaluationClass.php ]
[ info ] [ LOG ] INIT File	[ sql ] [ DB ] CONNECT:[ UseTime:0.029000s ] mysql:host=112.125.122.16;port=3306;dbname=jujiashizhi;charset=utf8mb4
[ sql ] [ SQL ] SHOW COLUMNS FROM `cx_system_manager` [ RunTime:0.019000s ]
[ sql ] [ SQL ] SELECT * FROM `cx_system_manager` WHERE  `token` = '3c72970bc0d2064ee7806fad2fb405b625dd5c61'  AND `id` = 1 LIMIT 1 [ RunTime:0.015000s ]
[ sql ] [ SQL ] SHOW COLUMNS FROM `cx_classify` [ RunTime:0.015000s ]
[ sql ] [ SQL ] SELECT `id`,`name`,`content`,`sort`,`status`,`create_time` FROM `cx_classify` WHERE  `is_del` = 1 ORDER BY `sort` DESC,`create_time` DESC LIMIT 0,10 [ RunTime:0.018000s ]
[2022-07-26 09:26:53.856] 127.0.0.1 POST www.shizhi.com/admin/evaluation_class/del	[runtime=0.345000s] [reqs=2.90req/s] [memory=3,591.16kb] [file=67]	[ info ] [ LANG ] D:\www\shizhi\api\thinkphp\lang\zh-cn.php
[ info ] [ ROUTE ] array (
  'type' => 'module',
  'module' => 
  array (
    0 => 'admin',
    1 => 'evaluation_class',
    2 => 'del',
  ),
)
[ info ] [ HEADER ] array (
  'content-length' => '174',
  'content-type' => 'multipart/form-data; boundary=--------------------------221383415229902057694527',
  'connection' => 'keep-alive',
  'accept-encoding' => 'gzip, deflate, br',
  'host' => 'www.shizhi.com',
  'accept' => '*/*',
  'user-agent' => 'apifox/1.0.0 (https://www.apifox.cn)',
  'usertoken' => 'MDAwMDAwMDAwMIGEbXY',
  'token' => '3c72970bc0d2064ee7806fad2fb405b625dd5c61',
)
[ info ] [ PARAM ] array (
  'evaluationclass_id' => '4',
)
[ info ] [ DB ] INIT mysql
[ info ] [ RUN ] app\admin\controller\EvaluationClass->del[ D:\www\shizhi\api\app\admin\controller\EvaluationClass.php ]
[ info ] [ CACHE ] INIT File
[ info ] [ LOG ] INIT File	[ sql ] [ DB ] CONNECT:[ UseTime:0.074000s ] mysql:host=112.125.122.16;port=3306;dbname=jujiashizhi;charset=utf8mb4
[ sql ] [ SQL ] SHOW COLUMNS FROM `cx_system_manager` [ RunTime:0.050000s ]
[ sql ] [ SQL ] SELECT * FROM `cx_system_manager` WHERE  `token` = '3c72970bc0d2064ee7806fad2fb405b625dd5c61'  AND `id` = 1 LIMIT 1 [ RunTime:0.042000s ]
[ sql ] [ SQL ] SHOW COLUMNS FROM `cx_classify` [ RunTime:0.054000s ]
[ sql ] [ SQL ] SELECT `id`,`is_del` FROM `cx_classify` WHERE  `id` = 4 LIMIT 1 [ RunTime:0.039000s ]
[ sql ] [ SQL ] UPDATE `cx_classify`  SET `is_del`=2  WHERE  `id` = 4 [ RunTime:0.046000s ]
[2022-07-26 09:26:55.996] 127.0.0.1 POST www.shizhi.com/admin/evaluation_class/del	[runtime=0.291000s] [reqs=3.44req/s] [memory=3,484.86kb] [file=64]	[ info ] [ LANG ] D:\www\shizhi\api\thinkphp\lang\zh-cn.php
[ info ] [ ROUTE ] array (
  'type' => 'module',
  'module' => 
  array (
    0 => 'admin',
    1 => 'evaluation_class',
    2 => 'del',
  ),
)
[ info ] [ HEADER ] array (
  'content-length' => '174',
  'content-type' => 'multipart/form-data; boundary=--------------------------084906341713558104999525',
  'connection' => 'keep-alive',
  'accept-encoding' => 'gzip, deflate, br',
  'host' => 'www.shizhi.com',
  'accept' => '*/*',
  'user-agent' => 'apifox/1.0.0 (https://www.apifox.cn)',
  'usertoken' => 'MDAwMDAwMDAwMIGEbXY',
  'token' => '3c72970bc0d2064ee7806fad2fb405b625dd5c61',
)
[ info ] [ PARAM ] array (
  'evaluationclass_id' => '4',
)
[ info ] [ DB ] INIT mysql
[ info ] [ RUN ] app\admin\controller\EvaluationClass->del[ D:\www\shizhi\api\app\admin\controller\EvaluationClass.php ]
[ info ] [ LOG ] INIT File	[ sql ] [ DB ] CONNECT:[ UseTime:0.061000s ] mysql:host=112.125.122.16;port=3306;dbname=jujiashizhi;charset=utf8mb4
[ sql ] [ SQL ] SHOW COLUMNS FROM `cx_system_manager` [ RunTime:0.045000s ]
[ sql ] [ SQL ] SELECT * FROM `cx_system_manager` WHERE  `token` = '3c72970bc0d2064ee7806fad2fb405b625dd5c61'  AND `id` = 1 LIMIT 1 [ RunTime:0.046000s ]
[ sql ] [ SQL ] SHOW COLUMNS FROM `cx_classify` [ RunTime:0.054000s ]
[ sql ] [ SQL ] SELECT `id`,`is_del` FROM `cx_classify` WHERE  `id` = 4 LIMIT 1 [ RunTime:0.059000s ]
[2022-07-26 09:32:01.648] 127.0.0.1 POST www.shizhi.com/admin/evaluation_class/index	[runtime=0.030000s] [reqs=33.33req/s] [memory=2,115.05kb] [file=53]	[ info ] [ LANG ] D:\www\shizhi\api\thinkphp\lang\zh-cn.php
[ info ] [ ROUTE ] array (
  'type' => 'module',
  'module' => 
  array (
    0 => 'admin',
    1 => 'evaluation_class',
    2 => 'index',
  ),
)
[ info ] [ HEADER ] array (
  'content-length' => '266',
  'content-type' => 'multipart/form-data; boundary=--------------------------415205144799147398614712',
  'connection' => 'keep-alive',
  'accept-encoding' => 'gzip, deflate, br',
  'host' => 'www.shizhi.com',
  'accept' => '*/*',
  'user-agent' => 'apifox/1.0.0 (https://www.apifox.cn)',
  'usertoken' => 'MDAwMDAwMDAwMIGEbXY',
  'token' => '3c72970bc0d2064ee7806fad2fb405b625dd5c61',
)
[ info ] [ PARAM ] array (
  'page' => '1',
  'limit' => '10',
)
[ info ] [ LOG ] INIT File	[ error ] [0]Class app\common\services\evaluationclass\EvaluationClassServices does not exist[D:\www\shizhi\api\thinkphp\library\think\App.php:403]
[2022-07-26 09:32:16.493] 127.0.0.1 POST www.shizhi.com/admin/evaluation_class/index	[runtime=1.488000s] [reqs=0.67req/s] [memory=3,666.19kb] [file=69]	[ info ] [ LANG ] D:\www\shizhi\api\thinkphp\lang\zh-cn.php
[ info ] [ ROUTE ] array (
  'type' => 'module',
  'module' => 
  array (
    0 => 'admin',
    1 => 'evaluation_class',
    2 => 'index',
  ),
)
[ info ] [ HEADER ] array (
  'content-length' => '266',
  'content-type' => 'multipart/form-data; boundary=--------------------------461286019327353825643431',
  'connection' => 'keep-alive',
  'accept-encoding' => 'gzip, deflate, br',
  'host' => 'www.shizhi.com',
  'accept' => '*/*',
  'user-agent' => 'apifox/1.0.0 (https://www.apifox.cn)',
  'usertoken' => 'MDAwMDAwMDAwMIGEbXY',
  'token' => '3c72970bc0d2064ee7806fad2fb405b625dd5c61',
)
[ info ] [ PARAM ] array (
  'page' => '1',
  'limit' => '10',
)
[ info ] [ DB ] INIT mysql
[ info ] [ RUN ] app\admin\controller\EvaluationClass->index[ D:\www\shizhi\api\app\admin\controller\EvaluationClass.php ]
[ info ] [ LOG ] INIT File	[ sql ] [ DB ] CONNECT:[ UseTime:1.293000s ] mysql:host=112.125.122.16;port=3306;dbname=jujiashizhi;charset=utf8mb4
[ sql ] [ SQL ] SHOW COLUMNS FROM `cx_system_manager` [ RunTime:0.038000s ]
[ sql ] [ SQL ] SELECT * FROM `cx_system_manager` WHERE  `token` = '3c72970bc0d2064ee7806fad2fb405b625dd5c61'  AND `id` = 1 LIMIT 1 [ RunTime:0.031000s ]
[ sql ] [ SQL ] SHOW COLUMNS FROM `cx_classify` [ RunTime:0.037000s ]
[ sql ] [ SQL ] SELECT `id`,`name`,`content`,`sort`,`status`,`create_time` FROM `cx_classify` WHERE  `is_del` = 1 ORDER BY `sort` DESC,`create_time` DESC LIMIT 0,10 [ RunTime:0.050000s ]	[ error ] [0]类的属性不存在:app\common\model\EvaluationClass->status_name[D:\www\shizhi\api\thinkphp\library\think\Model.php:626]
[2022-07-26 09:32:29.541] 127.0.0.1 POST www.shizhi.com/admin/evaluation_class/index	[runtime=0.348000s] [reqs=2.87req/s] [memory=3,501.22kb] [file=64]	[ info ] [ LANG ] D:\www\shizhi\api\thinkphp\lang\zh-cn.php
[ info ] [ ROUTE ] array (
  'type' => 'module',
  'module' => 
  array (
    0 => 'admin',
    1 => 'evaluation_class',
    2 => 'index',
  ),
)
[ info ] [ HEADER ] array (
  'content-length' => '266',
  'content-type' => 'multipart/form-data; boundary=--------------------------784861754782151369648381',
  'connection' => 'keep-alive',
  'accept-encoding' => 'gzip, deflate, br',
  'host' => 'www.shizhi.com',
  'accept' => '*/*',
  'user-agent' => 'apifox/1.0.0 (https://www.apifox.cn)',
  'usertoken' => 'MDAwMDAwMDAwMIGEbXY',
  'token' => '3c72970bc0d2064ee7806fad2fb405b625dd5c61',
)
[ info ] [ PARAM ] array (
  'page' => '1',
  'limit' => '10',
)
[ info ] [ DB ] INIT mysql
[ info ] [ RUN ] app\admin\controller\EvaluationClass->index[ D:\www\shizhi\api\app\admin\controller\EvaluationClass.php ]
[ info ] [ LOG ] INIT File	[ sql ] [ DB ] CONNECT:[ UseTime:0.091000s ] mysql:host=112.125.122.16;port=3306;dbname=jujiashizhi;charset=utf8mb4
[ sql ] [ SQL ] SHOW COLUMNS FROM `cx_system_manager` [ RunTime:0.051000s ]
[ sql ] [ SQL ] SELECT * FROM `cx_system_manager` WHERE  `token` = '3c72970bc0d2064ee7806fad2fb405b625dd5c61'  AND `id` = 1 LIMIT 1 [ RunTime:0.059000s ]
[ sql ] [ SQL ] SHOW COLUMNS FROM `cx_classify` [ RunTime:0.057000s ]
[ sql ] [ SQL ] SELECT `id`,`name`,`content`,`sort`,`status`,`create_time` FROM `cx_classify` WHERE  `is_del` = 1 ORDER BY `sort` DESC,`create_time` DESC LIMIT 0,10 [ RunTime:0.063000s ]
[2022-07-26 09:38:34.73] 127.0.0.1 POST www.shizhi.com/admin/evaluation_class/show	[runtime=0.124000s] [reqs=8.06req/s] [memory=3,678.33kb] [file=72]	[ info ] [ LANG ] D:\www\shizhi\api\thinkphp\lang\zh-cn.php
[ info ] [ ROUTE ] array (
  'type' => 'module',
  'module' => 
  array (
    0 => 'admin',
    1 => 'evaluation_class',
    2 => 'show',
  ),
)
[ info ] [ HEADER ] array (
  'content-length' => '174',
  'content-type' => 'multipart/form-data; boundary=--------------------------609675469385671379049085',
  'connection' => 'keep-alive',
  'accept-encoding' => 'gzip, deflate, br',
  'host' => 'www.shizhi.com',
  'accept' => '*/*',
  'user-agent' => 'apifox/1.0.0 (https://www.apifox.cn)',
  'usertoken' => 'MDAwMDAwMDAwMIGEbXY',
  'token' => '3c72970bc0d2064ee7806fad2fb405b625dd5c61',
)
[ info ] [ PARAM ] array (
  'evaluationclass_id' => '2',
)
[ info ] [ DB ] INIT mysql
[ info ] [ RUN ] app\admin\controller\EvaluationClass->show[ D:\www\shizhi\api\app\admin\controller\EvaluationClass.php ]
[ info ] [ LOG ] INIT File	[ sql ] [ DB ] CONNECT:[ UseTime:0.023000s ] mysql:host=112.125.122.16;port=3306;dbname=jujiashizhi;charset=utf8mb4
[ sql ] [ SQL ] SHOW COLUMNS FROM `cx_system_manager` [ RunTime:0.018000s ]
[ sql ] [ SQL ] SELECT * FROM `cx_system_manager` WHERE  `token` = '3c72970bc0d2064ee7806fad2fb405b625dd5c61'  AND `id` = 1 LIMIT 1 [ RunTime:0.017000s ]
[ sql ] [ SQL ] SHOW COLUMNS FROM `cx_classify` [ RunTime:0.016000s ]	[ error ] [10501]SQLSTATE[42S22]: Column not found: 1054 Unknown column 'help_class_id' in 'field list'[D:\www\shizhi\api\thinkphp\library\think\db\Connection.php:385]
[2022-07-26 09:39:32.612] 127.0.0.1 POST www.shizhi.com/admin/evaluation_class/show	[runtime=0.135000s] [reqs=7.41req/s] [memory=3,496.71kb] [file=64]	[ info ] [ LANG ] D:\www\shizhi\api\thinkphp\lang\zh-cn.php
[ info ] [ ROUTE ] array (
  'type' => 'module',
  'module' => 
  array (
    0 => 'admin',
    1 => 'evaluation_class',
    2 => 'show',
  ),
)
[ info ] [ HEADER ] array (
  'content-length' => '174',
  'content-type' => 'multipart/form-data; boundary=--------------------------315862873604967553768924',
  'connection' => 'keep-alive',
  'accept-encoding' => 'gzip, deflate, br',
  'host' => 'www.shizhi.com',
  'accept' => '*/*',
  'user-agent' => 'apifox/1.0.0 (https://www.apifox.cn)',
  'usertoken' => 'MDAwMDAwMDAwMIGEbXY',
  'token' => '3c72970bc0d2064ee7806fad2fb405b625dd5c61',
)
[ info ] [ PARAM ] array (
  'evaluationclass_id' => '2',
)
[ info ] [ DB ] INIT mysql
[ info ] [ RUN ] app\admin\controller\EvaluationClass->show[ D:\www\shizhi\api\app\admin\controller\EvaluationClass.php ]
[ info ] [ LOG ] INIT File	[ sql ] [ DB ] CONNECT:[ UseTime:0.030000s ] mysql:host=112.125.122.16;port=3306;dbname=jujiashizhi;charset=utf8mb4
[ sql ] [ SQL ] SHOW COLUMNS FROM `cx_system_manager` [ RunTime:0.028000s ]
[ sql ] [ SQL ] SELECT * FROM `cx_system_manager` WHERE  `token` = '3c72970bc0d2064ee7806fad2fb405b625dd5c61'  AND `id` = 1 LIMIT 1 [ RunTime:0.016000s ]
[ sql ] [ SQL ] SHOW COLUMNS FROM `cx_classify` [ RunTime:0.018000s ]
[ sql ] [ SQL ] SELECT `id`,`name`,`content`,`create_time`,`status`,`sort` FROM `cx_classify` WHERE  `id` = 2  AND `is_del` = 1 LIMIT 1 [ RunTime:0.017000s ]
[2022-07-26 09:39:42.402] 127.0.0.1 POST www.shizhi.com/admin/evaluation_class/show	[runtime=0.127000s] [reqs=7.87req/s] [memory=3,496.72kb] [file=64]	[ info ] [ LANG ] D:\www\shizhi\api\thinkphp\lang\zh-cn.php
[ info ] [ ROUTE ] array (
  'type' => 'module',
  'module' => 
  array (
    0 => 'admin',
    1 => 'evaluation_class',
    2 => 'show',
  ),
)
[ info ] [ HEADER ] array (
  'content-length' => '174',
  'content-type' => 'multipart/form-data; boundary=--------------------------804270149739129543800821',
  'connection' => 'keep-alive',
  'accept-encoding' => 'gzip, deflate, br',
  'host' => 'www.shizhi.com',
  'accept' => '*/*',
  'user-agent' => 'apifox/1.0.0 (https://www.apifox.cn)',
  'usertoken' => 'MDAwMDAwMDAwMIGEbXY',
  'token' => '3c72970bc0d2064ee7806fad2fb405b625dd5c61',
)
[ info ] [ PARAM ] array (
  'evaluationclass_id' => '1',
)
[ info ] [ DB ] INIT mysql
[ info ] [ RUN ] app\admin\controller\EvaluationClass->show[ D:\www\shizhi\api\app\admin\controller\EvaluationClass.php ]
[ info ] [ LOG ] INIT File	[ sql ] [ DB ] CONNECT:[ UseTime:0.024000s ] mysql:host=112.125.122.16;port=3306;dbname=jujiashizhi;charset=utf8mb4
[ sql ] [ SQL ] SHOW COLUMNS FROM `cx_system_manager` [ RunTime:0.016000s ]
[ sql ] [ SQL ] SELECT * FROM `cx_system_manager` WHERE  `token` = '3c72970bc0d2064ee7806fad2fb405b625dd5c61'  AND `id` = 1 LIMIT 1 [ RunTime:0.020000s ]
[ sql ] [ SQL ] SHOW COLUMNS FROM `cx_classify` [ RunTime:0.022000s ]
[ sql ] [ SQL ] SELECT `id`,`name`,`content`,`create_time`,`status`,`sort` FROM `cx_classify` WHERE  `id` = 1  AND `is_del` = 1 LIMIT 1 [ RunTime:0.015000s ]
[2022-07-26 09:39:47.637] 127.0.0.1 POST www.shizhi.com/admin/evaluation_class/show	[runtime=2.081000s] [reqs=0.48req/s] [memory=3,491.02kb] [file=64]	[ info ] [ LANG ] D:\www\shizhi\api\thinkphp\lang\zh-cn.php
[ info ] [ ROUTE ] array (
  'type' => 'module',
  'module' => 
  array (
    0 => 'admin',
    1 => 'evaluation_class',
    2 => 'show',
  ),
)
[ info ] [ HEADER ] array (
  'content-length' => '174',
  'content-type' => 'multipart/form-data; boundary=--------------------------994825528156739221604024',
  'connection' => 'keep-alive',
  'accept-encoding' => 'gzip, deflate, br',
  'host' => 'www.shizhi.com',
  'accept' => '*/*',
  'user-agent' => 'apifox/1.0.0 (https://www.apifox.cn)',
  'usertoken' => 'MDAwMDAwMDAwMIGEbXY',
  'token' => '3c72970bc0d2064ee7806fad2fb405b625dd5c61',
)
[ info ] [ PARAM ] array (
  'evaluationclass_id' => '4',
)
[ info ] [ DB ] INIT mysql
[ info ] [ RUN ] app\admin\controller\EvaluationClass->show[ D:\www\shizhi\api\app\admin\controller\EvaluationClass.php ]
[ info ] [ LOG ] INIT File	[ sql ] [ DB ] CONNECT:[ UseTime:1.976000s ] mysql:host=112.125.122.16;port=3306;dbname=jujiashizhi;charset=utf8mb4
[ sql ] [ SQL ] SHOW COLUMNS FROM `cx_system_manager` [ RunTime:0.021000s ]
[ sql ] [ SQL ] SELECT * FROM `cx_system_manager` WHERE  `token` = '3c72970bc0d2064ee7806fad2fb405b625dd5c61'  AND `id` = 1 LIMIT 1 [ RunTime:0.021000s ]
[ sql ] [ SQL ] SHOW COLUMNS FROM `cx_classify` [ RunTime:0.016000s ]
[ sql ] [ SQL ] SELECT `id`,`name`,`content`,`create_time`,`status`,`sort` FROM `cx_classify` WHERE  `id` = 4  AND `is_del` = 1 LIMIT 1 [ RunTime:0.016000s ]
[2022-07-26 09:39:52.519] 127.0.0.1 POST www.shizhi.com/admin/evaluation_class/show	[runtime=0.146000s] [reqs=6.85req/s] [memory=3,496.71kb] [file=64]	[ info ] [ LANG ] D:\www\shizhi\api\thinkphp\lang\zh-cn.php
[ info ] [ ROUTE ] array (
  'type' => 'module',
  'module' => 
  array (
    0 => 'admin',
    1 => 'evaluation_class',
    2 => 'show',
  ),
)
[ info ] [ HEADER ] array (
  'content-length' => '174',
  'content-type' => 'multipart/form-data; boundary=--------------------------911291788580735010200538',
  'connection' => 'keep-alive',
  'accept-encoding' => 'gzip, deflate, br',
  'host' => 'www.shizhi.com',
  'accept' => '*/*',
  'user-agent' => 'apifox/1.0.0 (https://www.apifox.cn)',
  'usertoken' => 'MDAwMDAwMDAwMIGEbXY',
  'token' => '3c72970bc0d2064ee7806fad2fb405b625dd5c61',
)
[ info ] [ PARAM ] array (
  'evaluationclass_id' => '3',
)
[ info ] [ DB ] INIT mysql
[ info ] [ RUN ] app\admin\controller\EvaluationClass->show[ D:\www\shizhi\api\app\admin\controller\EvaluationClass.php ]
[ info ] [ LOG ] INIT File	[ sql ] [ DB ] CONNECT:[ UseTime:0.034000s ] mysql:host=112.125.122.16;port=3306;dbname=jujiashizhi;charset=utf8mb4
[ sql ] [ SQL ] SHOW COLUMNS FROM `cx_system_manager` [ RunTime:0.025000s ]
[ sql ] [ SQL ] SELECT * FROM `cx_system_manager` WHERE  `token` = '3c72970bc0d2064ee7806fad2fb405b625dd5c61'  AND `id` = 1 LIMIT 1 [ RunTime:0.017000s ]
[ sql ] [ SQL ] SHOW COLUMNS FROM `cx_classify` [ RunTime:0.018000s ]
[ sql ] [ SQL ] SELECT `id`,`name`,`content`,`create_time`,`status`,`sort` FROM `cx_classify` WHERE  `id` = 3  AND `is_del` = 1 LIMIT 1 [ RunTime:0.022000s ]
[2022-07-26 09:47:59.283] 127.0.0.1 POST www.shizhi.com/admin/evaluation_class/getlist	[runtime=0.142000s] [reqs=7.04req/s] [memory=3,507.91kb] [file=64]	[ info ] [ LANG ] D:\www\shizhi\api\thinkphp\lang\zh-cn.php
[ info ] [ ROUTE ] array (
  'type' => 'module',
  'module' => 
  array (
    0 => 'admin',
    1 => 'evaluation_class',
    2 => 'getlist',
  ),
)
[ info ] [ HEADER ] array (
  'content-length' => '0',
  'connection' => 'keep-alive',
  'accept-encoding' => 'gzip, deflate, br',
  'host' => 'www.shizhi.com',
  'accept' => '*/*',
  'user-agent' => 'apifox/1.0.0 (https://www.apifox.cn)',
  'usertoken' => 'MDAwMDAwMDAwMIGEbXY',
  'token' => '3c72970bc0d2064ee7806fad2fb405b625dd5c61',
  'content-type' => '',
)
[ info ] [ PARAM ] array (
)
[ info ] [ DB ] INIT mysql
[ info ] [ RUN ] app\admin\controller\EvaluationClass->getList[ D:\www\shizhi\api\app\admin\controller\EvaluationClass.php ]
[ info ] [ LOG ] INIT File	[ sql ] [ DB ] CONNECT:[ UseTime:0.030000s ] mysql:host=112.125.122.16;port=3306;dbname=jujiashizhi;charset=utf8mb4
[ sql ] [ SQL ] SHOW COLUMNS FROM `cx_system_manager` [ RunTime:0.024000s ]
[ sql ] [ SQL ] SELECT * FROM `cx_system_manager` WHERE  `token` = '3c72970bc0d2064ee7806fad2fb405b625dd5c61'  AND `id` = 1 LIMIT 1 [ RunTime:0.018000s ]
[ sql ] [ SQL ] SHOW COLUMNS FROM `cx_classify` [ RunTime:0.017000s ]
[ sql ] [ SQL ] SELECT `id`,`name`,`content`,`sort`,`status`,`create_time` FROM `cx_classify` WHERE  `is_del` = 1 ORDER BY `sort` DESC,`create_time` DESC [ RunTime:0.017000s ]
[2022-07-26 09:48:33.3] 127.0.0.1 POST www.shizhi.com/admin/evaluation_class/getlist	[runtime=0.125000s] [reqs=8.00req/s] [memory=3,493.80kb] [file=64]	[ info ] [ LANG ] D:\www\shizhi\api\thinkphp\lang\zh-cn.php
[ info ] [ ROUTE ] array (
  'type' => 'module',
  'module' => 
  array (
    0 => 'admin',
    1 => 'evaluation_class',
    2 => 'getlist',
  ),
)
[ info ] [ HEADER ] array (
  'content-length' => '0',
  'connection' => 'keep-alive',
  'accept-encoding' => 'gzip, deflate, br',
  'host' => 'www.shizhi.com',
  'accept' => '*/*',
  'user-agent' => 'apifox/1.0.0 (https://www.apifox.cn)',
  'usertoken' => 'MDAwMDAwMDAwMIGEbXY',
  'token' => '3c72970bc0d2064ee7806fad2fb405b625dd5c61',
  'content-type' => '',
)
[ info ] [ PARAM ] array (
)
[ info ] [ DB ] INIT mysql
[ info ] [ RUN ] app\admin\controller\EvaluationClass->getList[ D:\www\shizhi\api\app\admin\controller\EvaluationClass.php ]
[ info ] [ LOG ] INIT File	[ sql ] [ DB ] CONNECT:[ UseTime:0.027000s ] mysql:host=112.125.122.16;port=3306;dbname=jujiashizhi;charset=utf8mb4
[ sql ] [ SQL ] SHOW COLUMNS FROM `cx_system_manager` [ RunTime:0.019000s ]
[ sql ] [ SQL ] SELECT * FROM `cx_system_manager` WHERE  `token` = '3c72970bc0d2064ee7806fad2fb405b625dd5c61'  AND `id` = 1 LIMIT 1 [ RunTime:0.020000s ]
[ sql ] [ SQL ] SHOW COLUMNS FROM `cx_classify` [ RunTime:0.014000s ]
[ sql ] [ SQL ] SELECT `id`,`name`,`content`,`sort`,`status`,`create_time` FROM `cx_classify` WHERE  `is_del` = 0 ORDER BY `sort` DESC,`create_time` DESC [ RunTime:0.016000s ]
[2022-07-26 09:50:11.477] 127.0.0.1 POST www.shizhi.com/admin/evaluation_class/getlist	[runtime=0.148000s] [reqs=6.76req/s] [memory=3,513.20kb] [file=64]	[ info ] [ LANG ] D:\www\shizhi\api\thinkphp\lang\zh-cn.php
[ info ] [ ROUTE ] array (
  'type' => 'module',
  'module' => 
  array (
    0 => 'admin',
    1 => 'evaluation_class',
    2 => 'getlist',
  ),
)
[ info ] [ HEADER ] array (
  'content-length' => '0',
  'connection' => 'keep-alive',
  'accept-encoding' => 'gzip, deflate, br',
  'host' => 'www.shizhi.com',
  'accept' => '*/*',
  'user-agent' => 'apifox/1.0.0 (https://www.apifox.cn)',
  'usertoken' => 'MDAwMDAwMDAwMIGEbXY',
  'token' => '3c72970bc0d2064ee7806fad2fb405b625dd5c61',
  'content-type' => '',
)
[ info ] [ PARAM ] array (
)
[ info ] [ DB ] INIT mysql
[ info ] [ RUN ] app\admin\controller\EvaluationClass->getList[ D:\www\shizhi\api\app\admin\controller\EvaluationClass.php ]
[ info ] [ LOG ] INIT File	[ sql ] [ DB ] CONNECT:[ UseTime:0.033000s ] mysql:host=112.125.122.16;port=3306;dbname=jujiashizhi;charset=utf8mb4
[ sql ] [ SQL ] SHOW COLUMNS FROM `cx_system_manager` [ RunTime:0.018000s ]
[ sql ] [ SQL ] SELECT * FROM `cx_system_manager` WHERE  `token` = '3c72970bc0d2064ee7806fad2fb405b625dd5c61'  AND `id` = 1 LIMIT 1 [ RunTime:0.022000s ]
[ sql ] [ SQL ] SHOW COLUMNS FROM `cx_classify` [ RunTime:0.019000s ]
[ sql ] [ SQL ] SELECT `id`,`name`,`content`,`sort`,`status`,`create_time` FROM `cx_classify` WHERE  `status` = 1  AND `is_del` = 1 ORDER BY `sort` DESC,`create_time` DESC [ RunTime:0.019000s ]
[2022-07-26 09:51:11.370] 127.0.0.1 POST www.shizhi.com/admin/evaluation_class/getlist	[runtime=0.303000s] [reqs=3.30req/s] [memory=3,513.20kb] [file=64]	[ info ] [ LANG ] D:\www\shizhi\api\thinkphp\lang\zh-cn.php
[ info ] [ ROUTE ] array (
  'type' => 'module',
  'module' => 
  array (
    0 => 'admin',
    1 => 'evaluation_class',
    2 => 'getlist',
  ),
)
[ info ] [ HEADER ] array (
  'content-length' => '0',
  'connection' => 'keep-alive',
  'accept-encoding' => 'gzip, deflate, br',
  'host' => 'www.shizhi.com',
  'accept' => '*/*',
  'user-agent' => 'apifox/1.0.0 (https://www.apifox.cn)',
  'usertoken' => 'MDAwMDAwMDAwMIGEbXY',
  'token' => '3c72970bc0d2064ee7806fad2fb405b625dd5c61',
  'content-type' => '',
)
[ info ] [ PARAM ] array (
)
[ info ] [ DB ] INIT mysql
[ info ] [ RUN ] app\admin\controller\EvaluationClass->getList[ D:\www\shizhi\api\app\admin\controller\EvaluationClass.php ]
[ info ] [ LOG ] INIT File	[ sql ] [ DB ] CONNECT:[ UseTime:0.067000s ] mysql:host=112.125.122.16;port=3306;dbname=jujiashizhi;charset=utf8mb4
[ sql ] [ SQL ] SHOW COLUMNS FROM `cx_system_manager` [ RunTime:0.053000s ]
[ sql ] [ SQL ] SELECT * FROM `cx_system_manager` WHERE  `token` = '3c72970bc0d2064ee7806fad2fb405b625dd5c61'  AND `id` = 1 LIMIT 1 [ RunTime:0.058000s ]
[ sql ] [ SQL ] SHOW COLUMNS FROM `cx_classify` [ RunTime:0.061000s ]
[ sql ] [ SQL ] SELECT `id`,`name`,`content`,`sort`,`status`,`create_time` FROM `cx_classify` WHERE  `status` = 1  AND `is_del` = 1 ORDER BY `sort` DESC,`create_time` DESC [ RunTime:0.037000s ]
[2022-07-26 10:49:37.808] 127.0.0.1 POST www.shizhi.com/admin/evaluation_capability/save	[runtime=7.284000s] [reqs=0.14req/s] [memory=3,686.55kb] [file=71]	[ info ] [ LANG ] D:\www\shizhi\api\thinkphp\lang\zh-cn.php
[ info ] [ ROUTE ] array (
  'type' => 'module',
  'module' => 
  array (
    0 => 'admin',
    1 => 'evaluation_capability',
    2 => 'save',
  ),
)
[ info ] [ HEADER ] array (
  'content-length' => '1653',
  'content-type' => 'multipart/form-data; boundary=--------------------------989141646743982406550372',
  'connection' => 'keep-alive',
  'accept-encoding' => 'gzip, deflate, br',
  'host' => 'www.shizhi.com',
  'accept' => '*/*',
  'user-agent' => 'apifox/1.0.0 (https://www.apifox.cn)',
  'usertoken' => 'MDAwMDAwMDAwMIGEbXY',
  'token' => '3c72970bc0d2064ee7806fad2fb405b625dd5c61',
)
[ info ] [ PARAM ] array (
  'evaluation_capability_id' => '',
  'evaluationclass_id' => '1',
  'type' => '2',
  'name' => '吃饭',
  'sn' => '1',
  'picture' => '图片',
  'status' => '1',
  'sort' => '0',
  'option' => 
  array (
    0 => 
    array (
      '\'sn\'' => '1',
      '\'name\'' => '无 ',
      '\'picture\'' => '选项图片',
      '\'type\'' => '2',
      '\'status\'' => '1',
      '\'sort\'' => '0',
    ),
  ),
)
[ info ] [ DB ] INIT mysql
[ info ] [ RUN ] app\admin\controller\EvaluationCapability->save[ D:\www\shizhi\api\app\admin\controller\EvaluationCapability.php ]
[ info ] [ LOG ] INIT File	[ sql ] [ DB ] CONNECT:[ UseTime:3.082000s ] mysql:host=112.125.122.16;port=3306;dbname=jujiashizhi;charset=utf8mb4
[ sql ] [ SQL ] SHOW COLUMNS FROM `cx_system_manager` [ RunTime:2.761000s ]
[ sql ] [ SQL ] SELECT * FROM `cx_system_manager` WHERE  `token` = '3c72970bc0d2064ee7806fad2fb405b625dd5c61'  AND `id` = 1 LIMIT 1 [ RunTime:1.395000s ]	[ error ] [8]未定义数组索引: sn[D:\www\shizhi\api\app\admin\controller\EvaluationCapability.php:69]
[2022-07-26 10:50:27.48] 127.0.0.1 POST www.shizhi.com/admin/evaluation_capability/save	[runtime=9.557000s] [reqs=0.10req/s] [memory=3,686.50kb] [file=71]	[ info ] [ LANG ] D:\www\shizhi\api\thinkphp\lang\zh-cn.php
[ info ] [ ROUTE ] array (
  'type' => 'module',
  'module' => 
  array (
    0 => 'admin',
    1 => 'evaluation_capability',
    2 => 'save',
  ),
)
[ info ] [ HEADER ] array (
  'content-length' => '1653',
  'content-type' => 'multipart/form-data; boundary=--------------------------356984962833321753470983',
  'connection' => 'keep-alive',
  'accept-encoding' => 'gzip, deflate, br',
  'host' => 'www.shizhi.com',
  'accept' => '*/*',
  'user-agent' => 'apifox/1.0.0 (https://www.apifox.cn)',
  'usertoken' => 'MDAwMDAwMDAwMIGEbXY',
  'token' => '3c72970bc0d2064ee7806fad2fb405b625dd5c61',
)
[ info ] [ PARAM ] array (
  'evaluation_capability_id' => '',
  'evaluationclass_id' => '1',
  'type' => '2',
  'name' => '吃饭',
  'sn' => '1',
  'picture' => '图片',
  'status' => '1',
  'sort' => '0',
  'option' => 
  array (
    0 => 
    array (
      '\'sn\'' => '1',
      '\'name\'' => '无 ',
      '\'picture\'' => '选项图片',
      '\'type\'' => '2',
      '\'status\'' => '1',
      '\'sort\'' => '0',
    ),
  ),
)
[ info ] [ DB ] INIT mysql
[ info ] [ RUN ] app\admin\controller\EvaluationCapability->save[ D:\www\shizhi\api\app\admin\controller\EvaluationCapability.php ]
[ info ] [ LOG ] INIT File	[ sql ] [ DB ] CONNECT:[ UseTime:6.940000s ] mysql:host=112.125.122.16;port=3306;dbname=jujiashizhi;charset=utf8mb4
[ sql ] [ SQL ] SHOW COLUMNS FROM `cx_system_manager` [ RunTime:1.177000s ]
[ sql ] [ SQL ] SELECT * FROM `cx_system_manager` WHERE  `token` = '3c72970bc0d2064ee7806fad2fb405b625dd5c61'  AND `id` = 1 LIMIT 1 [ RunTime:1.397000s ]	[ error ] [8]未定义数组索引: sn[D:\www\shizhi\api\app\admin\controller\EvaluationCapability.php:69]
[2022-07-26 10:51:23.879] 127.0.0.1 POST www.shizhi.com/admin/evaluation_capability/save	[runtime=13.600000s] [reqs=0.07req/s] [memory=3,686.55kb] [file=71]	[ info ] [ LANG ] D:\www\shizhi\api\thinkphp\lang\zh-cn.php
[ info ] [ ROUTE ] array (
  'type' => 'module',
  'module' => 
  array (
    0 => 'admin',
    1 => 'evaluation_capability',
    2 => 'save',
  ),
)
[ info ] [ HEADER ] array (
  'content-length' => '1653',
  'content-type' => 'multipart/form-data; boundary=--------------------------566811482960488372183398',
  'connection' => 'keep-alive',
  'accept-encoding' => 'gzip, deflate, br',
  'host' => 'www.shizhi.com',
  'accept' => '*/*',
  'user-agent' => 'apifox/1.0.0 (https://www.apifox.cn)',
  'usertoken' => 'MDAwMDAwMDAwMIGEbXY',
  'token' => '3c72970bc0d2064ee7806fad2fb405b625dd5c61',
)
[ info ] [ PARAM ] array (
  'evaluation_capability_id' => '',
  'evaluationclass_id' => '1',
  'type' => '2',
  'name' => '吃饭',
  'sn' => '1',
  'picture' => '图片',
  'status' => '1',
  'sort' => '0',
  'option' => 
  array (
    0 => 
    array (
      '\'sn\'' => '1',
      '\'name\'' => '无 ',
      '\'picture\'' => '选项图片',
      '\'type\'' => '2',
      '\'status\'' => '1',
      '\'sort\'' => '0',
    ),
  ),
)
[ info ] [ DB ] INIT mysql
[ info ] [ RUN ] app\admin\controller\EvaluationCapability->save[ D:\www\shizhi\api\app\admin\controller\EvaluationCapability.php ]
[ info ] [ LOG ] INIT File	[ sql ] [ DB ] CONNECT:[ UseTime:4.278000s ] mysql:host=112.125.122.16;port=3306;dbname=jujiashizhi;charset=utf8mb4
[ sql ] [ SQL ] SHOW COLUMNS FROM `cx_system_manager` [ RunTime:1.564000s ]
[ sql ] [ SQL ] SELECT * FROM `cx_system_manager` WHERE  `token` = '3c72970bc0d2064ee7806fad2fb405b625dd5c61'  AND `id` = 1 LIMIT 1 [ RunTime:7.725000s ]	[ error ] [8]未定义数组索引: sn[D:\www\shizhi\api\app\admin\controller\EvaluationCapability.php:69]
[2022-07-26 10:52:39.61] 127.0.0.1 POST www.shizhi.com/admin/evaluation_capability/save	[runtime=5.029000s] [reqs=0.20req/s] [memory=3,503.41kb] [file=64]	[ info ] [ LANG ] D:\www\shizhi\api\thinkphp\lang\zh-cn.php
[ info ] [ ROUTE ] array (
  'type' => 'module',
  'module' => 
  array (
    0 => 'admin',
    1 => 'evaluation_capability',
    2 => 'save',
  ),
)
[ info ] [ HEADER ] array (
  'content-length' => '1653',
  'content-type' => 'multipart/form-data; boundary=--------------------------307019076286022117616848',
  'connection' => 'keep-alive',
  'accept-encoding' => 'gzip, deflate, br',
  'host' => 'www.shizhi.com',
  'accept' => '*/*',
  'user-agent' => 'apifox/1.0.0 (https://www.apifox.cn)',
  'usertoken' => 'MDAwMDAwMDAwMIGEbXY',
  'token' => '3c72970bc0d2064ee7806fad2fb405b625dd5c61',
)
[ info ] [ PARAM ] array (
  'evaluation_capability_id' => '',
  'evaluationclass_id' => '1',
  'type' => '2',
  'name' => '吃饭',
  'sn' => '1',
  'picture' => '图片',
  'status' => '1',
  'sort' => '0',
  'option' => 
  array (
    0 => 
    array (
      '\'sn\'' => '1',
      '\'name\'' => '无 ',
      '\'picture\'' => '选项图片',
      '\'type\'' => '2',
      '\'status\'' => '1',
      '\'sort\'' => '0',
    ),
  ),
)
[ info ] [ DB ] INIT mysql
[ info ] [ RUN ] app\admin\controller\EvaluationCapability->save[ D:\www\shizhi\api\app\admin\controller\EvaluationCapability.php ]
[ info ] [ LOG ] INIT File	[ sql ] [ DB ] CONNECT:[ UseTime:2.433000s ] mysql:host=112.125.122.16;port=3306;dbname=jujiashizhi;charset=utf8mb4
[ sql ] [ SQL ] SHOW COLUMNS FROM `cx_system_manager` [ RunTime:1.198000s ]
[ sql ] [ SQL ] SELECT * FROM `cx_system_manager` WHERE  `token` = '3c72970bc0d2064ee7806fad2fb405b625dd5c61'  AND `id` = 1 LIMIT 1 [ RunTime:1.362000s ]
[2022-07-26 10:53:25.510] 127.0.0.1 POST www.shizhi.com/admin/evaluation_capability/save	[runtime=2.230000s] [reqs=0.45req/s] [memory=3,503.41kb] [file=64]	[ info ] [ LANG ] D:\www\shizhi\api\thinkphp\lang\zh-cn.php
[ info ] [ ROUTE ] array (
  'type' => 'module',
  'module' => 
  array (
    0 => 'admin',
    1 => 'evaluation_capability',
    2 => 'save',
  ),
)
[ info ] [ HEADER ] array (
  'content-length' => '1653',
  'content-type' => 'multipart/form-data; boundary=--------------------------349131382334982817284278',
  'connection' => 'keep-alive',
  'accept-encoding' => 'gzip, deflate, br',
  'host' => 'www.shizhi.com',
  'accept' => '*/*',
  'user-agent' => 'apifox/1.0.0 (https://www.apifox.cn)',
  'usertoken' => 'MDAwMDAwMDAwMIGEbXY',
  'token' => '3c72970bc0d2064ee7806fad2fb405b625dd5c61',
)
[ info ] [ PARAM ] array (
  'evaluation_capability_id' => '',
  'evaluationclass_id' => '1',
  'type' => '2',
  'name' => '吃饭',
  'sn' => '1',
  'picture' => '图片',
  'status' => '1',
  'sort' => '0',
  'option' => 
  array (
    0 => 
    array (
      '\'sn\'' => '1',
      '\'name\'' => '无 ',
      '\'picture\'' => '选项图片',
      '\'type\'' => '2',
      '\'status\'' => '1',
      '\'sort\'' => '0',
    ),
  ),
)
[ info ] [ DB ] INIT mysql
[ info ] [ RUN ] app\admin\controller\EvaluationCapability->save[ D:\www\shizhi\api\app\admin\controller\EvaluationCapability.php ]
[ info ] [ LOG ] INIT File	[ sql ] [ DB ] CONNECT:[ UseTime:1.639000s ] mysql:host=112.125.122.16;port=3306;dbname=jujiashizhi;charset=utf8mb4
[ sql ] [ SQL ] SHOW COLUMNS FROM `cx_system_manager` [ RunTime:0.207000s ]
[ sql ] [ SQL ] SELECT * FROM `cx_system_manager` WHERE  `token` = '3c72970bc0d2064ee7806fad2fb405b625dd5c61'  AND `id` = 1 LIMIT 1 [ RunTime:0.354000s ]
[2022-07-26 10:53:45.988] 127.0.0.1 POST www.shizhi.com/admin/evaluation_capability/save	[runtime=4.728000s] [reqs=0.21req/s] [memory=3,689.11kb] [file=71]	[ info ] [ LANG ] D:\www\shizhi\api\thinkphp\lang\zh-cn.php
[ info ] [ ROUTE ] array (
  'type' => 'module',
  'module' => 
  array (
    0 => 'admin',
    1 => 'evaluation_capability',
    2 => 'save',
  ),
)
[ info ] [ HEADER ] array (
  'content-length' => '1653',
  'content-type' => 'multipart/form-data; boundary=--------------------------372846388534717705690829',
  'connection' => 'keep-alive',
  'accept-encoding' => 'gzip, deflate, br',
  'host' => 'www.shizhi.com',
  'accept' => '*/*',
  'user-agent' => 'apifox/1.0.0 (https://www.apifox.cn)',
  'usertoken' => 'MDAwMDAwMDAwMIGEbXY',
  'token' => '3c72970bc0d2064ee7806fad2fb405b625dd5c61',
)
[ info ] [ PARAM ] array (
  'evaluation_capability_id' => '',
  'evaluationclass_id' => '1',
  'type' => '2',
  'name' => '吃饭',
  'sn' => '1',
  'picture' => '图片',
  'status' => '1',
  'sort' => '0',
  'option' => 
  array (
    0 => 
    array (
      '\'sn\'' => '1',
      '\'name\'' => '无 ',
      '\'picture\'' => '选项图片',
      '\'type\'' => '2',
      '\'status\'' => '1',
      '\'sort\'' => '0',
    ),
  ),
)
[ info ] [ DB ] INIT mysql
[ info ] [ RUN ] app\admin\controller\EvaluationCapability->save[ D:\www\shizhi\api\app\admin\controller\EvaluationCapability.php ]
[ info ] [ LOG ] INIT File	[ sql ] [ DB ] CONNECT:[ UseTime:3.391000s ] mysql:host=112.125.122.16;port=3306;dbname=jujiashizhi;charset=utf8mb4
[ sql ] [ SQL ] SHOW COLUMNS FROM `cx_system_manager` [ RunTime:0.849000s ]
[ sql ] [ SQL ] SELECT * FROM `cx_system_manager` WHERE  `token` = '3c72970bc0d2064ee7806fad2fb405b625dd5c61'  AND `id` = 1 LIMIT 1 [ RunTime:0.419000s ]	[ error ] [8]Array to string conversion[D:\www\shizhi\api\app\admin\controller\EvaluationCapability.php:68]
[2022-07-26 10:54:36.518] 127.0.0.1 POST www.shizhi.com/admin/evaluation_capability/save	[runtime=2.252000s] [reqs=0.44req/s] [memory=3,504.31kb] [file=64]	[ info ] [ LANG ] D:\www\shizhi\api\thinkphp\lang\zh-cn.php
[ info ] [ ROUTE ] array (
  'type' => 'module',
  'module' => 
  array (
    0 => 'admin',
    1 => 'evaluation_capability',
    2 => 'save',
  ),
)
[ info ] [ HEADER ] array (
  'content-length' => '1653',
  'content-type' => 'multipart/form-data; boundary=--------------------------945494427075222234638467',
  'connection' => 'keep-alive',
  'accept-encoding' => 'gzip, deflate, br',
  'host' => 'www.shizhi.com',
  'accept' => '*/*',
  'user-agent' => 'apifox/1.0.0 (https://www.apifox.cn)',
  'usertoken' => 'MDAwMDAwMDAwMIGEbXY',
  'token' => '3c72970bc0d2064ee7806fad2fb405b625dd5c61',
)
[ info ] [ PARAM ] array (
  'evaluation_capability_id' => '',
  'evaluationclass_id' => '1',
  'type' => '2',
  'name' => '吃饭',
  'sn' => '1',
  'picture' => '图片',
  'status' => '1',
  'sort' => '0',
  'option' => 
  array (
    0 => 
    array (
      '\'sn\'' => '1',
      '\'name\'' => '无 ',
      '\'picture\'' => '选项图片',
      '\'type\'' => '2',
      '\'status\'' => '1',
      '\'sort\'' => '0',
    ),
  ),
)
[ info ] [ DB ] INIT mysql
[ info ] [ RUN ] app\admin\controller\EvaluationCapability->save[ D:\www\shizhi\api\app\admin\controller\EvaluationCapability.php ]
[ info ] [ LOG ] INIT File	[ sql ] [ DB ] CONNECT:[ UseTime:1.281000s ] mysql:host=112.125.122.16;port=3306;dbname=jujiashizhi;charset=utf8mb4
[ sql ] [ SQL ] SHOW COLUMNS FROM `cx_system_manager` [ RunTime:0.537000s ]
[ sql ] [ SQL ] SELECT * FROM `cx_system_manager` WHERE  `token` = '3c72970bc0d2064ee7806fad2fb405b625dd5c61'  AND `id` = 1 LIMIT 1 [ RunTime:0.406000s ]
[2022-07-26 10:55:38.63] 127.0.0.1 POST www.shizhi.com/admin/evaluation_capability/save	[runtime=13.772000s] [reqs=0.07req/s] [memory=3,504.31kb] [file=64]	[ info ] [ LANG ] D:\www\shizhi\api\thinkphp\lang\zh-cn.php
[ info ] [ ROUTE ] array (
  'type' => 'module',
  'module' => 
  array (
    0 => 'admin',
    1 => 'evaluation_capability',
    2 => 'save',
  ),
)
[ info ] [ HEADER ] array (
  'content-length' => '1653',
  'content-type' => 'multipart/form-data; boundary=--------------------------807127074290679968977248',
  'connection' => 'keep-alive',
  'accept-encoding' => 'gzip, deflate, br',
  'host' => 'www.shizhi.com',
  'accept' => '*/*',
  'user-agent' => 'apifox/1.0.0 (https://www.apifox.cn)',
  'usertoken' => 'MDAwMDAwMDAwMIGEbXY',
  'token' => '3c72970bc0d2064ee7806fad2fb405b625dd5c61',
)
[ info ] [ PARAM ] array (
  'evaluation_capability_id' => '',
  'evaluationclass_id' => '1',
  'type' => '2',
  'name' => '吃饭',
  'sn' => '1',
  'picture' => '图片',
  'status' => '1',
  'sort' => '0',
  'option' => 
  array (
    0 => 
    array (
      '\'sn\'' => '1',
      '\'name\'' => '无 ',
      '\'picture\'' => '选项图片',
      '\'type\'' => '2',
      '\'status\'' => '1',
      '\'sort\'' => '0',
    ),
  ),
)
[ info ] [ DB ] INIT mysql
[ info ] [ RUN ] app\admin\controller\EvaluationCapability->save[ D:\www\shizhi\api\app\admin\controller\EvaluationCapability.php ]
[ info ] [ LOG ] INIT File	[ sql ] [ DB ] CONNECT:[ UseTime:2.620000s ] mysql:host=112.125.122.16;port=3306;dbname=jujiashizhi;charset=utf8mb4
[ sql ] [ SQL ] SHOW COLUMNS FROM `cx_system_manager` [ RunTime:7.367000s ]
[ sql ] [ SQL ] SELECT * FROM `cx_system_manager` WHERE  `token` = '3c72970bc0d2064ee7806fad2fb405b625dd5c61'  AND `id` = 1 LIMIT 1 [ RunTime:3.749000s ]
[2022-07-26 10:55:52.46] 127.0.0.1 POST www.shizhi.com/admin/evaluation_capability/save	[runtime=6.357000s] [reqs=0.16req/s] [memory=3,501.88kb] [file=64]	[ info ] [ LANG ] D:\www\shizhi\api\thinkphp\lang\zh-cn.php
[ info ] [ ROUTE ] array (
  'type' => 'module',
  'module' => 
  array (
    0 => 'admin',
    1 => 'evaluation_capability',
    2 => 'save',
  ),
)
[ info ] [ HEADER ] array (
  'content-length' => '1624',
  'content-type' => 'multipart/form-data; boundary=--------------------------005952009327721833414651',
  'connection' => 'keep-alive',
  'accept-encoding' => 'gzip, deflate, br',
  'host' => 'www.shizhi.com',
  'accept' => '*/*',
  'user-agent' => 'apifox/1.0.0 (https://www.apifox.cn)',
  'usertoken' => 'MDAwMDAwMDAwMIGEbXY',
  'token' => '3c72970bc0d2064ee7806fad2fb405b625dd5c61',
)
[ info ] [ PARAM ] array (
  'evaluation_capability_id' => '',
  'evaluationclass_id' => '1',
  'type' => '2',
  'name' => '吃饭',
  'sn' => '1',
  'picture' => '图片',
  'status' => '1',
  'sort' => '0',
  'option' => 
  array (
    0 => 
    array (
      'sn' => '',
      'name' => '',
      'picture' => '',
      'type' => '2',
      'status' => '1',
      'sort' => '0',
    ),
  ),
)
[ info ] [ DB ] INIT mysql
[ info ] [ RUN ] app\admin\controller\EvaluationCapability->save[ D:\www\shizhi\api\app\admin\controller\EvaluationCapability.php ]
[ info ] [ LOG ] INIT File	[ sql ] [ DB ] CONNECT:[ UseTime:4.706000s ] mysql:host=112.125.122.16;port=3306;dbname=jujiashizhi;charset=utf8mb4
[ sql ] [ SQL ] SHOW COLUMNS FROM `cx_system_manager` [ RunTime:0.510000s ]
[ sql ] [ SQL ] SELECT * FROM `cx_system_manager` WHERE  `token` = '3c72970bc0d2064ee7806fad2fb405b625dd5c61'  AND `id` = 1 LIMIT 1 [ RunTime:1.112000s ]
[2022-07-26 10:56:39.527] 127.0.0.1 POST www.shizhi.com/admin/evaluation_capability/save	[runtime=4.578000s] [reqs=0.22req/s] [memory=3,501.38kb] [file=64]	[ info ] [ LANG ] D:\www\shizhi\api\thinkphp\lang\zh-cn.php
[ info ] [ ROUTE ] array (
  'type' => 'module',
  'module' => 
  array (
    0 => 'admin',
    1 => 'evaluation_capability',
    2 => 'save',
  ),
)
[ info ] [ HEADER ] array (
  'content-length' => '1624',
  'content-type' => 'multipart/form-data; boundary=--------------------------782591922659840147974222',
  'connection' => 'keep-alive',
  'accept-encoding' => 'gzip, deflate, br',
  'host' => 'www.shizhi.com',
  'accept' => '*/*',
  'user-agent' => 'apifox/1.0.0 (https://www.apifox.cn)',
  'usertoken' => 'MDAwMDAwMDAwMIGEbXY',
  'token' => '3c72970bc0d2064ee7806fad2fb405b625dd5c61',
)
[ info ] [ PARAM ] array (
  'evaluation_capability_id' => '',
  'evaluationclass_id' => '1',
  'type' => '2',
  'name' => '吃饭',
  'sn' => '1',
  'picture' => '图片',
  'status' => '1',
  'sort' => '0',
  'option' => 
  array (
    0 => 
    array (
      'sn' => '',
      'name' => '',
      'picture' => '',
      'type' => '2',
      'status' => '1',
      'sort' => '0',
    ),
  ),
)
[ info ] [ DB ] INIT mysql
[ info ] [ RUN ] app\admin\controller\EvaluationCapability->save[ D:\www\shizhi\api\app\admin\controller\EvaluationCapability.php ]
[ info ] [ LOG ] INIT File	[ sql ] [ DB ] CONNECT:[ UseTime:3.638000s ] mysql:host=112.125.122.16;port=3306;dbname=jujiashizhi;charset=utf8mb4
[ sql ] [ SQL ] SHOW COLUMNS FROM `cx_system_manager` [ RunTime:0.344000s ]
[ sql ] [ SQL ] SELECT * FROM `cx_system_manager` WHERE  `token` = '3c72970bc0d2064ee7806fad2fb405b625dd5c61'  AND `id` = 1 LIMIT 1 [ RunTime:0.564000s ]
[2022-07-26 10:57:25.772] 127.0.0.1 POST www.shizhi.com/admin/evaluation_capability/save	[runtime=2.089000s] [reqs=0.48req/s] [memory=3,501.63kb] [file=64]	[ info ] [ LANG ] D:\www\shizhi\api\thinkphp\lang\zh-cn.php
[ info ] [ ROUTE ] array (
  'type' => 'module',
  'module' => 
  array (
    0 => 'admin',
    1 => 'evaluation_capability',
    2 => 'save',
  ),
)
[ info ] [ HEADER ] array (
  'content-length' => '1640',
  'content-type' => 'multipart/form-data; boundary=--------------------------180545260785869038991027',
  'connection' => 'keep-alive',
  'accept-encoding' => 'gzip, deflate, br',
  'host' => 'www.shizhi.com',
  'accept' => '*/*',
  'user-agent' => 'apifox/1.0.0 (https://www.apifox.cn)',
  'usertoken' => 'MDAwMDAwMDAwMIGEbXY',
  'token' => '3c72970bc0d2064ee7806fad2fb405b625dd5c61',
)
[ info ] [ PARAM ] array (
  'evaluation_capability_id' => '',
  'evaluationclass_id' => '1',
  'type' => '2',
  'name' => '吃饭',
  'sn' => '1',
  'picture' => '图片',
  'status' => '1',
  'sort' => '0',
  'option' => 
  array (
    0 => 
    array (
      'sn' => '1',
      'name' => '无',
      'picture' => '选项图片',
      'type' => '2',
      'status' => '1',
      'sort' => '0',
    ),
  ),
)
[ info ] [ DB ] INIT mysql
[ info ] [ RUN ] app\admin\controller\EvaluationCapability->save[ D:\www\shizhi\api\app\admin\controller\EvaluationCapability.php ]
[ info ] [ LOG ] INIT File	[ sql ] [ DB ] CONNECT:[ UseTime:0.645000s ] mysql:host=112.125.122.16;port=3306;dbname=jujiashizhi;charset=utf8mb4
[ sql ] [ SQL ] SHOW COLUMNS FROM `cx_system_manager` [ RunTime:0.863000s ]
[ sql ] [ SQL ] SELECT * FROM `cx_system_manager` WHERE  `token` = '3c72970bc0d2064ee7806fad2fb405b625dd5c61'  AND `id` = 1 LIMIT 1 [ RunTime:0.552000s ]
[2022-07-26 10:57:39.512] 127.0.0.1 POST www.shizhi.com/admin/evaluation_capability/save	[runtime=3.689000s] [reqs=0.27req/s] [memory=3,502.73kb] [file=64]	[ info ] [ LANG ] D:\www\shizhi\api\thinkphp\lang\zh-cn.php
[ info ] [ ROUTE ] array (
  'type' => 'module',
  'module' => 
  array (
    0 => 'admin',
    1 => 'evaluation_capability',
    2 => 'save',
  ),
)
[ info ] [ HEADER ] array (
  'content-length' => '1640',
  'content-type' => 'multipart/form-data; boundary=--------------------------711240330576815499218126',
  'connection' => 'keep-alive',
  'accept-encoding' => 'gzip, deflate, br',
  'host' => 'www.shizhi.com',
  'accept' => '*/*',
  'user-agent' => 'apifox/1.0.0 (https://www.apifox.cn)',
  'usertoken' => 'MDAwMDAwMDAwMIGEbXY',
  'token' => '3c72970bc0d2064ee7806fad2fb405b625dd5c61',
)
[ info ] [ PARAM ] array (
  'evaluation_capability_id' => '',
  'evaluationclass_id' => '1',
  'type' => '2',
  'name' => '吃饭',
  'sn' => '1',
  'picture' => '图片',
  'status' => '1',
  'sort' => '0',
  'option' => 
  array (
    0 => 
    array (
      'sn' => '1',
      'name' => '无',
      'picture' => '选项图片',
      'type' => '2',
      'status' => '1',
      'sort' => '0',
    ),
  ),
)
[ info ] [ DB ] INIT mysql
[ info ] [ RUN ] app\admin\controller\EvaluationCapability->save[ D:\www\shizhi\api\app\admin\controller\EvaluationCapability.php ]
[ info ] [ LOG ] INIT File	[ sql ] [ DB ] CONNECT:[ UseTime:2.934000s ] mysql:host=112.125.122.16;port=3306;dbname=jujiashizhi;charset=utf8mb4
[ sql ] [ SQL ] SHOW COLUMNS FROM `cx_system_manager` [ RunTime:0.513000s ]
[ sql ] [ SQL ] SELECT * FROM `cx_system_manager` WHERE  `token` = '3c72970bc0d2064ee7806fad2fb405b625dd5c61'  AND `id` = 1 LIMIT 1 [ RunTime:0.207000s ]
[2022-07-26 11:12:51.946] 127.0.0.1 POST www.shizhi.com/admin/evaluation_capability/save	[runtime=8.035000s] [reqs=0.12req/s] [memory=3,691.53kb] [file=71]	[ info ] [ LANG ] D:\www\shizhi\api\thinkphp\lang\zh-cn.php
[ info ] [ ROUTE ] array (
  'type' => 'module',
  'module' => 
  array (
    0 => 'admin',
    1 => 'evaluation_capability',
    2 => 'save',
  ),
)
[ info ] [ HEADER ] array (
  'content-length' => '1640',
  'content-type' => 'multipart/form-data; boundary=--------------------------575755739900520822351700',
  'connection' => 'keep-alive',
  'accept-encoding' => 'gzip, deflate, br',
  'host' => 'www.shizhi.com',
  'accept' => '*/*',
  'user-agent' => 'apifox/1.0.0 (https://www.apifox.cn)',
  'usertoken' => 'MDAwMDAwMDAwMIGEbXY',
  'token' => '3c72970bc0d2064ee7806fad2fb405b625dd5c61',
)
[ info ] [ PARAM ] array (
  'evaluation_capability_id' => '',
  'evaluationclass_id' => '1',
  'type' => '2',
  'name' => '吃饭',
  'sn' => '1',
  'picture' => '图片',
  'status' => '1',
  'sort' => '0',
  'option' => 
  array (
    0 => 
    array (
      'sn' => '1',
      'name' => '无',
      'picture' => '选项图片',
      'type' => '2',
      'status' => '1',
      'sort' => '0',
    ),
  ),
)
[ info ] [ DB ] INIT mysql
[ info ] [ RUN ] app\admin\controller\EvaluationCapability->save[ D:\www\shizhi\api\app\admin\controller\EvaluationCapability.php ]
[ info ] [ LOG ] INIT File	[ sql ] [ DB ] CONNECT:[ UseTime:1.207000s ] mysql:host=112.125.122.16;port=3306;dbname=jujiashizhi;charset=utf8mb4
[ sql ] [ SQL ] SHOW COLUMNS FROM `cx_system_manager` [ RunTime:0.854000s ]
[ sql ] [ SQL ] SELECT * FROM `cx_system_manager` WHERE  `token` = '3c72970bc0d2064ee7806fad2fb405b625dd5c61'  AND `id` = 1 LIMIT 1 [ RunTime:5.924000s ]	[ error ] [8]未定义数组索引: options[D:\www\shizhi\api\app\common\services\evaluationcapability\EvaluationCapabilityServices.php:77]
[2022-07-26 11:13:47.501] 127.0.0.1 POST www.shizhi.com/admin/evaluation_capability/save	[runtime=1.617000s] [reqs=0.62req/s] [memory=3,527.69kb] [file=65]	[ info ] [ LANG ] D:\www\shizhi\api\thinkphp\lang\zh-cn.php
[ info ] [ ROUTE ] array (
  'type' => 'module',
  'module' => 
  array (
    0 => 'admin',
    1 => 'evaluation_capability',
    2 => 'save',
  ),
)
[ info ] [ HEADER ] array (
  'content-length' => '1640',
  'content-type' => 'multipart/form-data; boundary=--------------------------932422389140515621952221',
  'connection' => 'keep-alive',
  'accept-encoding' => 'gzip, deflate, br',
  'host' => 'www.shizhi.com',
  'accept' => '*/*',
  'user-agent' => 'apifox/1.0.0 (https://www.apifox.cn)',
  'usertoken' => 'MDAwMDAwMDAwMIGEbXY',
  'token' => '3c72970bc0d2064ee7806fad2fb405b625dd5c61',
)
[ info ] [ PARAM ] array (
  'evaluation_capability_id' => '',
  'evaluationclass_id' => '1',
  'type' => '2',
  'name' => '吃饭',
  'sn' => '1',
  'picture' => '图片',
  'status' => '1',
  'sort' => '0',
  'option' => 
  array (
    0 => 
    array (
      'sn' => '1',
      'name' => '无',
      'picture' => '选项图片',
      'type' => '2',
      'status' => '1',
      'sort' => '0',
    ),
  ),
)
[ info ] [ DB ] INIT mysql
[ info ] [ RUN ] app\admin\controller\EvaluationCapability->save[ D:\www\shizhi\api\app\admin\controller\EvaluationCapability.php ]
[ info ] [ LOG ] INIT File	[ sql ] [ DB ] CONNECT:[ UseTime:1.289000s ] mysql:host=112.125.122.16;port=3306;dbname=jujiashizhi;charset=utf8mb4
[ sql ] [ SQL ] SHOW COLUMNS FROM `cx_system_manager` [ RunTime:0.092000s ]
[ sql ] [ SQL ] SELECT * FROM `cx_system_manager` WHERE  `token` = '3c72970bc0d2064ee7806fad2fb405b625dd5c61'  AND `id` = 1 LIMIT 1 [ RunTime:0.080000s ]
[ sql ] [ SQL ] SHOW COLUMNS FROM `cx_capability` [ RunTime:0.058000s ]
[2022-07-26 11:14:09.803] 127.0.0.1 POST www.shizhi.com/admin/evaluation_capability/save	[runtime=2.401000s] [reqs=0.42req/s] [memory=3,479.89kb] [file=64]	[ info ] [ LANG ] D:\www\shizhi\api\thinkphp\lang\zh-cn.php
[ info ] [ ROUTE ] array (
  'type' => 'module',
  'module' => 
  array (
    0 => 'admin',
    1 => 'evaluation_capability',
    2 => 'save',
  ),
)
[ info ] [ HEADER ] array (
  'content-length' => '1640',
  'content-type' => 'multipart/form-data; boundary=--------------------------326683287459732951655822',
  'connection' => 'keep-alive',
  'accept-encoding' => 'gzip, deflate, br',
  'host' => 'www.shizhi.com',
  'accept' => '*/*',
  'user-agent' => 'apifox/1.0.0 (https://www.apifox.cn)',
  'usertoken' => 'MDAwMDAwMDAwMIGEbXY',
  'token' => '3c72970bc0d2064ee7806fad2fb405b625dd5c61',
)
[ info ] [ PARAM ] array (
  'evaluation_capability_id' => '',
  'evaluationclass_id' => '1',
  'type' => '2',
  'name' => '吃饭',
  'sn' => '1',
  'picture' => '图片',
  'status' => '1',
  'sort' => '0',
  'option' => 
  array (
    0 => 
    array (
      'sn' => '1',
      'name' => '无',
      'picture' => '选项图片',
      'type' => '2',
      'status' => '1',
      'sort' => '0',
    ),
  ),
)
[ info ] [ DB ] INIT mysql
[ info ] [ RUN ] app\admin\controller\EvaluationCapability->save[ D:\www\shizhi\api\app\admin\controller\EvaluationCapability.php ]
[ info ] [ LOG ] INIT File	[ sql ] [ DB ] CONNECT:[ UseTime:0.060000s ] mysql:host=112.125.122.16;port=3306;dbname=jujiashizhi;charset=utf8mb4
[ sql ] [ SQL ] SHOW COLUMNS FROM `cx_system_manager` [ RunTime:0.026000s ]
[ sql ] [ SQL ] SELECT * FROM `cx_system_manager` WHERE  `token` = '3c72970bc0d2064ee7806fad2fb405b625dd5c61'  AND `id` = 1 LIMIT 1 [ RunTime:0.031000s ]
[ sql ] [ SQL ] SHOW COLUMNS FROM `cx_capability` [ RunTime:0.199000s ]
[ sql ] [ SQL ] INSERT INTO `cx_capability` (`type` , `classify_id` , `name` , `sn` , `picture` , `sort` , `status` , `create_time`) VALUES (2 , 1 , '吃饭' , '1' , '图片' , 0 , 1 , 1658805247) [ RunTime:1.109000s ]
[ sql ] [ SQL ] INSERT INTO `cx_capability` (`sn` , `name` , `picture` , `type` , `sort`) VALUES ( '1','无','选项图片','2',0 ) [ RunTime:0.487000s ]
[2022-07-26 11:15:54.84] 127.0.0.1 POST www.shizhi.com/admin/evaluation_capability/save	[runtime=0.389000s] [reqs=2.57req/s] [memory=3,479.89kb] [file=64]	[ info ] [ LANG ] D:\www\shizhi\api\thinkphp\lang\zh-cn.php
[ info ] [ ROUTE ] array (
  'type' => 'module',
  'module' => 
  array (
    0 => 'admin',
    1 => 'evaluation_capability',
    2 => 'save',
  ),
)
[ info ] [ HEADER ] array (
  'content-length' => '1640',
  'content-type' => 'multipart/form-data; boundary=--------------------------263750732360819431163928',
  'connection' => 'keep-alive',
  'accept-encoding' => 'gzip, deflate, br',
  'host' => 'www.shizhi.com',
  'accept' => '*/*',
  'user-agent' => 'apifox/1.0.0 (https://www.apifox.cn)',
  'usertoken' => 'MDAwMDAwMDAwMIGEbXY',
  'token' => '3c72970bc0d2064ee7806fad2fb405b625dd5c61',
)
[ info ] [ PARAM ] array (
  'evaluation_capability_id' => '',
  'evaluationclass_id' => '1',
  'type' => '2',
  'name' => '吃饭',
  'sn' => '1',
  'picture' => '图片',
  'status' => '1',
  'sort' => '0',
  'option' => 
  array (
    0 => 
    array (
      'sn' => '1',
      'name' => '无',
      'picture' => '选项图片',
      'type' => '2',
      'status' => '1',
      'sort' => '0',
    ),
  ),
)
[ info ] [ DB ] INIT mysql
[ info ] [ RUN ] app\admin\controller\EvaluationCapability->save[ D:\www\shizhi\api\app\admin\controller\EvaluationCapability.php ]
[ info ] [ LOG ] INIT File	[ sql ] [ DB ] CONNECT:[ UseTime:0.076000s ] mysql:host=112.125.122.16;port=3306;dbname=jujiashizhi;charset=utf8mb4
[ sql ] [ SQL ] SHOW COLUMNS FROM `cx_system_manager` [ RunTime:0.041000s ]
[ sql ] [ SQL ] SELECT * FROM `cx_system_manager` WHERE  `token` = '3c72970bc0d2064ee7806fad2fb405b625dd5c61'  AND `id` = 1 LIMIT 1 [ RunTime:0.029000s ]
[ sql ] [ SQL ] SHOW COLUMNS FROM `cx_capability` [ RunTime:0.109000s ]
[ sql ] [ SQL ] INSERT INTO `cx_capability` (`type` , `classify_id` , `name` , `sn` , `picture` , `sort` , `status` , `create_time`) VALUES (2 , 1 , '吃饭' , '1' , '图片' , 0 , 1 , 1658805353) [ RunTime:0.024000s ]
[ sql ] [ SQL ] INSERT INTO `cx_capability` (`sn` , `name` , `picture` , `type` , `sort`) VALUES ( '1','无','选项图片','2',0 ) [ RunTime:0.029000s ]
[2022-07-26 11:20:09.648] 127.0.0.1 POST www.shizhi.com/admin/evaluation_capability/save	[runtime=2.039000s] [reqs=0.49req/s] [memory=3,507.38kb] [file=65]	[ info ] [ LANG ] D:\www\shizhi\api\thinkphp\lang\zh-cn.php
[ info ] [ ROUTE ] array (
  'type' => 'module',
  'module' => 
  array (
    0 => 'admin',
    1 => 'evaluation_capability',
    2 => 'save',
  ),
)
[ info ] [ HEADER ] array (
  'content-length' => '1640',
  'content-type' => 'multipart/form-data; boundary=--------------------------715090786916955224907812',
  'connection' => 'keep-alive',
  'accept-encoding' => 'gzip, deflate, br',
  'host' => 'www.shizhi.com',
  'accept' => '*/*',
  'user-agent' => 'apifox/1.0.0 (https://www.apifox.cn)',
  'usertoken' => 'MDAwMDAwMDAwMIGEbXY',
  'token' => '3c72970bc0d2064ee7806fad2fb405b625dd5c61',
)
[ info ] [ PARAM ] array (
  'evaluation_capability_id' => '',
  'evaluationclass_id' => '1',
  'type' => '2',
  'name' => '吃饭',
  'sn' => '1',
  'picture' => '图片',
  'status' => '1',
  'sort' => '0',
  'option' => 
  array (
    0 => 
    array (
      'sn' => '1',
      'name' => '无',
      'picture' => '选项图片',
      'type' => '2',
      'status' => '1',
      'sort' => '0',
    ),
  ),
)
[ info ] [ DB ] INIT mysql
[ info ] [ RUN ] app\admin\controller\EvaluationCapability->save[ D:\www\shizhi\api\app\admin\controller\EvaluationCapability.php ]
[ info ] [ LOG ] INIT File	[ sql ] [ DB ] CONNECT:[ UseTime:1.528000s ] mysql:host=112.125.122.16;port=3306;dbname=jujiashizhi;charset=utf8mb4
[ sql ] [ SQL ] SHOW COLUMNS FROM `cx_system_manager` [ RunTime:0.088000s ]
[ sql ] [ SQL ] SELECT * FROM `cx_system_manager` WHERE  `token` = '3c72970bc0d2064ee7806fad2fb405b625dd5c61'  AND `id` = 1 LIMIT 1 [ RunTime:0.032000s ]
[ sql ] [ SQL ] SHOW COLUMNS FROM `cx_capability` [ RunTime:0.065000s ]
[ sql ] [ SQL ] INSERT INTO `cx_capability` (`type` , `classify_id` , `name` , `sn` , `picture` , `sort` , `status` , `create_time`) VALUES (2 , 1 , '吃饭' , '1' , '图片' , 0 , 1 , 1658805609) [ RunTime:0.075000s ]
[ sql ] [ SQL ] SHOW COLUMNS FROM `cx_capability_options` [ RunTime:0.056000s ]
[ sql ] [ SQL ] INSERT INTO `cx_capability_options` (`sn` , `name` , `picture` , `type` , `sort`) VALUES ( '1','无','选项图片','2',0 ) [ RunTime:0.097000s ]
[2022-07-26 11:20:19.351] 127.0.0.1 POST www.shizhi.com/admin/evaluation_capability/save	[runtime=0.749000s] [reqs=1.34req/s] [memory=3,507.38kb] [file=65]	[ info ] [ LANG ] D:\www\shizhi\api\thinkphp\lang\zh-cn.php
[ info ] [ ROUTE ] array (
  'type' => 'module',
  'module' => 
  array (
    0 => 'admin',
    1 => 'evaluation_capability',
    2 => 'save',
  ),
)
[ info ] [ HEADER ] array (
  'content-length' => '1640',
  'content-type' => 'multipart/form-data; boundary=--------------------------632900464258165174296180',
  'connection' => 'keep-alive',
  'accept-encoding' => 'gzip, deflate, br',
  'host' => 'www.shizhi.com',
  'accept' => '*/*',
  'user-agent' => 'apifox/1.0.0 (https://www.apifox.cn)',
  'usertoken' => 'MDAwMDAwMDAwMIGEbXY',
  'token' => '3c72970bc0d2064ee7806fad2fb405b625dd5c61',
)
[ info ] [ PARAM ] array (
  'evaluation_capability_id' => '',
  'evaluationclass_id' => '1',
  'type' => '2',
  'name' => '吃饭',
  'sn' => '1',
  'picture' => '图片',
  'status' => '1',
  'sort' => '0',
  'option' => 
  array (
    0 => 
    array (
      'sn' => '1',
      'name' => '无',
      'picture' => '选项图片',
      'type' => '2',
      'status' => '1',
      'sort' => '0',
    ),
  ),
)
[ info ] [ DB ] INIT mysql
[ info ] [ RUN ] app\admin\controller\EvaluationCapability->save[ D:\www\shizhi\api\app\admin\controller\EvaluationCapability.php ]
[ info ] [ LOG ] INIT File	[ sql ] [ DB ] CONNECT:[ UseTime:0.078000s ] mysql:host=112.125.122.16;port=3306;dbname=jujiashizhi;charset=utf8mb4
[ sql ] [ SQL ] SHOW COLUMNS FROM `cx_system_manager` [ RunTime:0.074000s ]
[ sql ] [ SQL ] SELECT * FROM `cx_system_manager` WHERE  `token` = '3c72970bc0d2064ee7806fad2fb405b625dd5c61'  AND `id` = 1 LIMIT 1 [ RunTime:0.079000s ]
[ sql ] [ SQL ] SHOW COLUMNS FROM `cx_capability` [ RunTime:0.158000s ]
[ sql ] [ SQL ] INSERT INTO `cx_capability` (`type` , `classify_id` , `name` , `sn` , `picture` , `sort` , `status` , `create_time`) VALUES (2 , 1 , '吃饭' , '1' , '图片' , 0 , 1 , 1658805618) [ RunTime:0.036000s ]
[ sql ] [ SQL ] SHOW COLUMNS FROM `cx_capability_options` [ RunTime:0.036000s ]
[ sql ] [ SQL ] INSERT INTO `cx_capability_options` (`sn` , `name` , `picture` , `type` , `sort`) VALUES ( '1','无','选项图片','2',0 ) [ RunTime:0.164000s ]
[2022-07-26 11:21:06.413] 127.0.0.1 POST www.shizhi.com/admin/evaluation_capability/save	[runtime=0.485000s] [reqs=2.06req/s] [memory=3,507.38kb] [file=65]	[ info ] [ LANG ] D:\www\shizhi\api\thinkphp\lang\zh-cn.php
[ info ] [ ROUTE ] array (
  'type' => 'module',
  'module' => 
  array (
    0 => 'admin',
    1 => 'evaluation_capability',
    2 => 'save',
  ),
)
[ info ] [ HEADER ] array (
  'content-length' => '1640',
  'content-type' => 'multipart/form-data; boundary=--------------------------810523008281520356540407',
  'connection' => 'keep-alive',
  'accept-encoding' => 'gzip, deflate, br',
  'host' => 'www.shizhi.com',
  'accept' => '*/*',
  'user-agent' => 'apifox/1.0.0 (https://www.apifox.cn)',
  'usertoken' => 'MDAwMDAwMDAwMIGEbXY',
  'token' => '3c72970bc0d2064ee7806fad2fb405b625dd5c61',
)
[ info ] [ PARAM ] array (
  'evaluation_capability_id' => '',
  'evaluationclass_id' => '1',
  'type' => '2',
  'name' => '吃饭',
  'sn' => '1',
  'picture' => '图片',
  'status' => '1',
  'sort' => '0',
  'option' => 
  array (
    0 => 
    array (
      'sn' => '1',
      'name' => '无',
      'picture' => '选项图片',
      'type' => '2',
      'status' => '1',
      'sort' => '0',
    ),
  ),
)
[ info ] [ DB ] INIT mysql
[ info ] [ RUN ] app\admin\controller\EvaluationCapability->save[ D:\www\shizhi\api\app\admin\controller\EvaluationCapability.php ]
[ info ] [ LOG ] INIT File	[ sql ] [ DB ] CONNECT:[ UseTime:0.176000s ] mysql:host=112.125.122.16;port=3306;dbname=jujiashizhi;charset=utf8mb4
[ sql ] [ SQL ] SHOW COLUMNS FROM `cx_system_manager` [ RunTime:0.035000s ]
[ sql ] [ SQL ] SELECT * FROM `cx_system_manager` WHERE  `token` = '3c72970bc0d2064ee7806fad2fb405b625dd5c61'  AND `id` = 1 LIMIT 1 [ RunTime:0.044000s ]
[ sql ] [ SQL ] SHOW COLUMNS FROM `cx_capability` [ RunTime:0.030000s ]
[ sql ] [ SQL ] INSERT INTO `cx_capability` (`type` , `classify_id` , `name` , `sn` , `picture` , `sort` , `status` , `create_time`) VALUES (2 , 1 , '吃饭' , '1' , '图片' , 0 , 1 , 1658805666) [ RunTime:0.048000s ]
[ sql ] [ SQL ] SHOW COLUMNS FROM `cx_capability_options` [ RunTime:0.058000s ]
[ sql ] [ SQL ] INSERT INTO `cx_capability_options` (`sn` , `name` , `picture` , `type` , `sort`) VALUES ( '1','无','选项图片','2',0 ) [ RunTime:0.025000s ]
[2022-07-26 11:30:09.899] 127.0.0.1 POST www.shizhi.com/admin/evaluation_capability/save	[runtime=0.495000s] [reqs=2.02req/s] [memory=3,618.75kb] [file=67]	[ info ] [ LANG ] D:\www\shizhi\api\thinkphp\lang\zh-cn.php
[ info ] [ ROUTE ] array (
  'type' => 'module',
  'module' => 
  array (
    0 => 'admin',
    1 => 'evaluation_capability',
    2 => 'save',
  ),
)
[ info ] [ HEADER ] array (
  'content-length' => '1644',
  'content-type' => 'multipart/form-data; boundary=--------------------------648568087815121228905628',
  'connection' => 'keep-alive',
  'accept-encoding' => 'gzip, deflate, br',
  'host' => 'www.shizhi.com',
  'accept' => '*/*',
  'user-agent' => 'apifox/1.0.0 (https://www.apifox.cn)',
  'usertoken' => 'MDAwMDAwMDAwMIGEbXY',
  'token' => '3c72970bc0d2064ee7806fad2fb405b625dd5c61',
)
[ info ] [ PARAM ] array (
  'evaluation_capability_id' => '1',
  'evaluationclass_id' => '2',
  'type' => '1',
  'name' => '吃饭1',
  'sn' => '11',
  'picture' => '图片1',
  'status' => '2',
  'sort' => '1',
  'option' => 
  array (
    0 => 
    array (
      'sn' => '1',
      'name' => '无',
      'picture' => '选项图片',
      'type' => '2',
      'status' => '1',
      'sort' => '0',
    ),
  ),
)
[ info ] [ DB ] INIT mysql
[ info ] [ RUN ] app\admin\controller\EvaluationCapability->save[ D:\www\shizhi\api\app\admin\controller\EvaluationCapability.php ]
[ info ] [ CACHE ] INIT File
[ info ] [ LOG ] INIT File	[ sql ] [ DB ] CONNECT:[ UseTime:0.237000s ] mysql:host=112.125.122.16;port=3306;dbname=jujiashizhi;charset=utf8mb4
[ sql ] [ SQL ] SHOW COLUMNS FROM `cx_system_manager` [ RunTime:0.026000s ]
[ sql ] [ SQL ] SELECT * FROM `cx_system_manager` WHERE  `token` = '3c72970bc0d2064ee7806fad2fb405b625dd5c61'  AND `id` = 1 LIMIT 1 [ RunTime:0.091000s ]
[ sql ] [ SQL ] SHOW COLUMNS FROM `cx_capability` [ RunTime:0.046000s ]
[ sql ] [ SQL ] SELECT * FROM `cx_capability` WHERE  `id` = 1 LIMIT 1 [ RunTime:0.029000s ]
[ sql ] [ SQL ] UPDATE `cx_capability`  SET `type`=1,`classify_id`=2,`name`='吃饭1',`sn`='11',`picture`='图片1',`sort`=1,`status`=2  WHERE  `id` = 1 [ RunTime:0.024000s ]
[2022-07-26 11:30:58.395] 127.0.0.1 POST www.shizhi.com/admin/evaluation_capability/save	[runtime=0.230000s] [reqs=4.35req/s] [memory=3,618.75kb] [file=67]	[ info ] [ LANG ] D:\www\shizhi\api\thinkphp\lang\zh-cn.php
[ info ] [ ROUTE ] array (
  'type' => 'module',
  'module' => 
  array (
    0 => 'admin',
    1 => 'evaluation_capability',
    2 => 'save',
  ),
)
[ info ] [ HEADER ] array (
  'content-length' => '1641',
  'content-type' => 'multipart/form-data; boundary=--------------------------267663619414472296898021',
  'connection' => 'keep-alive',
  'accept-encoding' => 'gzip, deflate, br',
  'host' => 'www.shizhi.com',
  'accept' => '*/*',
  'user-agent' => 'apifox/1.0.0 (https://www.apifox.cn)',
  'usertoken' => 'MDAwMDAwMDAwMIGEbXY',
  'token' => '3c72970bc0d2064ee7806fad2fb405b625dd5c61',
)
[ info ] [ PARAM ] array (
  'evaluation_capability_id' => '1',
  'evaluationclass_id' => '1',
  'type' => '2',
  'name' => '吃饭',
  'sn' => '1',
  'picture' => '图片',
  'status' => '1',
  'sort' => '0',
  'option' => 
  array (
    0 => 
    array (
      'sn' => '1',
      'name' => '无',
      'picture' => '选项图片',
      'type' => '2',
      'status' => '1',
      'sort' => '0',
    ),
  ),
)
[ info ] [ DB ] INIT mysql
[ info ] [ RUN ] app\admin\controller\EvaluationCapability->save[ D:\www\shizhi\api\app\admin\controller\EvaluationCapability.php ]
[ info ] [ CACHE ] INIT File
[ info ] [ LOG ] INIT File	[ sql ] [ DB ] CONNECT:[ UseTime:0.046000s ] mysql:host=112.125.122.16;port=3306;dbname=jujiashizhi;charset=utf8mb4
[ sql ] [ SQL ] SHOW COLUMNS FROM `cx_system_manager` [ RunTime:0.025000s ]
[ sql ] [ SQL ] SELECT * FROM `cx_system_manager` WHERE  `token` = '3c72970bc0d2064ee7806fad2fb405b625dd5c61'  AND `id` = 1 LIMIT 1 [ RunTime:0.027000s ]
[ sql ] [ SQL ] SHOW COLUMNS FROM `cx_capability` [ RunTime:0.048000s ]
[ sql ] [ SQL ] SELECT * FROM `cx_capability` WHERE  `id` = 1 LIMIT 1 [ RunTime:0.019000s ]
[ sql ] [ SQL ] UPDATE `cx_capability`  SET `type`=2,`classify_id`=1,`name`='吃饭',`sn`='1',`picture`='图片',`sort`=0,`status`=1  WHERE  `id` = 1 [ RunTime:0.026000s ]
[2022-07-26 12:29:04.998] 127.0.0.1 POST www.shizhi.com/admin/evaluation_capability/optionsave	[runtime=0.267000s] [reqs=3.75req/s] [memory=3,710.58kb] [file=71]	[ info ] [ LANG ] D:\www\shizhi\api\thinkphp\lang\zh-cn.php
[ info ] [ ROUTE ] array (
  'type' => 'module',
  'module' => 
  array (
    0 => 'admin',
    1 => 'evaluation_capability',
    2 => 'optionsave',
  ),
)
[ info ] [ HEADER ] array (
  'content-length' => '958',
  'content-type' => 'multipart/form-data; boundary=--------------------------429226876192050283940813',
  'connection' => 'keep-alive',
  'accept-encoding' => 'gzip, deflate, br',
  'host' => 'www.shizhi.com',
  'accept' => '*/*',
  'user-agent' => 'apifox/1.0.0 (https://www.apifox.cn)',
  'usertoken' => 'MDAwMDAwMDAwMIGEbXY',
  'token' => '3c72970bc0d2064ee7806fad2fb405b625dd5c61',
)
[ info ] [ PARAM ] array (
  'option_id' => '',
  'evaluation_capability_id' => '1',
  'sn' => '2',
  'name' => '忘记吃过饭，吃完还想吃',
  'picture' => '选项图片',
  'type' => '2',
  'status' => '1',
  'sort' => '0',
)
[ info ] [ DB ] INIT mysql
[ info ] [ RUN ] app\admin\controller\EvaluationCapability->optionSave[ D:\www\shizhi\api\app\admin\controller\EvaluationCapability.php ]
[ info ] [ LOG ] INIT File	[ sql ] [ DB ] CONNECT:[ UseTime:0.171000s ] mysql:host=112.125.122.16;port=3306;dbname=jujiashizhi;charset=utf8mb4
[ sql ] [ SQL ] SHOW COLUMNS FROM `cx_system_manager` [ RunTime:0.022000s ]
[ sql ] [ SQL ] SELECT * FROM `cx_system_manager` WHERE  `token` = '3c72970bc0d2064ee7806fad2fb405b625dd5c61'  AND `id` = 1 LIMIT 1 [ RunTime:0.017000s ]
[ sql ] [ SQL ] SHOW COLUMNS FROM `cx_capability_options` [ RunTime:0.019000s ]	[ error ] [0]数据表字段不存在:[create_time][D:\www\shizhi\api\thinkphp\library\think\db\Builder.php:115]
[2022-07-26 12:56:11.667] 127.0.0.1 POST www.shizhi.com/admin/evaluation_capability/optionsave	[runtime=0.234000s] [reqs=4.27req/s] [memory=3,509.76kb] [file=65]	[ info ] [ LANG ] D:\www\shizhi\api\thinkphp\lang\zh-cn.php
[ info ] [ ROUTE ] array (
  'type' => 'module',
  'module' => 
  array (
    0 => 'admin',
    1 => 'evaluation_capability',
    2 => 'optionsave',
  ),
)
[ info ] [ HEADER ] array (
  'content-length' => '958',
  'content-type' => 'multipart/form-data; boundary=--------------------------830708375585813270523149',
  'connection' => 'keep-alive',
  'accept-encoding' => 'gzip, deflate, br',
  'host' => 'www.shizhi.com',
  'accept' => '*/*',
  'user-agent' => 'apifox/1.0.0 (https://www.apifox.cn)',
  'usertoken' => 'MDAwMDAwMDAwMIGEbXY',
  'token' => '3c72970bc0d2064ee7806fad2fb405b625dd5c61',
)
[ info ] [ PARAM ] array (
  'option_id' => '',
  'evaluation_capability_id' => '1',
  'sn' => '2',
  'name' => '忘记吃过饭，吃完还想吃',
  'picture' => '选项图片',
  'type' => '2',
  'status' => '1',
  'sort' => '0',
)
[ info ] [ DB ] INIT mysql
[ info ] [ RUN ] app\admin\controller\EvaluationCapability->optionSave[ D:\www\shizhi\api\app\admin\controller\EvaluationCapability.php ]
[ info ] [ LOG ] INIT File	[ sql ] [ DB ] CONNECT:[ UseTime:0.035000s ] mysql:host=112.125.122.16;port=3306;dbname=jujiashizhi;charset=utf8mb4
[ sql ] [ SQL ] SHOW COLUMNS FROM `cx_system_manager` [ RunTime:0.028000s ]
[ sql ] [ SQL ] SELECT * FROM `cx_system_manager` WHERE  `token` = '3c72970bc0d2064ee7806fad2fb405b625dd5c61'  AND `id` = 1 LIMIT 1 [ RunTime:0.051000s ]
[ sql ] [ SQL ] SHOW COLUMNS FROM `cx_capability_options` [ RunTime:0.054000s ]
[ sql ] [ SQL ] INSERT INTO `cx_capability_options` (`capability_id` , `sn` , `name` , `picture` , `type` , `sort` , `status` , `create_time`) VALUES (1 , '2' , '忘记吃过饭，吃完还想吃' , '选项图片' , 2 , 0 , 0 , 1658811371) [ RunTime:0.031000s ]
[2022-07-26 12:59:49.490] 127.0.0.1 POST www.shizhi.com/admin/evaluation_capability/save	[runtime=0.217000s] [reqs=4.61req/s] [memory=3,512.98kb] [file=65]	[ info ] [ LANG ] D:\www\shizhi\api\thinkphp\lang\zh-cn.php
[ info ] [ ROUTE ] array (
  'type' => 'module',
  'module' => 
  array (
    0 => 'admin',
    1 => 'evaluation_capability',
    2 => 'save',
  ),
)
[ info ] [ HEADER ] array (
  'content-length' => '1640',
  'content-type' => 'multipart/form-data; boundary=--------------------------467263766148349210488403',
  'connection' => 'keep-alive',
  'accept-encoding' => 'gzip, deflate, br',
  'host' => 'www.shizhi.com',
  'accept' => '*/*',
  'user-agent' => 'apifox/1.0.0 (https://www.apifox.cn)',
  'usertoken' => 'MDAwMDAwMDAwMIGEbXY',
  'token' => '3c72970bc0d2064ee7806fad2fb405b625dd5c61',
)
[ info ] [ PARAM ] array (
  'evaluation_capability_id' => '',
  'evaluationclass_id' => '1',
  'type' => '1',
  'name' => '吃饭',
  'sn' => '1',
  'picture' => '图片',
  'status' => '1',
  'sort' => '0',
  'option' => 
  array (
    0 => 
    array (
      'sn' => '1',
      'name' => '无',
      'picture' => '选项图片',
      'type' => '2',
      'status' => '1',
      'sort' => '0',
    ),
  ),
)
[ info ] [ DB ] INIT mysql
[ info ] [ RUN ] app\admin\controller\EvaluationCapability->save[ D:\www\shizhi\api\app\admin\controller\EvaluationCapability.php ]
[ info ] [ LOG ] INIT File	[ sql ] [ DB ] CONNECT:[ UseTime:0.038000s ] mysql:host=112.125.122.16;port=3306;dbname=jujiashizhi;charset=utf8mb4
[ sql ] [ SQL ] SHOW COLUMNS FROM `cx_system_manager` [ RunTime:0.024000s ]
[ sql ] [ SQL ] SELECT * FROM `cx_system_manager` WHERE  `token` = '3c72970bc0d2064ee7806fad2fb405b625dd5c61'  AND `id` = 1 LIMIT 1 [ RunTime:0.030000s ]
[ sql ] [ SQL ] SHOW COLUMNS FROM `cx_capability` [ RunTime:0.015000s ]
[ sql ] [ SQL ] INSERT INTO `cx_capability` (`type` , `classify_id` , `name` , `sn` , `picture` , `sort` , `status` , `create_time`) VALUES (1 , 1 , '吃饭' , '1' , '图片' , 0 , 1 , 1658811589) [ RunTime:0.015000s ]
[ sql ] [ SQL ] SHOW COLUMNS FROM `cx_capability_options` [ RunTime:0.020000s ]
[ sql ] [ SQL ] INSERT INTO `cx_capability_options` (`sn` , `name` , `picture` , `type` , `sort` , `status`) VALUES ( '1','无','选项图片','2',0,'1' ) [ RunTime:0.019000s ]
[2022-07-26 13:02:04.193] 127.0.0.1 POST www.shizhi.com/admin/evaluation_capability/save	[runtime=0.207000s] [reqs=4.83req/s] [memory=3,513.13kb] [file=65]	[ info ] [ LANG ] D:\www\shizhi\api\thinkphp\lang\zh-cn.php
[ info ] [ ROUTE ] array (
  'type' => 'module',
  'module' => 
  array (
    0 => 'admin',
    1 => 'evaluation_capability',
    2 => 'save',
  ),
)
[ info ] [ HEADER ] array (
  'content-length' => '1640',
  'content-type' => 'multipart/form-data; boundary=--------------------------173996761299846370582614',
  'connection' => 'keep-alive',
  'accept-encoding' => 'gzip, deflate, br',
  'host' => 'www.shizhi.com',
  'accept' => '*/*',
  'user-agent' => 'apifox/1.0.0 (https://www.apifox.cn)',
  'usertoken' => 'MDAwMDAwMDAwMIGEbXY',
  'token' => '3c72970bc0d2064ee7806fad2fb405b625dd5c61',
)
[ info ] [ PARAM ] array (
  'evaluation_capability_id' => '',
  'evaluationclass_id' => '1',
  'type' => '1',
  'name' => '吃饭',
  'sn' => '1',
  'picture' => '图片',
  'status' => '1',
  'sort' => '0',
  'option' => 
  array (
    0 => 
    array (
      'sn' => '1',
      'name' => '无',
      'picture' => '选项图片',
      'type' => '2',
      'status' => '1',
      'sort' => '0',
    ),
  ),
)
[ info ] [ DB ] INIT mysql
[ info ] [ RUN ] app\admin\controller\EvaluationCapability->save[ D:\www\shizhi\api\app\admin\controller\EvaluationCapability.php ]
[ info ] [ LOG ] INIT File	[ sql ] [ DB ] CONNECT:[ UseTime:0.032000s ] mysql:host=112.125.122.16;port=3306;dbname=jujiashizhi;charset=utf8mb4
[ sql ] [ SQL ] SHOW COLUMNS FROM `cx_system_manager` [ RunTime:0.015000s ]
[ sql ] [ SQL ] SELECT * FROM `cx_system_manager` WHERE  `token` = '3c72970bc0d2064ee7806fad2fb405b625dd5c61'  AND `id` = 1 LIMIT 1 [ RunTime:0.018000s ]
[ sql ] [ SQL ] SHOW COLUMNS FROM `cx_capability` [ RunTime:0.020000s ]
[ sql ] [ SQL ] INSERT INTO `cx_capability` (`type` , `classify_id` , `name` , `sn` , `picture` , `sort` , `status` , `create_time`) VALUES (1 , 1 , '吃饭' , '1' , '图片' , 0 , 1 , 1658811724) [ RunTime:0.020000s ]
[ sql ] [ SQL ] SHOW COLUMNS FROM `cx_capability_options` [ RunTime:0.021000s ]
[ sql ] [ SQL ] INSERT INTO `cx_capability_options` (`sn` , `name` , `picture` , `type` , `sort` , `status` , `capability_id` , `create_time`) VALUES ( '1','无','选项图片','2',0,'1','1',1658811724 ) [ RunTime:0.018000s ]
[2022-07-26 13:03:16.220] 127.0.0.1 POST www.shizhi.com/admin/evaluation_capability/save	[runtime=1.525000s] [reqs=0.66req/s] [memory=3,513.13kb] [file=65]	[ info ] [ LANG ] D:\www\shizhi\api\thinkphp\lang\zh-cn.php
[ info ] [ ROUTE ] array (
  'type' => 'module',
  'module' => 
  array (
    0 => 'admin',
    1 => 'evaluation_capability',
    2 => 'save',
  ),
)
[ info ] [ HEADER ] array (
  'content-length' => '1646',
  'content-type' => 'multipart/form-data; boundary=--------------------------891749258245532272877910',
  'connection' => 'keep-alive',
  'accept-encoding' => 'gzip, deflate, br',
  'host' => 'www.shizhi.com',
  'accept' => '*/*',
  'user-agent' => 'apifox/1.0.0 (https://www.apifox.cn)',
  'usertoken' => 'MDAwMDAwMDAwMIGEbXY',
  'token' => '3c72970bc0d2064ee7806fad2fb405b625dd5c61',
)
[ info ] [ PARAM ] array (
  'evaluation_capability_id' => '',
  'evaluationclass_id' => '1',
  'type' => '1',
  'name' => '穿脱衣服',
  'sn' => '1',
  'picture' => '图片',
  'status' => '1',
  'sort' => '0',
  'option' => 
  array (
    0 => 
    array (
      'sn' => '1',
      'name' => '无',
      'picture' => '选项图片',
      'type' => '2',
      'status' => '1',
      'sort' => '0',
    ),
  ),
)
[ info ] [ DB ] INIT mysql
[ info ] [ RUN ] app\admin\controller\EvaluationCapability->save[ D:\www\shizhi\api\app\admin\controller\EvaluationCapability.php ]
[ info ] [ LOG ] INIT File	[ sql ] [ DB ] CONNECT:[ UseTime:1.319000s ] mysql:host=112.125.122.16;port=3306;dbname=jujiashizhi;charset=utf8mb4
[ sql ] [ SQL ] SHOW COLUMNS FROM `cx_system_manager` [ RunTime:0.029000s ]
[ sql ] [ SQL ] SELECT * FROM `cx_system_manager` WHERE  `token` = '3c72970bc0d2064ee7806fad2fb405b625dd5c61'  AND `id` = 1 LIMIT 1 [ RunTime:0.024000s ]
[ sql ] [ SQL ] SHOW COLUMNS FROM `cx_capability` [ RunTime:0.023000s ]
[ sql ] [ SQL ] INSERT INTO `cx_capability` (`type` , `classify_id` , `name` , `sn` , `picture` , `sort` , `status` , `create_time`) VALUES (1 , 1 , '穿脱衣服' , '1' , '图片' , 0 , 1 , 1658811796) [ RunTime:0.021000s ]
[ sql ] [ SQL ] SHOW COLUMNS FROM `cx_capability_options` [ RunTime:0.018000s ]
[ sql ] [ SQL ] INSERT INTO `cx_capability_options` (`sn` , `name` , `picture` , `type` , `sort` , `status` , `capability_id` , `create_time`) VALUES ( '1','无','选项图片','2',0,'1','2',1658811796 ) [ RunTime:0.034000s ]
[2022-07-26 13:04:25.79] 127.0.0.1 POST www.shizhi.com/admin/evaluation_capability/save	[runtime=0.199000s] [reqs=5.03req/s] [memory=3,513.13kb] [file=65]	[ info ] [ LANG ] D:\www\shizhi\api\thinkphp\lang\zh-cn.php
[ info ] [ ROUTE ] array (
  'type' => 'module',
  'module' => 
  array (
    0 => 'admin',
    1 => 'evaluation_capability',
    2 => 'save',
  ),
)
[ info ] [ HEADER ] array (
  'content-length' => '1643',
  'content-type' => 'multipart/form-data; boundary=--------------------------553967667872429206100835',
  'connection' => 'keep-alive',
  'accept-encoding' => 'gzip, deflate, br',
  'host' => 'www.shizhi.com',
  'accept' => '*/*',
  'user-agent' => 'apifox/1.0.0 (https://www.apifox.cn)',
  'usertoken' => 'MDAwMDAwMDAwMIGEbXY',
  'token' => '3c72970bc0d2064ee7806fad2fb405b625dd5c61',
)
[ info ] [ PARAM ] array (
  'evaluation_capability_id' => '',
  'evaluationclass_id' => '1',
  'type' => '1',
  'name' => '大小便',
  'sn' => '1',
  'picture' => '图片',
  'status' => '1',
  'sort' => '0',
  'option' => 
  array (
    0 => 
    array (
      'sn' => '1',
      'name' => '无',
      'picture' => '选项图片',
      'type' => '2',
      'status' => '1',
      'sort' => '0',
    ),
  ),
)
[ info ] [ DB ] INIT mysql
[ info ] [ RUN ] app\admin\controller\EvaluationCapability->save[ D:\www\shizhi\api\app\admin\controller\EvaluationCapability.php ]
[ info ] [ LOG ] INIT File	[ sql ] [ DB ] CONNECT:[ UseTime:0.031000s ] mysql:host=112.125.122.16;port=3306;dbname=jujiashizhi;charset=utf8mb4
[ sql ] [ SQL ] SHOW COLUMNS FROM `cx_system_manager` [ RunTime:0.021000s ]
[ sql ] [ SQL ] SELECT * FROM `cx_system_manager` WHERE  `token` = '3c72970bc0d2064ee7806fad2fb405b625dd5c61'  AND `id` = 1 LIMIT 1 [ RunTime:0.019000s ]
[ sql ] [ SQL ] SHOW COLUMNS FROM `cx_capability` [ RunTime:0.018000s ]
[ sql ] [ SQL ] INSERT INTO `cx_capability` (`type` , `classify_id` , `name` , `sn` , `picture` , `sort` , `status` , `create_time`) VALUES (1 , 1 , '大小便' , '1' , '图片' , 0 , 1 , 1658811864) [ RunTime:0.019000s ]
[ sql ] [ SQL ] SHOW COLUMNS FROM `cx_capability_options` [ RunTime:0.017000s ]
[ sql ] [ SQL ] INSERT INTO `cx_capability_options` (`sn` , `name` , `picture` , `type` , `sort` , `status` , `capability_id` , `create_time`) VALUES ( '1','无','选项图片','2',0,'1','3',1658811865 ) [ RunTime:0.019000s ]
[2022-07-26 13:04:34.692] 127.0.0.1 POST www.shizhi.com/admin/evaluation_capability/save	[runtime=1.372000s] [reqs=0.73req/s] [memory=3,513.13kb] [file=65]	[ info ] [ LANG ] D:\www\shizhi\api\thinkphp\lang\zh-cn.php
[ info ] [ ROUTE ] array (
  'type' => 'module',
  'module' => 
  array (
    0 => 'admin',
    1 => 'evaluation_capability',
    2 => 'save',
  ),
)
[ info ] [ HEADER ] array (
  'content-length' => '1646',
  'content-type' => 'multipart/form-data; boundary=--------------------------102786469802706588354157',
  'connection' => 'keep-alive',
  'accept-encoding' => 'gzip, deflate, br',
  'host' => 'www.shizhi.com',
  'accept' => '*/*',
  'user-agent' => 'apifox/1.0.0 (https://www.apifox.cn)',
  'usertoken' => 'MDAwMDAwMDAwMIGEbXY',
  'token' => '3c72970bc0d2064ee7806fad2fb405b625dd5c61',
)
[ info ] [ PARAM ] array (
  'evaluation_capability_id' => '',
  'evaluationclass_id' => '1',
  'type' => '1',
  'name' => '个人卫生',
  'sn' => '1',
  'picture' => '图片',
  'status' => '1',
  'sort' => '0',
  'option' => 
  array (
    0 => 
    array (
      'sn' => '1',
      'name' => '无',
      'picture' => '选项图片',
      'type' => '2',
      'status' => '1',
      'sort' => '0',
    ),
  ),
)
[ info ] [ DB ] INIT mysql
[ info ] [ RUN ] app\admin\controller\EvaluationCapability->save[ D:\www\shizhi\api\app\admin\controller\EvaluationCapability.php ]
[ info ] [ LOG ] INIT File	[ sql ] [ DB ] CONNECT:[ UseTime:1.231000s ] mysql:host=112.125.122.16;port=3306;dbname=jujiashizhi;charset=utf8mb4
[ sql ] [ SQL ] SHOW COLUMNS FROM `cx_system_manager` [ RunTime:0.016000s ]
[ sql ] [ SQL ] SELECT * FROM `cx_system_manager` WHERE  `token` = '3c72970bc0d2064ee7806fad2fb405b625dd5c61'  AND `id` = 1 LIMIT 1 [ RunTime:0.015000s ]
[ sql ] [ SQL ] SHOW COLUMNS FROM `cx_capability` [ RunTime:0.019000s ]
[ sql ] [ SQL ] INSERT INTO `cx_capability` (`type` , `classify_id` , `name` , `sn` , `picture` , `sort` , `status` , `create_time`) VALUES (1 , 1 , '个人卫生' , '1' , '图片' , 0 , 1 , 1658811874) [ RunTime:0.014000s ]
[ sql ] [ SQL ] SHOW COLUMNS FROM `cx_capability_options` [ RunTime:0.015000s ]
[ sql ] [ SQL ] INSERT INTO `cx_capability_options` (`sn` , `name` , `picture` , `type` , `sort` , `status` , `capability_id` , `create_time`) VALUES ( '1','无','选项图片','2',0,'1','4',1658811874 ) [ RunTime:0.018000s ]
[2022-07-26 13:04:45.594] 127.0.0.1 POST www.shizhi.com/admin/evaluation_capability/save	[runtime=0.190000s] [reqs=5.26req/s] [memory=3,513.13kb] [file=65]	[ info ] [ LANG ] D:\www\shizhi\api\thinkphp\lang\zh-cn.php
[ info ] [ ROUTE ] array (
  'type' => 'module',
  'module' => 
  array (
    0 => 'admin',
    1 => 'evaluation_capability',
    2 => 'save',
  ),
)
[ info ] [ HEADER ] array (
  'content-length' => '1640',
  'content-type' => 'multipart/form-data; boundary=--------------------------396520605412671700080155',
  'connection' => 'keep-alive',
  'accept-encoding' => 'gzip, deflate, br',
  'host' => 'www.shizhi.com',
  'accept' => '*/*',
  'user-agent' => 'apifox/1.0.0 (https://www.apifox.cn)',
  'usertoken' => 'MDAwMDAwMDAwMIGEbXY',
  'token' => '3c72970bc0d2064ee7806fad2fb405b625dd5c61',
)
[ info ] [ PARAM ] array (
  'evaluation_capability_id' => '',
  'evaluationclass_id' => '1',
  'type' => '1',
  'name' => '行走',
  'sn' => '1',
  'picture' => '图片',
  'status' => '1',
  'sort' => '0',
  'option' => 
  array (
    0 => 
    array (
      'sn' => '1',
      'name' => '无',
      'picture' => '选项图片',
      'type' => '2',
      'status' => '1',
      'sort' => '0',
    ),
  ),
)
[ info ] [ DB ] INIT mysql
[ info ] [ RUN ] app\admin\controller\EvaluationCapability->save[ D:\www\shizhi\api\app\admin\controller\EvaluationCapability.php ]
[ info ] [ LOG ] INIT File	[ sql ] [ DB ] CONNECT:[ UseTime:0.029000s ] mysql:host=112.125.122.16;port=3306;dbname=jujiashizhi;charset=utf8mb4
[ sql ] [ SQL ] SHOW COLUMNS FROM `cx_system_manager` [ RunTime:0.020000s ]
[ sql ] [ SQL ] SELECT * FROM `cx_system_manager` WHERE  `token` = '3c72970bc0d2064ee7806fad2fb405b625dd5c61'  AND `id` = 1 LIMIT 1 [ RunTime:0.021000s ]
[ sql ] [ SQL ] SHOW COLUMNS FROM `cx_capability` [ RunTime:0.021000s ]
[ sql ] [ SQL ] INSERT INTO `cx_capability` (`type` , `classify_id` , `name` , `sn` , `picture` , `sort` , `status` , `create_time`) VALUES (1 , 1 , '行走' , '1' , '图片' , 0 , 1 , 1658811885) [ RunTime:0.017000s ]
[ sql ] [ SQL ] SHOW COLUMNS FROM `cx_capability_options` [ RunTime:0.017000s ]
[ sql ] [ SQL ] INSERT INTO `cx_capability_options` (`sn` , `name` , `picture` , `type` , `sort` , `status` , `capability_id` , `create_time`) VALUES ( '1','无','选项图片','2',0,'1','5',1658811885 ) [ RunTime:0.017000s ]
[2022-07-26 13:05:24.331] 127.0.0.1 POST www.shizhi.com/admin/evaluation_capability/save	[runtime=0.189000s] [reqs=5.29req/s] [memory=3,513.13kb] [file=65]	[ info ] [ LANG ] D:\www\shizhi\api\thinkphp\lang\zh-cn.php
[ info ] [ ROUTE ] array (
  'type' => 'module',
  'module' => 
  array (
    0 => 'admin',
    1 => 'evaluation_capability',
    2 => 'save',
  ),
)
[ info ] [ HEADER ] array (
  'content-length' => '1640',
  'content-type' => 'multipart/form-data; boundary=--------------------------008858284937784337781698',
  'connection' => 'keep-alive',
  'accept-encoding' => 'gzip, deflate, br',
  'host' => 'www.shizhi.com',
  'accept' => '*/*',
  'user-agent' => 'apifox/1.0.0 (https://www.apifox.cn)',
  'usertoken' => 'MDAwMDAwMDAwMIGEbXY',
  'token' => '3c72970bc0d2064ee7806fad2fb405b625dd5c61',
)
[ info ] [ PARAM ] array (
  'evaluation_capability_id' => '',
  'evaluationclass_id' => '1',
  'type' => '1',
  'name' => '睡眠',
  'sn' => '1',
  'picture' => '图片',
  'status' => '1',
  'sort' => '0',
  'option' => 
  array (
    0 => 
    array (
      'sn' => '1',
      'name' => '无',
      'picture' => '选项图片',
      'type' => '2',
      'status' => '1',
      'sort' => '0',
    ),
  ),
)
[ info ] [ DB ] INIT mysql
[ info ] [ RUN ] app\admin\controller\EvaluationCapability->save[ D:\www\shizhi\api\app\admin\controller\EvaluationCapability.php ]
[ info ] [ LOG ] INIT File	[ sql ] [ DB ] CONNECT:[ UseTime:0.027000s ] mysql:host=112.125.122.16;port=3306;dbname=jujiashizhi;charset=utf8mb4
[ sql ] [ SQL ] SHOW COLUMNS FROM `cx_system_manager` [ RunTime:0.019000s ]
[ sql ] [ SQL ] SELECT * FROM `cx_system_manager` WHERE  `token` = '3c72970bc0d2064ee7806fad2fb405b625dd5c61'  AND `id` = 1 LIMIT 1 [ RunTime:0.018000s ]
[ sql ] [ SQL ] SHOW COLUMNS FROM `cx_capability` [ RunTime:0.015000s ]
[ sql ] [ SQL ] INSERT INTO `cx_capability` (`type` , `classify_id` , `name` , `sn` , `picture` , `sort` , `status` , `create_time`) VALUES (1 , 1 , '睡眠' , '1' , '图片' , 0 , 1 , 1658811924) [ RunTime:0.015000s ]
[ sql ] [ SQL ] SHOW COLUMNS FROM `cx_capability_options` [ RunTime:0.014000s ]
[ sql ] [ SQL ] INSERT INTO `cx_capability_options` (`sn` , `name` , `picture` , `type` , `sort` , `status` , `capability_id` , `create_time`) VALUES ( '1','无','选项图片','2',0,'1','6',1658811924 ) [ RunTime:0.027000s ]
[2022-07-26 13:05:43.153] 127.0.0.1 POST www.shizhi.com/admin/evaluation_capability/save	[runtime=1.887000s] [reqs=0.53req/s] [memory=3,513.13kb] [file=65]	[ info ] [ LANG ] D:\www\shizhi\api\thinkphp\lang\zh-cn.php
[ info ] [ ROUTE ] array (
  'type' => 'module',
  'module' => 
  array (
    0 => 'admin',
    1 => 'evaluation_capability',
    2 => 'save',
  ),
)
[ info ] [ HEADER ] array (
  'content-length' => '1640',
  'content-type' => 'multipart/form-data; boundary=--------------------------826929997744088413446668',
  'connection' => 'keep-alive',
  'accept-encoding' => 'gzip, deflate, br',
  'host' => 'www.shizhi.com',
  'accept' => '*/*',
  'user-agent' => 'apifox/1.0.0 (https://www.apifox.cn)',
  'usertoken' => 'MDAwMDAwMDAwMIGEbXY',
  'token' => '3c72970bc0d2064ee7806fad2fb405b625dd5c61',
)
[ info ] [ PARAM ] array (
  'evaluation_capability_id' => '',
  'evaluationclass_id' => '1',
  'type' => '1',
  'name' => '沟通',
  'sn' => '1',
  'picture' => '图片',
  'status' => '1',
  'sort' => '0',
  'option' => 
  array (
    0 => 
    array (
      'sn' => '1',
      'name' => '无',
      'picture' => '选项图片',
      'type' => '2',
      'status' => '1',
      'sort' => '0',
    ),
  ),
)
[ info ] [ DB ] INIT mysql
[ info ] [ RUN ] app\admin\controller\EvaluationCapability->save[ D:\www\shizhi\api\app\admin\controller\EvaluationCapability.php ]
[ info ] [ LOG ] INIT File	[ sql ] [ DB ] CONNECT:[ UseTime:1.722000s ] mysql:host=112.125.122.16;port=3306;dbname=jujiashizhi;charset=utf8mb4
[ sql ] [ SQL ] SHOW COLUMNS FROM `cx_system_manager` [ RunTime:0.018000s ]
[ sql ] [ SQL ] SELECT * FROM `cx_system_manager` WHERE  `token` = '3c72970bc0d2064ee7806fad2fb405b625dd5c61'  AND `id` = 1 LIMIT 1 [ RunTime:0.018000s ]
[ sql ] [ SQL ] SHOW COLUMNS FROM `cx_capability` [ RunTime:0.016000s ]
[ sql ] [ SQL ] INSERT INTO `cx_capability` (`type` , `classify_id` , `name` , `sn` , `picture` , `sort` , `status` , `create_time`) VALUES (1 , 1 , '沟通' , '1' , '图片' , 0 , 1 , 1658811943) [ RunTime:0.021000s ]
[ sql ] [ SQL ] SHOW COLUMNS FROM `cx_capability_options` [ RunTime:0.018000s ]
[ sql ] [ SQL ] INSERT INTO `cx_capability_options` (`sn` , `name` , `picture` , `type` , `sort` , `status` , `capability_id` , `create_time`) VALUES ( '1','无','选项图片','2',0,'1','7',1658811943 ) [ RunTime:0.017000s ]
[2022-07-26 13:09:17.239] 127.0.0.1 POST www.shizhi.com/admin/evaluation_capability/optionsave	[runtime=0.140000s] [reqs=7.14req/s] [memory=3,509.54kb] [file=65]	[ info ] [ LANG ] D:\www\shizhi\api\thinkphp\lang\zh-cn.php
[ info ] [ ROUTE ] array (
  'type' => 'module',
  'module' => 
  array (
    0 => 'admin',
    1 => 'evaluation_capability',
    2 => 'optionsave',
  ),
)
[ info ] [ HEADER ] array (
  'content-length' => '928',
  'content-type' => 'multipart/form-data; boundary=--------------------------297906179525547371815734',
  'connection' => 'keep-alive',
  'accept-encoding' => 'gzip, deflate, br',
  'host' => 'www.shizhi.com',
  'accept' => '*/*',
  'user-agent' => 'apifox/1.0.0 (https://www.apifox.cn)',
  'usertoken' => 'MDAwMDAwMDAwMIGEbXY',
  'token' => '3c72970bc0d2064ee7806fad2fb405b625dd5c61',
)
[ info ] [ PARAM ] array (
  'option_id' => '',
  'evaluation_capability_id' => '1',
  'sn' => '1',
  'name' => '无',
  'picture' => '选项图片',
  'type' => '2',
  'status' => '1',
  'sort' => '0',
)
[ info ] [ DB ] INIT mysql
[ info ] [ RUN ] app\admin\controller\EvaluationCapability->optionSave[ D:\www\shizhi\api\app\admin\controller\EvaluationCapability.php ]
[ info ] [ LOG ] INIT File	[ sql ] [ DB ] CONNECT:[ UseTime:0.025000s ] mysql:host=112.125.122.16;port=3306;dbname=jujiashizhi;charset=utf8mb4
[ sql ] [ SQL ] SHOW COLUMNS FROM `cx_system_manager` [ RunTime:0.028000s ]
[ sql ] [ SQL ] SELECT * FROM `cx_system_manager` WHERE  `token` = '3c72970bc0d2064ee7806fad2fb405b625dd5c61'  AND `id` = 1 LIMIT 1 [ RunTime:0.017000s ]
[ sql ] [ SQL ] SHOW COLUMNS FROM `cx_capability_options` [ RunTime:0.018000s ]
[ sql ] [ SQL ] INSERT INTO `cx_capability_options` (`capability_id` , `sn` , `name` , `picture` , `type` , `sort` , `status` , `create_time`) VALUES (1 , '1' , '无' , '选项图片' , 2 , 0 , 0 , 1658812157) [ RunTime:0.017000s ]
[2022-07-26 13:09:58.518] 127.0.0.1 POST www.shizhi.com/admin/evaluation_capability/optionsave	[runtime=3.012000s] [reqs=0.33req/s] [memory=3,538.15kb] [file=65]	[ info ] [ LANG ] D:\www\shizhi\api\thinkphp\lang\zh-cn.php
[ info ] [ ROUTE ] array (
  'type' => 'module',
  'module' => 
  array (
    0 => 'admin',
    1 => 'evaluation_capability',
    2 => 'optionsave',
  ),
)
[ info ] [ HEADER ] array (
  'content-length' => '931',
  'content-type' => 'multipart/form-data; boundary=--------------------------430526826332155075168137',
  'connection' => 'keep-alive',
  'accept-encoding' => 'gzip, deflate, br',
  'host' => 'www.shizhi.com',
  'accept' => '*/*',
  'user-agent' => 'apifox/1.0.0 (https://www.apifox.cn)',
  'usertoken' => 'MDAwMDAwMDAwMIGEbXY',
  'token' => '3c72970bc0d2064ee7806fad2fb405b625dd5c61',
)
[ info ] [ PARAM ] array (
  'option_id' => '1',
  'evaluation_capability_id' => '1',
  'sn' => '2',
  'name' => '无1',
  'picture' => '选项图片1',
  'type' => '3',
  'status' => '3',
  'sort' => '1',
)
[ info ] [ DB ] INIT mysql
[ info ] [ RUN ] app\admin\controller\EvaluationCapability->optionSave[ D:\www\shizhi\api\app\admin\controller\EvaluationCapability.php ]
[ info ] [ LOG ] INIT File	[ sql ] [ DB ] CONNECT:[ UseTime:2.911000s ] mysql:host=112.125.122.16;port=3306;dbname=jujiashizhi;charset=utf8mb4
[ sql ] [ SQL ] SHOW COLUMNS FROM `cx_system_manager` [ RunTime:0.020000s ]
[ sql ] [ SQL ] SELECT * FROM `cx_system_manager` WHERE  `token` = '3c72970bc0d2064ee7806fad2fb405b625dd5c61'  AND `id` = 1 LIMIT 1 [ RunTime:0.017000s ]
[ sql ] [ SQL ] SHOW COLUMNS FROM `cx_capability_options` [ RunTime:0.015000s ]
[ sql ] [ SQL ] SELECT * FROM `cx_capability_options` WHERE  `id` = 1  AND `is_del` = 1 LIMIT 1 [ RunTime:0.015000s ]
[2022-07-26 13:11:01.458] 127.0.0.1 POST www.shizhi.com/admin/evaluation_capability/optionsave	[runtime=0.459000s] [reqs=2.18req/s] [memory=3,636.16kb] [file=68]	[ info ] [ LANG ] D:\www\shizhi\api\thinkphp\lang\zh-cn.php
[ info ] [ ROUTE ] array (
  'type' => 'module',
  'module' => 
  array (
    0 => 'admin',
    1 => 'evaluation_capability',
    2 => 'optionsave',
  ),
)
[ info ] [ HEADER ] array (
  'content-length' => '931',
  'content-type' => 'multipart/form-data; boundary=--------------------------418964165420510511240726',
  'connection' => 'keep-alive',
  'accept-encoding' => 'gzip, deflate, br',
  'host' => 'www.shizhi.com',
  'accept' => '*/*',
  'user-agent' => 'apifox/1.0.0 (https://www.apifox.cn)',
  'usertoken' => 'MDAwMDAwMDAwMIGEbXY',
  'token' => '3c72970bc0d2064ee7806fad2fb405b625dd5c61',
)
[ info ] [ PARAM ] array (
  'option_id' => '1',
  'evaluation_capability_id' => '1',
  'sn' => '2',
  'name' => '无1',
  'picture' => '选项图片1',
  'type' => '3',
  'status' => '3',
  'sort' => '1',
)
[ info ] [ DB ] INIT mysql
[ info ] [ RUN ] app\admin\controller\EvaluationCapability->optionSave[ D:\www\shizhi\api\app\admin\controller\EvaluationCapability.php ]
[ info ] [ CACHE ] INIT File
[ info ] [ LOG ] INIT File	[ sql ] [ DB ] CONNECT:[ UseTime:0.025000s ] mysql:host=112.125.122.16;port=3306;dbname=jujiashizhi;charset=utf8mb4
[ sql ] [ SQL ] SHOW COLUMNS FROM `cx_system_manager` [ RunTime:0.319000s ]
[ sql ] [ SQL ] SELECT * FROM `cx_system_manager` WHERE  `token` = '3c72970bc0d2064ee7806fad2fb405b625dd5c61'  AND `id` = 1 LIMIT 1 [ RunTime:0.016000s ]
[ sql ] [ SQL ] SHOW COLUMNS FROM `cx_capability_options` [ RunTime:0.020000s ]
[ sql ] [ SQL ] SELECT * FROM `cx_capability_options` WHERE  `id` = 1  AND `is_del` = 1 LIMIT 1 [ RunTime:0.024000s ]
[ sql ] [ SQL ] UPDATE `cx_capability_options`  SET `capability_id`=1,`sn`='2',`name`='无1',`picture`='选项图片1',`type`=3,`sort`=1,`status`=1  WHERE  `id` = 1 [ RunTime:0.018000s ]
[2022-07-26 13:11:04.121] 127.0.0.1 POST www.shizhi.com/admin/evaluation_capability/optionsave	[runtime=0.149000s] [reqs=6.71req/s] [memory=3,636.16kb] [file=68]	[ info ] [ LANG ] D:\www\shizhi\api\thinkphp\lang\zh-cn.php
[ info ] [ ROUTE ] array (
  'type' => 'module',
  'module' => 
  array (
    0 => 'admin',
    1 => 'evaluation_capability',
    2 => 'optionsave',
  ),
)
[ info ] [ HEADER ] array (
  'content-length' => '931',
  'content-type' => 'multipart/form-data; boundary=--------------------------162626683364415240227266',
  'connection' => 'keep-alive',
  'accept-encoding' => 'gzip, deflate, br',
  'host' => 'www.shizhi.com',
  'accept' => '*/*',
  'user-agent' => 'apifox/1.0.0 (https://www.apifox.cn)',
  'usertoken' => 'MDAwMDAwMDAwMIGEbXY',
  'token' => '3c72970bc0d2064ee7806fad2fb405b625dd5c61',
)
[ info ] [ PARAM ] array (
  'option_id' => '1',
  'evaluation_capability_id' => '1',
  'sn' => '2',
  'name' => '无1',
  'picture' => '选项图片1',
  'type' => '3',
  'status' => '3',
  'sort' => '1',
)
[ info ] [ DB ] INIT mysql
[ info ] [ RUN ] app\admin\controller\EvaluationCapability->optionSave[ D:\www\shizhi\api\app\admin\controller\EvaluationCapability.php ]
[ info ] [ CACHE ] INIT File
[ info ] [ LOG ] INIT File	[ sql ] [ DB ] CONNECT:[ UseTime:0.026000s ] mysql:host=112.125.122.16;port=3306;dbname=jujiashizhi;charset=utf8mb4
[ sql ] [ SQL ] SHOW COLUMNS FROM `cx_system_manager` [ RunTime:0.016000s ]
[ sql ] [ SQL ] SELECT * FROM `cx_system_manager` WHERE  `token` = '3c72970bc0d2064ee7806fad2fb405b625dd5c61'  AND `id` = 1 LIMIT 1 [ RunTime:0.019000s ]
[ sql ] [ SQL ] SHOW COLUMNS FROM `cx_capability_options` [ RunTime:0.020000s ]
[ sql ] [ SQL ] SELECT * FROM `cx_capability_options` WHERE  `id` = 1  AND `is_del` = 1 LIMIT 1 [ RunTime:0.017000s ]
[ sql ] [ SQL ] UPDATE `cx_capability_options`  SET `capability_id`=1,`sn`='2',`name`='无1',`picture`='选项图片1',`type`=3,`sort`=1,`status`=1  WHERE  `id` = 1 [ RunTime:0.019000s ]
[2022-07-26 13:11:58.533] 127.0.0.1 POST www.shizhi.com/admin/evaluation_capability/optionsave	[runtime=0.155000s] [reqs=6.45req/s] [memory=3,636.16kb] [file=68]	[ info ] [ LANG ] D:\www\shizhi\api\thinkphp\lang\zh-cn.php
[ info ] [ ROUTE ] array (
  'type' => 'module',
  'module' => 
  array (
    0 => 'admin',
    1 => 'evaluation_capability',
    2 => 'optionsave',
  ),
)
[ info ] [ HEADER ] array (
  'content-length' => '931',
  'content-type' => 'multipart/form-data; boundary=--------------------------341546340849252950806838',
  'connection' => 'keep-alive',
  'accept-encoding' => 'gzip, deflate, br',
  'host' => 'www.shizhi.com',
  'accept' => '*/*',
  'user-agent' => 'apifox/1.0.0 (https://www.apifox.cn)',
  'usertoken' => 'MDAwMDAwMDAwMIGEbXY',
  'token' => '3c72970bc0d2064ee7806fad2fb405b625dd5c61',
)
[ info ] [ PARAM ] array (
  'option_id' => '1',
  'evaluation_capability_id' => '2',
  'sn' => '2',
  'name' => '无1',
  'picture' => '选项图片1',
  'type' => '2',
  'status' => '2',
  'sort' => '1',
)
[ info ] [ DB ] INIT mysql
[ info ] [ RUN ] app\admin\controller\EvaluationCapability->optionSave[ D:\www\shizhi\api\app\admin\controller\EvaluationCapability.php ]
[ info ] [ CACHE ] INIT File
[ info ] [ LOG ] INIT File	[ sql ] [ DB ] CONNECT:[ UseTime:0.025000s ] mysql:host=112.125.122.16;port=3306;dbname=jujiashizhi;charset=utf8mb4
[ sql ] [ SQL ] SHOW COLUMNS FROM `cx_system_manager` [ RunTime:0.024000s ]
[ sql ] [ SQL ] SELECT * FROM `cx_system_manager` WHERE  `token` = '3c72970bc0d2064ee7806fad2fb405b625dd5c61'  AND `id` = 1 LIMIT 1 [ RunTime:0.016000s ]
[ sql ] [ SQL ] SHOW COLUMNS FROM `cx_capability_options` [ RunTime:0.017000s ]
[ sql ] [ SQL ] SELECT * FROM `cx_capability_options` WHERE  `id` = 1  AND `is_del` = 1 LIMIT 1 [ RunTime:0.017000s ]
[ sql ] [ SQL ] UPDATE `cx_capability_options`  SET `capability_id`=2,`sn`='2',`name`='无1',`picture`='选项图片1',`type`=2,`sort`=1,`status`=1  WHERE  `id` = 1 [ RunTime:0.014000s ]
[2022-07-26 13:12:36.420] 127.0.0.1 POST www.shizhi.com/admin/evaluation_capability/optionsave	[runtime=0.165000s] [reqs=6.06req/s] [memory=3,636.16kb] [file=68]	[ info ] [ LANG ] D:\www\shizhi\api\thinkphp\lang\zh-cn.php
[ info ] [ ROUTE ] array (
  'type' => 'module',
  'module' => 
  array (
    0 => 'admin',
    1 => 'evaluation_capability',
    2 => 'optionsave',
  ),
)
[ info ] [ HEADER ] array (
  'content-length' => '931',
  'content-type' => 'multipart/form-data; boundary=--------------------------767734344485919999640002',
  'connection' => 'keep-alive',
  'accept-encoding' => 'gzip, deflate, br',
  'host' => 'www.shizhi.com',
  'accept' => '*/*',
  'user-agent' => 'apifox/1.0.0 (https://www.apifox.cn)',
  'usertoken' => 'MDAwMDAwMDAwMIGEbXY',
  'token' => '3c72970bc0d2064ee7806fad2fb405b625dd5c61',
)
[ info ] [ PARAM ] array (
  'option_id' => '1',
  'evaluation_capability_id' => '2',
  'sn' => '2',
  'name' => '无1',
  'picture' => '选项图片1',
  'type' => '2',
  'status' => '2',
  'sort' => '2',
)
[ info ] [ DB ] INIT mysql
[ info ] [ RUN ] app\admin\controller\EvaluationCapability->optionSave[ D:\www\shizhi\api\app\admin\controller\EvaluationCapability.php ]
[ info ] [ CACHE ] INIT File
[ info ] [ LOG ] INIT File	[ sql ] [ DB ] CONNECT:[ UseTime:0.026000s ] mysql:host=112.125.122.16;port=3306;dbname=jujiashizhi;charset=utf8mb4
[ sql ] [ SQL ] SHOW COLUMNS FROM `cx_system_manager` [ RunTime:0.022000s ]
[ sql ] [ SQL ] SELECT * FROM `cx_system_manager` WHERE  `token` = '3c72970bc0d2064ee7806fad2fb405b625dd5c61'  AND `id` = 1 LIMIT 1 [ RunTime:0.030000s ]
[ sql ] [ SQL ] SHOW COLUMNS FROM `cx_capability_options` [ RunTime:0.019000s ]
[ sql ] [ SQL ] SELECT * FROM `cx_capability_options` WHERE  `id` = 1  AND `is_del` = 1 LIMIT 1 [ RunTime:0.018000s ]
[ sql ] [ SQL ] UPDATE `cx_capability_options`  SET `capability_id`=2,`sn`='2',`name`='无1',`picture`='选项图片1',`type`=2,`sort`=2,`status`=2  WHERE  `id` = 1 [ RunTime:0.017000s ]
[2022-07-26 13:13:06.233] 127.0.0.1 POST www.shizhi.com/admin/evaluation_capability/optionsave	[runtime=0.281000s] [reqs=3.56req/s] [memory=3,636.16kb] [file=68]	[ info ] [ LANG ] D:\www\shizhi\api\thinkphp\lang\zh-cn.php
[ info ] [ ROUTE ] array (
  'type' => 'module',
  'module' => 
  array (
    0 => 'admin',
    1 => 'evaluation_capability',
    2 => 'optionsave',
  ),
)
[ info ] [ HEADER ] array (
  'content-length' => '929',
  'content-type' => 'multipart/form-data; boundary=--------------------------390003982635471482650383',
  'connection' => 'keep-alive',
  'accept-encoding' => 'gzip, deflate, br',
  'host' => 'www.shizhi.com',
  'accept' => '*/*',
  'user-agent' => 'apifox/1.0.0 (https://www.apifox.cn)',
  'usertoken' => 'MDAwMDAwMDAwMIGEbXY',
  'token' => '3c72970bc0d2064ee7806fad2fb405b625dd5c61',
)
[ info ] [ PARAM ] array (
  'option_id' => '1',
  'evaluation_capability_id' => '1',
  'sn' => '1',
  'name' => '无',
  'picture' => '选项图片',
  'type' => '2',
  'status' => '1',
  'sort' => '0',
)
[ info ] [ DB ] INIT mysql
[ info ] [ RUN ] app\admin\controller\EvaluationCapability->optionSave[ D:\www\shizhi\api\app\admin\controller\EvaluationCapability.php ]
[ info ] [ CACHE ] INIT File
[ info ] [ LOG ] INIT File	[ sql ] [ DB ] CONNECT:[ UseTime:0.031000s ] mysql:host=112.125.122.16;port=3306;dbname=jujiashizhi;charset=utf8mb4
[ sql ] [ SQL ] SHOW COLUMNS FROM `cx_system_manager` [ RunTime:0.051000s ]
[ sql ] [ SQL ] SELECT * FROM `cx_system_manager` WHERE  `token` = '3c72970bc0d2064ee7806fad2fb405b625dd5c61'  AND `id` = 1 LIMIT 1 [ RunTime:0.023000s ]
[ sql ] [ SQL ] SHOW COLUMNS FROM `cx_capability_options` [ RunTime:0.043000s ]
[ sql ] [ SQL ] SELECT * FROM `cx_capability_options` WHERE  `id` = 1  AND `is_del` = 1 LIMIT 1 [ RunTime:0.072000s ]
[ sql ] [ SQL ] UPDATE `cx_capability_options`  SET `capability_id`=1,`sn`='1',`name`='无',`picture`='选项图片',`type`=2,`sort`=0,`status`=1  WHERE  `id` = 1 [ RunTime:0.030000s ]
[2022-07-26 13:13:46.409] 127.0.0.1 POST www.shizhi.com/admin/evaluation_capability/optionsave	[runtime=0.167000s] [reqs=5.99req/s] [memory=3,636.44kb] [file=68]	[ info ] [ LANG ] D:\www\shizhi\api\thinkphp\lang\zh-cn.php
[ info ] [ ROUTE ] array (
  'type' => 'module',
  'module' => 
  array (
    0 => 'admin',
    1 => 'evaluation_capability',
    2 => 'optionsave',
  ),
)
[ info ] [ HEADER ] array (
  'content-length' => '959',
  'content-type' => 'multipart/form-data; boundary=--------------------------140552131225903887683560',
  'connection' => 'keep-alive',
  'accept-encoding' => 'gzip, deflate, br',
  'host' => 'www.shizhi.com',
  'accept' => '*/*',
  'user-agent' => 'apifox/1.0.0 (https://www.apifox.cn)',
  'usertoken' => 'MDAwMDAwMDAwMIGEbXY',
  'token' => '3c72970bc0d2064ee7806fad2fb405b625dd5c61',
)
[ info ] [ PARAM ] array (
  'option_id' => '1',
  'evaluation_capability_id' => '1',
  'sn' => '2',
  'name' => '忘记吃过饭，吃完还想吃',
  'picture' => '选项图片',
  'type' => '2',
  'status' => '1',
  'sort' => '0',
)
[ info ] [ DB ] INIT mysql
[ info ] [ RUN ] app\admin\controller\EvaluationCapability->optionSave[ D:\www\shizhi\api\app\admin\controller\EvaluationCapability.php ]
[ info ] [ CACHE ] INIT File
[ info ] [ LOG ] INIT File	[ sql ] [ DB ] CONNECT:[ UseTime:0.034000s ] mysql:host=112.125.122.16;port=3306;dbname=jujiashizhi;charset=utf8mb4
[ sql ] [ SQL ] SHOW COLUMNS FROM `cx_system_manager` [ RunTime:0.017000s ]
[ sql ] [ SQL ] SELECT * FROM `cx_system_manager` WHERE  `token` = '3c72970bc0d2064ee7806fad2fb405b625dd5c61'  AND `id` = 1 LIMIT 1 [ RunTime:0.018000s ]
[ sql ] [ SQL ] SHOW COLUMNS FROM `cx_capability_options` [ RunTime:0.017000s ]
[ sql ] [ SQL ] SELECT * FROM `cx_capability_options` WHERE  `id` = 1  AND `is_del` = 1 LIMIT 1 [ RunTime:0.023000s ]
[ sql ] [ SQL ] UPDATE `cx_capability_options`  SET `capability_id`=1,`sn`='2',`name`='忘记吃过饭，吃完还想吃',`picture`='选项图片',`type`=2,`sort`=0,`status`=1  WHERE  `id` = 1 [ RunTime:0.024000s ]
[2022-07-26 13:14:19.38] 127.0.0.1 POST www.shizhi.com/admin/evaluation_capability/optionsave	[runtime=1.792000s] [reqs=0.56req/s] [memory=3,509.76kb] [file=65]	[ info ] [ LANG ] D:\www\shizhi\api\thinkphp\lang\zh-cn.php
[ info ] [ ROUTE ] array (
  'type' => 'module',
  'module' => 
  array (
    0 => 'admin',
    1 => 'evaluation_capability',
    2 => 'optionsave',
  ),
)
[ info ] [ HEADER ] array (
  'content-length' => '958',
  'content-type' => 'multipart/form-data; boundary=--------------------------151735961191797124702653',
  'connection' => 'keep-alive',
  'accept-encoding' => 'gzip, deflate, br',
  'host' => 'www.shizhi.com',
  'accept' => '*/*',
  'user-agent' => 'apifox/1.0.0 (https://www.apifox.cn)',
  'usertoken' => 'MDAwMDAwMDAwMIGEbXY',
  'token' => '3c72970bc0d2064ee7806fad2fb405b625dd5c61',
)
[ info ] [ PARAM ] array (
  'option_id' => '',
  'evaluation_capability_id' => '1',
  'sn' => '2',
  'name' => '忘记吃过饭，吃完还想吃',
  'picture' => '选项图片',
  'type' => '2',
  'status' => '1',
  'sort' => '0',
)
[ info ] [ DB ] INIT mysql
[ info ] [ RUN ] app\admin\controller\EvaluationCapability->optionSave[ D:\www\shizhi\api\app\admin\controller\EvaluationCapability.php ]
[ info ] [ LOG ] INIT File	[ sql ] [ DB ] CONNECT:[ UseTime:1.662000s ] mysql:host=112.125.122.16;port=3306;dbname=jujiashizhi;charset=utf8mb4
[ sql ] [ SQL ] SHOW COLUMNS FROM `cx_system_manager` [ RunTime:0.038000s ]
[ sql ] [ SQL ] SELECT * FROM `cx_system_manager` WHERE  `token` = '3c72970bc0d2064ee7806fad2fb405b625dd5c61'  AND `id` = 1 LIMIT 1 [ RunTime:0.017000s ]
[ sql ] [ SQL ] SHOW COLUMNS FROM `cx_capability_options` [ RunTime:0.020000s ]
[ sql ] [ SQL ] INSERT INTO `cx_capability_options` (`capability_id` , `sn` , `name` , `picture` , `type` , `sort` , `status` , `create_time`) VALUES (1 , '2' , '忘记吃过饭，吃完还想吃' , '选项图片' , 2 , 0 , 1 , 1658812459) [ RunTime:0.017000s ]
[2022-07-26 13:14:39.775] 127.0.0.1 POST www.shizhi.com/admin/evaluation_capability/optionsave	[runtime=0.147000s] [reqs=6.80req/s] [memory=3,509.70kb] [file=65]	[ info ] [ LANG ] D:\www\shizhi\api\thinkphp\lang\zh-cn.php
[ info ] [ ROUTE ] array (
  'type' => 'module',
  'module' => 
  array (
    0 => 'admin',
    1 => 'evaluation_capability',
    2 => 'optionsave',
  ),
)
[ info ] [ HEADER ] array (
  'content-length' => '943',
  'content-type' => 'multipart/form-data; boundary=--------------------------985219108310240800640271',
  'connection' => 'keep-alive',
  'accept-encoding' => 'gzip, deflate, br',
  'host' => 'www.shizhi.com',
  'accept' => '*/*',
  'user-agent' => 'apifox/1.0.0 (https://www.apifox.cn)',
  'usertoken' => 'MDAwMDAwMDAwMIGEbXY',
  'token' => '3c72970bc0d2064ee7806fad2fb405b625dd5c61',
)
[ info ] [ PARAM ] array (
  'option_id' => '',
  'evaluation_capability_id' => '1',
  'sn' => '3',
  'name' => '不会选择食物',
  'picture' => '选项图片',
  'type' => '2',
  'status' => '1',
  'sort' => '0',
)
[ info ] [ DB ] INIT mysql
[ info ] [ RUN ] app\admin\controller\EvaluationCapability->optionSave[ D:\www\shizhi\api\app\admin\controller\EvaluationCapability.php ]
[ info ] [ LOG ] INIT File	[ sql ] [ DB ] CONNECT:[ UseTime:0.031000s ] mysql:host=112.125.122.16;port=3306;dbname=jujiashizhi;charset=utf8mb4
[ sql ] [ SQL ] SHOW COLUMNS FROM `cx_system_manager` [ RunTime:0.018000s ]
[ sql ] [ SQL ] SELECT * FROM `cx_system_manager` WHERE  `token` = '3c72970bc0d2064ee7806fad2fb405b625dd5c61'  AND `id` = 1 LIMIT 1 [ RunTime:0.019000s ]
[ sql ] [ SQL ] SHOW COLUMNS FROM `cx_capability_options` [ RunTime:0.026000s ]
[ sql ] [ SQL ] INSERT INTO `cx_capability_options` (`capability_id` , `sn` , `name` , `picture` , `type` , `sort` , `status` , `create_time`) VALUES (1 , '3' , '不会选择食物' , '选项图片' , 2 , 0 , 1 , 1658812479) [ RunTime:0.020000s ]
[2022-07-26 13:36:33.916] 127.0.0.1 POST www.shizhi.com/admin/evaluation_capability/save	[runtime=0.240000s] [reqs=4.17req/s] [memory=3,513.13kb] [file=65]	[ info ] [ LANG ] D:\www\shizhi\api\thinkphp\lang\zh-cn.php
[ info ] [ ROUTE ] array (
  'type' => 'module',
  'module' => 
  array (
    0 => 'admin',
    1 => 'evaluation_capability',
    2 => 'save',
  ),
)
[ info ] [ HEADER ] array (
  'content-length' => '1649',
  'content-type' => 'multipart/form-data; boundary=--------------------------249576031738140712391657',
  'connection' => 'keep-alive',
  'accept-encoding' => 'gzip, deflate, br',
  'host' => 'www.shizhi.com',
  'accept' => '*/*',
  'user-agent' => 'apifox/1.0.0 (https://www.apifox.cn)',
  'usertoken' => 'MDAwMDAwMDAwMIGEbXY',
  'token' => '3c72970bc0d2064ee7806fad2fb405b625dd5c61',
)
[ info ] [ PARAM ] array (
  'evaluation_capability_id' => '',
  'evaluationclass_id' => '2',
  'type' => '2',
  'name' => '诅咒、骂人',
  'sn' => '1',
  'picture' => '图片',
  'status' => '1',
  'sort' => '0',
  'option' => 
  array (
    0 => 
    array (
      'sn' => '1',
      'name' => '无',
      'picture' => '选项图片',
      'type' => '2',
      'status' => '1',
      'sort' => '0',
    ),
  ),
)
[ info ] [ DB ] INIT mysql
[ info ] [ RUN ] app\admin\controller\EvaluationCapability->save[ D:\www\shizhi\api\app\admin\controller\EvaluationCapability.php ]
[ info ] [ LOG ] INIT File	[ sql ] [ DB ] CONNECT:[ UseTime:0.051000s ] mysql:host=112.125.122.16;port=3306;dbname=jujiashizhi;charset=utf8mb4
[ sql ] [ SQL ] SHOW COLUMNS FROM `cx_system_manager` [ RunTime:0.029000s ]
[ sql ] [ SQL ] SELECT * FROM `cx_system_manager` WHERE  `token` = '3c72970bc0d2064ee7806fad2fb405b625dd5c61'  AND `id` = 1 LIMIT 1 [ RunTime:0.020000s ]
[ sql ] [ SQL ] SHOW COLUMNS FROM `cx_capability` [ RunTime:0.015000s ]
[ sql ] [ SQL ] INSERT INTO `cx_capability` (`type` , `classify_id` , `name` , `sn` , `picture` , `sort` , `status` , `create_time`) VALUES (2 , 2 , '诅咒、骂人' , '1' , '图片' , 0 , 1 , 1658813793) [ RunTime:0.024000s ]
[ sql ] [ SQL ] SHOW COLUMNS FROM `cx_capability_options` [ RunTime:0.014000s ]
[ sql ] [ SQL ] INSERT INTO `cx_capability_options` (`sn` , `name` , `picture` , `type` , `sort` , `status` , `capability_id` , `create_time`) VALUES ( '1','无','选项图片','2',0,'1','8',1658813793 ) [ RunTime:0.028000s ]
[2022-07-26 13:37:30.212] 127.0.0.1 POST www.shizhi.com/admin/evaluation_capability/save	[runtime=1.951000s] [reqs=0.51req/s] [memory=3,513.26kb] [file=65]	[ info ] [ LANG ] D:\www\shizhi\api\thinkphp\lang\zh-cn.php
[ info ] [ ROUTE ] array (
  'type' => 'module',
  'module' => 
  array (
    0 => 'admin',
    1 => 'evaluation_capability',
    2 => 'save',
  ),
)
[ info ] [ HEADER ] array (
  'content-length' => '1658',
  'content-type' => 'multipart/form-data; boundary=--------------------------129882727442912367190682',
  'connection' => 'keep-alive',
  'accept-encoding' => 'gzip, deflate, br',
  'host' => 'www.shizhi.com',
  'accept' => '*/*',
  'user-agent' => 'apifox/1.0.0 (https://www.apifox.cn)',
  'usertoken' => 'MDAwMDAwMDAwMIGEbXY',
  'token' => '3c72970bc0d2064ee7806fad2fb405b625dd5c61',
)
[ info ] [ PARAM ] array (
  'evaluation_capability_id' => '',
  'evaluationclass_id' => '2',
  'type' => '2',
  'name' => '打、踢、推、咬人',
  'sn' => '1',
  'picture' => '图片',
  'status' => '1',
  'sort' => '0',
  'option' => 
  array (
    0 => 
    array (
      'sn' => '1',
      'name' => '无',
      'picture' => '选项图片',
      'type' => '2',
      'status' => '1',
      'sort' => '0',
    ),
  ),
)
[ info ] [ DB ] INIT mysql
[ info ] [ RUN ] app\admin\controller\EvaluationCapability->save[ D:\www\shizhi\api\app\admin\controller\EvaluationCapability.php ]
[ info ] [ LOG ] INIT File	[ sql ] [ DB ] CONNECT:[ UseTime:0.350000s ] mysql:host=112.125.122.16;port=3306;dbname=jujiashizhi;charset=utf8mb4
[ sql ] [ SQL ] SHOW COLUMNS FROM `cx_system_manager` [ RunTime:0.075000s ]
[ sql ] [ SQL ] SELECT * FROM `cx_system_manager` WHERE  `token` = '3c72970bc0d2064ee7806fad2fb405b625dd5c61'  AND `id` = 1 LIMIT 1 [ RunTime:0.210000s ]
[ sql ] [ SQL ] SHOW COLUMNS FROM `cx_capability` [ RunTime:0.259000s ]
[ sql ] [ SQL ] INSERT INTO `cx_capability` (`type` , `classify_id` , `name` , `sn` , `picture` , `sort` , `status` , `create_time`) VALUES (2 , 2 , '打、踢、推、咬人' , '1' , '图片' , 0 , 1 , 1658813849) [ RunTime:0.259000s ]
[ sql ] [ SQL ] SHOW COLUMNS FROM `cx_capability_options` [ RunTime:0.233000s ]
[ sql ] [ SQL ] INSERT INTO `cx_capability_options` (`sn` , `name` , `picture` , `type` , `sort` , `status` , `capability_id` , `create_time`) VALUES ( '1','无','选项图片','2',0,'1','9',1658813849 ) [ RunTime:0.265000s ]
[2022-07-26 13:37:44.10] 127.0.0.1 POST www.shizhi.com/admin/evaluation_capability/save	[runtime=2.703000s] [reqs=0.37req/s] [memory=3,513.38kb] [file=65]	[ info ] [ LANG ] D:\www\shizhi\api\thinkphp\lang\zh-cn.php
[ info ] [ ROUTE ] array (
  'type' => 'module',
  'module' => 
  array (
    0 => 'admin',
    1 => 'evaluation_capability',
    2 => 'save',
  ),
)
[ info ] [ HEADER ] array (
  'content-length' => '1670',
  'content-type' => 'multipart/form-data; boundary=--------------------------689134985608877531130412',
  'connection' => 'keep-alive',
  'accept-encoding' => 'gzip, deflate, br',
  'host' => 'www.shizhi.com',
  'accept' => '*/*',
  'user-agent' => 'apifox/1.0.0 (https://www.apifox.cn)',
  'usertoken' => 'MDAwMDAwMDAwMIGEbXY',
  'token' => '3c72970bc0d2064ee7806fad2fb405b625dd5c61',
)
[ info ] [ PARAM ] array (
  'evaluation_capability_id' => '',
  'evaluationclass_id' => '2',
  'type' => '2',
  'name' => '扔东西、撕东西、破坏物品',
  'sn' => '1',
  'picture' => '图片',
  'status' => '1',
  'sort' => '0',
  'option' => 
  array (
    0 => 
    array (
      'sn' => '1',
      'name' => '无',
      'picture' => '选项图片',
      'type' => '2',
      'status' => '1',
      'sort' => '0',
    ),
  ),
)
[ info ] [ DB ] INIT mysql
[ info ] [ RUN ] app\admin\controller\EvaluationCapability->save[ D:\www\shizhi\api\app\admin\controller\EvaluationCapability.php ]
[ info ] [ LOG ] INIT File	[ sql ] [ DB ] CONNECT:[ UseTime:0.413000s ] mysql:host=112.125.122.16;port=3306;dbname=jujiashizhi;charset=utf8mb4
[ sql ] [ SQL ] SHOW COLUMNS FROM `cx_system_manager` [ RunTime:0.276000s ]
[ sql ] [ SQL ] SELECT * FROM `cx_system_manager` WHERE  `token` = '3c72970bc0d2064ee7806fad2fb405b625dd5c61'  AND `id` = 1 LIMIT 1 [ RunTime:0.283000s ]
[ sql ] [ SQL ] SHOW COLUMNS FROM `cx_capability` [ RunTime:0.270000s ]
[ sql ] [ SQL ] INSERT INTO `cx_capability` (`type` , `classify_id` , `name` , `sn` , `picture` , `sort` , `status` , `create_time`) VALUES (2 , 2 , '扔东西、撕东西、破坏物品' , '1' , '图片' , 0 , 1 , 1658813862) [ RunTime:0.275000s ]
[ sql ] [ SQL ] SHOW COLUMNS FROM `cx_capability_options` [ RunTime:0.274000s ]
[ sql ] [ SQL ] INSERT INTO `cx_capability_options` (`sn` , `name` , `picture` , `type` , `sort` , `status` , `capability_id` , `create_time`) VALUES ( '1','无','选项图片','2',0,'1','10',1658813862 ) [ RunTime:0.615000s ]
[2022-07-26 13:37:53.198] 127.0.0.1 POST www.shizhi.com/admin/evaluation_capability/save	[runtime=4.324000s] [reqs=0.23req/s] [memory=3,513.38kb] [file=65]	[ info ] [ LANG ] D:\www\shizhi\api\thinkphp\lang\zh-cn.php
[ info ] [ ROUTE ] array (
  'type' => 'module',
  'module' => 
  array (
    0 => 'admin',
    1 => 'evaluation_capability',
    2 => 'save',
  ),
)
[ info ] [ HEADER ] array (
  'content-length' => '1676',
  'content-type' => 'multipart/form-data; boundary=--------------------------241094823957472290490181',
  'connection' => 'keep-alive',
  'accept-encoding' => 'gzip, deflate, br',
  'host' => 'www.shizhi.com',
  'accept' => '*/*',
  'user-agent' => 'apifox/1.0.0 (https://www.apifox.cn)',
  'usertoken' => 'MDAwMDAwMDAwMIGEbXY',
  'token' => '3c72970bc0d2064ee7806fad2fb405b625dd5c61',
)
[ info ] [ PARAM ] array (
  'evaluation_capability_id' => '',
  'evaluationclass_id' => '2',
  'type' => '2',
  'name' => '说与性有关的话、有性骚扰行为',
  'sn' => '1',
  'picture' => '图片',
  'status' => '1',
  'sort' => '0',
  'option' => 
  array (
    0 => 
    array (
      'sn' => '1',
      'name' => '无',
      'picture' => '选项图片',
      'type' => '2',
      'status' => '1',
      'sort' => '0',
    ),
  ),
)
[ info ] [ DB ] INIT mysql
[ info ] [ RUN ] app\admin\controller\EvaluationCapability->save[ D:\www\shizhi\api\app\admin\controller\EvaluationCapability.php ]
[ info ] [ LOG ] INIT File	[ sql ] [ DB ] CONNECT:[ UseTime:1.612000s ] mysql:host=112.125.122.16;port=3306;dbname=jujiashizhi;charset=utf8mb4
[ sql ] [ SQL ] SHOW COLUMNS FROM `cx_system_manager` [ RunTime:0.274000s ]
[ sql ] [ SQL ] SELECT * FROM `cx_system_manager` WHERE  `token` = '3c72970bc0d2064ee7806fad2fb405b625dd5c61'  AND `id` = 1 LIMIT 1 [ RunTime:0.272000s ]
[ sql ] [ SQL ] SHOW COLUMNS FROM `cx_capability` [ RunTime:0.280000s ]
[ sql ] [ SQL ] INSERT INTO `cx_capability` (`type` , `classify_id` , `name` , `sn` , `picture` , `sort` , `status` , `create_time`) VALUES (2 , 2 , '说与性有关的话、有性骚扰行为' , '1' , '图片' , 0 , 1 , 1658813871) [ RunTime:0.305000s ]
[ sql ] [ SQL ] SHOW COLUMNS FROM `cx_capability_options` [ RunTime:0.645000s ]
[ sql ] [ SQL ] INSERT INTO `cx_capability_options` (`sn` , `name` , `picture` , `type` , `sort` , `status` , `capability_id` , `create_time`) VALUES ( '1','无','选项图片','2',0,'1','11',1658813872 ) [ RunTime:0.277000s ]
[2022-07-26 13:38:04.204] 127.0.0.1 POST www.shizhi.com/admin/evaluation_capability/save	[runtime=2.729000s] [reqs=0.37req/s] [memory=3,514.01kb] [file=65]	[ info ] [ LANG ] D:\www\shizhi\api\thinkphp\lang\zh-cn.php
[ info ] [ ROUTE ] array (
  'type' => 'module',
  'module' => 
  array (
    0 => 'admin',
    1 => 'evaluation_capability',
    2 => 'save',
  ),
)
[ info ] [ HEADER ] array (
  'content-length' => '1768',
  'content-type' => 'multipart/form-data; boundary=--------------------------935979900793583008302686',
  'connection' => 'keep-alive',
  'accept-encoding' => 'gzip, deflate, br',
  'host' => 'www.shizhi.com',
  'accept' => '*/*',
  'user-agent' => 'apifox/1.0.0 (https://www.apifox.cn)',
  'usertoken' => 'MDAwMDAwMDAwMIGEbXY',
  'token' => '3c72970bc0d2064ee7806fad2fb405b625dd5c61',
)
[ info ] [ PARAM ] array (
  'evaluation_capability_id' => '',
  'evaluationclass_id' => '2',
  'type' => '2',
  'name' => '徘徊和游荡--无目的地持续来回走动，或试图走到其他地方，如走出楼外、溜出房间、进入他人房间等',
  'sn' => '1',
  'picture' => '图片',
  'status' => '1',
  'sort' => '0',
  'option' => 
  array (
    0 => 
    array (
      'sn' => '1',
      'name' => '无',
      'picture' => '选项图片',
      'type' => '2',
      'status' => '1',
      'sort' => '0',
    ),
  ),
)
[ info ] [ DB ] INIT mysql
[ info ] [ RUN ] app\admin\controller\EvaluationCapability->save[ D:\www\shizhi\api\app\admin\controller\EvaluationCapability.php ]
[ info ] [ LOG ] INIT File	[ sql ] [ DB ] CONNECT:[ UseTime:0.409000s ] mysql:host=112.125.122.16;port=3306;dbname=jujiashizhi;charset=utf8mb4
[ sql ] [ SQL ] SHOW COLUMNS FROM `cx_system_manager` [ RunTime:0.273000s ]
[ sql ] [ SQL ] SELECT * FROM `cx_system_manager` WHERE  `token` = '3c72970bc0d2064ee7806fad2fb405b625dd5c61'  AND `id` = 1 LIMIT 1 [ RunTime:0.274000s ]
[ sql ] [ SQL ] SHOW COLUMNS FROM `cx_capability` [ RunTime:0.284000s ]
[ sql ] [ SQL ] INSERT INTO `cx_capability` (`type` , `classify_id` , `name` , `sn` , `picture` , `sort` , `status` , `create_time`) VALUES (2 , 2 , '徘徊和游荡--无目的地持续来回走动，或试图走到其他地方，如走出楼外、溜出房间、进入他人房间等' , '1' , '图片' , 0 , 1 , 1658813882) [ RunTime:0.286000s ]
[ sql ] [ SQL ] SHOW COLUMNS FROM `cx_capability_options` [ RunTime:0.280000s ]
[ sql ] [ SQL ] INSERT INTO `cx_capability_options` (`sn` , `name` , `picture` , `type` , `sort` , `status` , `capability_id` , `create_time`) VALUES ( '1','无','选项图片','2',0,'1','12',1658813883 ) [ RunTime:0.279000s ]
[2022-07-26 13:38:30.5] 127.0.0.1 POST www.shizhi.com/admin/evaluation_capability/save	[runtime=2.452000s] [reqs=0.41req/s] [memory=3,513.63kb] [file=65]	[ info ] [ LANG ] D:\www\shizhi\api\thinkphp\lang\zh-cn.php
[ info ] [ ROUTE ] array (
  'type' => 'module',
  'module' => 
  array (
    0 => 'admin',
    1 => 'evaluation_capability',
    2 => 'save',
  ),
)
[ info ] [ HEADER ] array (
  'content-length' => '1702',
  'content-type' => 'multipart/form-data; boundary=--------------------------037370097205841157982171',
  'connection' => 'keep-alive',
  'accept-encoding' => 'gzip, deflate, br',
  'host' => 'www.shizhi.com',
  'accept' => '*/*',
  'user-agent' => 'apifox/1.0.0 (https://www.apifox.cn)',
  'usertoken' => 'MDAwMDAwMDAwMIGEbXY',
  'token' => '3c72970bc0d2064ee7806fad2fb405b625dd5c61',
)
[ info ] [ PARAM ] array (
  'evaluation_capability_id' => '',
  'evaluationclass_id' => '2',
  'type' => '2',
  'name' => '重复动作--拍打、敲击、揉搓、吮手指、穿脱鞋子等',
  'sn' => '1',
  'picture' => '图片',
  'status' => '1',
  'sort' => '0',
  'option' => 
  array (
    0 => 
    array (
      'sn' => '1',
      'name' => '无',
      'picture' => '选项图片',
      'type' => '2',
      'status' => '1',
      'sort' => '0',
    ),
  ),
)
[ info ] [ DB ] INIT mysql
[ info ] [ RUN ] app\admin\controller\EvaluationCapability->save[ D:\www\shizhi\api\app\admin\controller\EvaluationCapability.php ]
[ info ] [ LOG ] INIT File	[ sql ] [ DB ] CONNECT:[ UseTime:0.447000s ] mysql:host=112.125.122.16;port=3306;dbname=jujiashizhi;charset=utf8mb4
[ sql ] [ SQL ] SHOW COLUMNS FROM `cx_system_manager` [ RunTime:0.289000s ]
[ sql ] [ SQL ] SELECT * FROM `cx_system_manager` WHERE  `token` = '3c72970bc0d2064ee7806fad2fb405b625dd5c61'  AND `id` = 1 LIMIT 1 [ RunTime:0.230000s ]
[ sql ] [ SQL ] SHOW COLUMNS FROM `cx_capability` [ RunTime:0.268000s ]
[ sql ] [ SQL ] INSERT INTO `cx_capability` (`type` , `classify_id` , `name` , `sn` , `picture` , `sort` , `status` , `create_time`) VALUES (2 , 2 , '重复动作--拍打、敲击、揉搓、吮手指、穿脱鞋子等' , '1' , '图片' , 0 , 1 , 1658813909) [ RunTime:0.246000s ]
[ sql ] [ SQL ] SHOW COLUMNS FROM `cx_capability_options` [ RunTime:0.211000s ]
[ sql ] [ SQL ] INSERT INTO `cx_capability_options` (`sn` , `name` , `picture` , `type` , `sort` , `status` , `capability_id` , `create_time`) VALUES ( '1','无','选项图片','2',0,'1','13',1658813909 ) [ RunTime:0.147000s ]
[2022-07-26 13:38:59.117] 127.0.0.1 POST www.shizhi.com/admin/evaluation_capability/save	[runtime=3.129000s] [reqs=0.32req/s] [memory=3,513.38kb] [file=65]	[ info ] [ LANG ] D:\www\shizhi\api\thinkphp\lang\zh-cn.php
[ info ] [ ROUTE ] array (
  'type' => 'module',
  'module' => 
  array (
    0 => 'admin',
    1 => 'evaluation_capability',
    2 => 'save',
  ),
)
[ info ] [ HEADER ] array (
  'content-length' => '1664',
  'content-type' => 'multipart/form-data; boundary=--------------------------739495338286918919210567',
  'connection' => 'keep-alive',
  'accept-encoding' => 'gzip, deflate, br',
  'host' => 'www.shizhi.com',
  'accept' => '*/*',
  'user-agent' => 'apifox/1.0.0 (https://www.apifox.cn)',
  'usertoken' => 'MDAwMDAwMDAwMIGEbXY',
  'token' => '3c72970bc0d2064ee7806fad2fb405b625dd5c61',
)
[ info ] [ PARAM ] array (
  'evaluation_capability_id' => '',
  'evaluationclass_id' => '2',
  'type' => '2',
  'name' => '重复说或问同一个问题',
  'sn' => '1',
  'picture' => '图片',
  'status' => '1',
  'sort' => '0',
  'option' => 
  array (
    0 => 
    array (
      'sn' => '1',
      'name' => '无',
      'picture' => '选项图片',
      'type' => '2',
      'status' => '1',
      'sort' => '0',
    ),
  ),
)
[ info ] [ DB ] INIT mysql
[ info ] [ RUN ] app\admin\controller\EvaluationCapability->save[ D:\www\shizhi\api\app\admin\controller\EvaluationCapability.php ]
[ info ] [ LOG ] INIT File	[ sql ] [ DB ] CONNECT:[ UseTime:0.419000s ] mysql:host=112.125.122.16;port=3306;dbname=jujiashizhi;charset=utf8mb4
[ sql ] [ SQL ] SHOW COLUMNS FROM `cx_system_manager` [ RunTime:0.259000s ]
[ sql ] [ SQL ] SELECT * FROM `cx_system_manager` WHERE  `token` = '3c72970bc0d2064ee7806fad2fb405b625dd5c61'  AND `id` = 1 LIMIT 1 [ RunTime:0.269000s ]
[ sql ] [ SQL ] SHOW COLUMNS FROM `cx_capability` [ RunTime:0.267000s ]
[ sql ] [ SQL ] INSERT INTO `cx_capability` (`type` , `classify_id` , `name` , `sn` , `picture` , `sort` , `status` , `create_time`) VALUES (2 , 2 , '重复说或问同一个问题' , '1' , '图片' , 0 , 1 , 1658813937) [ RunTime:0.254000s ]
[ sql ] [ SQL ] SHOW COLUMNS FROM `cx_capability_options` [ RunTime:1.206000s ]
[ sql ] [ SQL ] INSERT INTO `cx_capability_options` (`sn` , `name` , `picture` , `type` , `sort` , `status` , `capability_id` , `create_time`) VALUES ( '1','无','选项图片','2',0,'1','14',1658813937 ) [ RunTime:0.202000s ]
[2022-07-26 13:39:09.376] 127.0.0.1 POST www.shizhi.com/admin/evaluation_capability/save	[runtime=2.297000s] [reqs=0.44req/s] [memory=3,513.38kb] [file=65]	[ info ] [ LANG ] D:\www\shizhi\api\thinkphp\lang\zh-cn.php
[ info ] [ ROUTE ] array (
  'type' => 'module',
  'module' => 
  array (
    0 => 'admin',
    1 => 'evaluation_capability',
    2 => 'save',
  ),
)
[ info ] [ HEADER ] array (
  'content-length' => '1670',
  'content-type' => 'multipart/form-data; boundary=--------------------------146739107812498564694058',
  'connection' => 'keep-alive',
  'accept-encoding' => 'gzip, deflate, br',
  'host' => 'www.shizhi.com',
  'accept' => '*/*',
  'user-agent' => 'apifox/1.0.0 (https://www.apifox.cn)',
  'usertoken' => 'MDAwMDAwMDAwMIGEbXY',
  'token' => '3c72970bc0d2064ee7806fad2fb405b625dd5c61',
)
[ info ] [ PARAM ] array (
  'evaluation_capability_id' => '',
  'evaluationclass_id' => '2',
  'type' => '2',
  'name' => '藏东西、储藏无价值的物品',
  'sn' => '1',
  'picture' => '图片',
  'status' => '1',
  'sort' => '0',
  'option' => 
  array (
    0 => 
    array (
      'sn' => '1',
      'name' => '无',
      'picture' => '选项图片',
      'type' => '2',
      'status' => '1',
      'sort' => '0',
    ),
  ),
)
[ info ] [ DB ] INIT mysql
[ info ] [ RUN ] app\admin\controller\EvaluationCapability->save[ D:\www\shizhi\api\app\admin\controller\EvaluationCapability.php ]
[ info ] [ LOG ] INIT File	[ sql ] [ DB ] CONNECT:[ UseTime:0.415000s ] mysql:host=112.125.122.16;port=3306;dbname=jujiashizhi;charset=utf8mb4
[ sql ] [ SQL ] SHOW COLUMNS FROM `cx_system_manager` [ RunTime:0.273000s ]
[ sql ] [ SQL ] SELECT * FROM `cx_system_manager` WHERE  `token` = '3c72970bc0d2064ee7806fad2fb405b625dd5c61'  AND `id` = 1 LIMIT 1 [ RunTime:0.223000s ]
[ sql ] [ SQL ] SHOW COLUMNS FROM `cx_capability` [ RunTime:0.273000s ]
[ sql ] [ SQL ] INSERT INTO `cx_capability` (`type` , `classify_id` , `name` , `sn` , `picture` , `sort` , `status` , `create_time`) VALUES (2 , 2 , '藏东西、储藏无价值的物品' , '1' , '图片' , 0 , 1 , 1658813948) [ RunTime:0.271000s ]
[ sql ] [ SQL ] SHOW COLUMNS FROM `cx_capability_options` [ RunTime:0.274000s ]
[ sql ] [ SQL ] INSERT INTO `cx_capability_options` (`sn` , `name` , `picture` , `type` , `sort` , `status` , `capability_id` , `create_time`) VALUES ( '1','无','选项图片','2',0,'1','15',1658813948 ) [ RunTime:0.273000s ]
[2022-07-26 13:39:29.592] 127.0.0.1 POST www.shizhi.com/admin/evaluation_capability/save	[runtime=2.195000s] [reqs=0.46req/s] [memory=3,513.38kb] [file=65]	[ info ] [ LANG ] D:\www\shizhi\api\thinkphp\lang\zh-cn.php
[ info ] [ ROUTE ] array (
  'type' => 'module',
  'module' => 
  array (
    0 => 'admin',
    1 => 'evaluation_capability',
    2 => 'save',
  ),
)
[ info ] [ HEADER ] array (
  'content-length' => '1667',
  'content-type' => 'multipart/form-data; boundary=--------------------------292304165414378148644782',
  'connection' => 'keep-alive',
  'accept-encoding' => 'gzip, deflate, br',
  'host' => 'www.shizhi.com',
  'accept' => '*/*',
  'user-agent' => 'apifox/1.0.0 (https://www.apifox.cn)',
  'usertoken' => 'MDAwMDAwMDAwMIGEbXY',
  'token' => '3c72970bc0d2064ee7806fad2fb405b625dd5c61',
)
[ info ] [ PARAM ] array (
  'evaluation_capability_id' => '',
  'evaluationclass_id' => '2',
  'type' => '2',
  'name' => '持续要求帮助或引人注意',
  'sn' => '1',
  'picture' => '图片',
  'status' => '1',
  'sort' => '0',
  'option' => 
  array (
    0 => 
    array (
      'sn' => '1',
      'name' => '无',
      'picture' => '选项图片',
      'type' => '2',
      'status' => '1',
      'sort' => '0',
    ),
  ),
)
[ info ] [ DB ] INIT mysql
[ info ] [ RUN ] app\admin\controller\EvaluationCapability->save[ D:\www\shizhi\api\app\admin\controller\EvaluationCapability.php ]
[ info ] [ LOG ] INIT File	[ sql ] [ DB ] CONNECT:[ UseTime:0.287000s ] mysql:host=112.125.122.16;port=3306;dbname=jujiashizhi;charset=utf8mb4
[ sql ] [ SQL ] SHOW COLUMNS FROM `cx_system_manager` [ RunTime:0.184000s ]
[ sql ] [ SQL ] SELECT * FROM `cx_system_manager` WHERE  `token` = '3c72970bc0d2064ee7806fad2fb405b625dd5c61'  AND `id` = 1 LIMIT 1 [ RunTime:0.216000s ]
[ sql ] [ SQL ] SHOW COLUMNS FROM `cx_capability` [ RunTime:0.232000s ]
[ sql ] [ SQL ] INSERT INTO `cx_capability` (`type` , `classify_id` , `name` , `sn` , `picture` , `sort` , `status` , `create_time`) VALUES (2 , 2 , '持续要求帮助或引人注意' , '1' , '图片' , 0 , 1 , 1658813968) [ RunTime:0.558000s ]
[ sql ] [ SQL ] SHOW COLUMNS FROM `cx_capability_options` [ RunTime:0.254000s ]
[ sql ] [ SQL ] INSERT INTO `cx_capability_options` (`sn` , `name` , `picture` , `type` , `sort` , `status` , `capability_id` , `create_time`) VALUES ( '1','无','选项图片','2',0,'1','16',1658813969 ) [ RunTime:0.225000s ]
[2022-07-26 13:40:12.334] 127.0.0.1 POST www.shizhi.com/admin/evaluation_capability/save	[runtime=0.180000s] [reqs=5.56req/s] [memory=3,513.20kb] [file=65]	[ info ] [ LANG ] D:\www\shizhi\api\thinkphp\lang\zh-cn.php
[ info ] [ ROUTE ] array (
  'type' => 'module',
  'module' => 
  array (
    0 => 'admin',
    1 => 'evaluation_capability',
    2 => 'save',
  ),
)
[ info ] [ HEADER ] array (
  'content-length' => '1653',
  'content-type' => 'multipart/form-data; boundary=--------------------------156171056853245137136453',
  'connection' => 'keep-alive',
  'accept-encoding' => 'gzip, deflate, br',
  'host' => 'www.shizhi.com',
  'accept' => '*/*',
  'user-agent' => 'apifox/1.0.0 (https://www.apifox.cn)',
  'usertoken' => 'MDAwMDAwMDAwMIGEbXY',
  'token' => '3c72970bc0d2064ee7806fad2fb405b625dd5c61',
)
[ info ] [ PARAM ] array (
  'evaluation_capability_id' => '',
  'evaluationclass_id' => '2',
  'type' => '2',
  'name' => '抱怨、发牢骚 ',
  'sn' => '1',
  'picture' => '图片',
  'status' => '1',
  'sort' => '0',
  'option' => 
  array (
    0 => 
    array (
      'sn' => '1',
      'name' => '无',
      'picture' => '选项图片',
      'type' => '2',
      'status' => '1',
      'sort' => '0',
    ),
  ),
)
[ info ] [ DB ] INIT mysql
[ info ] [ RUN ] app\admin\controller\EvaluationCapability->save[ D:\www\shizhi\api\app\admin\controller\EvaluationCapability.php ]
[ info ] [ LOG ] INIT File	[ sql ] [ DB ] CONNECT:[ UseTime:0.028000s ] mysql:host=112.125.122.16;port=3306;dbname=jujiashizhi;charset=utf8mb4
[ sql ] [ SQL ] SHOW COLUMNS FROM `cx_system_manager` [ RunTime:0.017000s ]
[ sql ] [ SQL ] SELECT * FROM `cx_system_manager` WHERE  `token` = '3c72970bc0d2064ee7806fad2fb405b625dd5c61'  AND `id` = 1 LIMIT 1 [ RunTime:0.018000s ]
[ sql ] [ SQL ] SHOW COLUMNS FROM `cx_capability` [ RunTime:0.019000s ]
[ sql ] [ SQL ] INSERT INTO `cx_capability` (`type` , `classify_id` , `name` , `sn` , `picture` , `sort` , `status` , `create_time`) VALUES (2 , 2 , '抱怨、发牢骚 ' , '1' , '图片' , 0 , 1 , 1658814012) [ RunTime:0.019000s ]
[ sql ] [ SQL ] SHOW COLUMNS FROM `cx_capability_options` [ RunTime:0.016000s ]
[ sql ] [ SQL ] INSERT INTO `cx_capability_options` (`sn` , `name` , `picture` , `type` , `sort` , `status` , `capability_id` , `create_time`) VALUES ( '1','无','选项图片','2',0,'1','17',1658814012 ) [ RunTime:0.016000s ]
[2022-07-26 13:40:44.78] 127.0.0.1 POST www.shizhi.com/admin/evaluation_capability/save	[runtime=0.173000s] [reqs=5.78req/s] [memory=3,513.38kb] [file=65]	[ info ] [ LANG ] D:\www\shizhi\api\thinkphp\lang\zh-cn.php
[ info ] [ ROUTE ] array (
  'type' => 'module',
  'module' => 
  array (
    0 => 'admin',
    1 => 'evaluation_capability',
    2 => 'save',
  ),
)
[ info ] [ HEADER ] array (
  'content-length' => '1664',
  'content-type' => 'multipart/form-data; boundary=--------------------------315689742960466787502548',
  'connection' => 'keep-alive',
  'accept-encoding' => 'gzip, deflate, br',
  'host' => 'www.shizhi.com',
  'accept' => '*/*',
  'user-agent' => 'apifox/1.0.0 (https://www.apifox.cn)',
  'usertoken' => 'MDAwMDAwMDAwMIGEbXY',
  'token' => '3c72970bc0d2064ee7806fad2fb405b625dd5c61',
)
[ info ] [ PARAM ] array (
  'evaluation_capability_id' => '',
  'evaluationclass_id' => '2',
  'type' => '2',
  'name' => '发出奇怪的笑声或哭声',
  'sn' => '1',
  'picture' => '图片',
  'status' => '1',
  'sort' => '0',
  'option' => 
  array (
    0 => 
    array (
      'sn' => '1',
      'name' => '无',
      'picture' => '选项图片',
      'type' => '2',
      'status' => '1',
      'sort' => '0',
    ),
  ),
)
[ info ] [ DB ] INIT mysql
[ info ] [ RUN ] app\admin\controller\EvaluationCapability->save[ D:\www\shizhi\api\app\admin\controller\EvaluationCapability.php ]
[ info ] [ LOG ] INIT File	[ sql ] [ DB ] CONNECT:[ UseTime:0.023000s ] mysql:host=112.125.122.16;port=3306;dbname=jujiashizhi;charset=utf8mb4
[ sql ] [ SQL ] SHOW COLUMNS FROM `cx_system_manager` [ RunTime:0.016000s ]
[ sql ] [ SQL ] SELECT * FROM `cx_system_manager` WHERE  `token` = '3c72970bc0d2064ee7806fad2fb405b625dd5c61'  AND `id` = 1 LIMIT 1 [ RunTime:0.015000s ]
[ sql ] [ SQL ] SHOW COLUMNS FROM `cx_capability` [ RunTime:0.017000s ]
[ sql ] [ SQL ] INSERT INTO `cx_capability` (`type` , `classify_id` , `name` , `sn` , `picture` , `sort` , `status` , `create_time`) VALUES (2 , 2 , '发出奇怪的笑声或哭声' , '1' , '图片' , 0 , 1 , 1658814043) [ RunTime:0.015000s ]
[ sql ] [ SQL ] SHOW COLUMNS FROM `cx_capability_options` [ RunTime:0.015000s ]
[ sql ] [ SQL ] INSERT INTO `cx_capability_options` (`sn` , `name` , `picture` , `type` , `sort` , `status` , `capability_id` , `create_time`) VALUES ( '1','无','选项图片','2',0,'1','18',1658814044 ) [ RunTime:0.025000s ]
[2022-07-26 13:40:51.752] 127.0.0.1 POST www.shizhi.com/admin/evaluation_capability/save	[runtime=0.190000s] [reqs=5.26req/s] [memory=3,513.38kb] [file=65]	[ info ] [ LANG ] D:\www\shizhi\api\thinkphp\lang\zh-cn.php
[ info ] [ ROUTE ] array (
  'type' => 'module',
  'module' => 
  array (
    0 => 'admin',
    1 => 'evaluation_capability',
    2 => 'save',
  ),
)
[ info ] [ HEADER ] array (
  'content-length' => '1672',
  'content-type' => 'multipart/form-data; boundary=--------------------------450967869222182650695321',
  'connection' => 'keep-alive',
  'accept-encoding' => 'gzip, deflate, br',
  'host' => 'www.shizhi.com',
  'accept' => '*/*',
  'user-agent' => 'apifox/1.0.0 (https://www.apifox.cn)',
  'usertoken' => 'MDAwMDAwMDAwMIGEbXY',
  'token' => '3c72970bc0d2064ee7806fad2fb405b625dd5c61',
)
[ info ] [ PARAM ] array (
  'evaluation_capability_id' => '',
  'evaluationclass_id' => '2',
  'type' => '2',
  'name' => '尖叫--大声高调地喊叫、吼叫',
  'sn' => '1',
  'picture' => '图片',
  'status' => '1',
  'sort' => '0',
  'option' => 
  array (
    0 => 
    array (
      'sn' => '1',
      'name' => '无',
      'picture' => '选项图片',
      'type' => '2',
      'status' => '1',
      'sort' => '0',
    ),
  ),
)
[ info ] [ DB ] INIT mysql
[ info ] [ RUN ] app\admin\controller\EvaluationCapability->save[ D:\www\shizhi\api\app\admin\controller\EvaluationCapability.php ]
[ info ] [ LOG ] INIT File	[ sql ] [ DB ] CONNECT:[ UseTime:0.029000s ] mysql:host=112.125.122.16;port=3306;dbname=jujiashizhi;charset=utf8mb4
[ sql ] [ SQL ] SHOW COLUMNS FROM `cx_system_manager` [ RunTime:0.018000s ]
[ sql ] [ SQL ] SELECT * FROM `cx_system_manager` WHERE  `token` = '3c72970bc0d2064ee7806fad2fb405b625dd5c61'  AND `id` = 1 LIMIT 1 [ RunTime:0.019000s ]
[ sql ] [ SQL ] SHOW COLUMNS FROM `cx_capability` [ RunTime:0.019000s ]
[ sql ] [ SQL ] INSERT INTO `cx_capability` (`type` , `classify_id` , `name` , `sn` , `picture` , `sort` , `status` , `create_time`) VALUES (2 , 2 , '尖叫--大声高调地喊叫、吼叫' , '1' , '图片' , 0 , 1 , 1658814051) [ RunTime:0.022000s ]
[ sql ] [ SQL ] SHOW COLUMNS FROM `cx_capability_options` [ RunTime:0.016000s ]
[ sql ] [ SQL ] INSERT INTO `cx_capability_options` (`sn` , `name` , `picture` , `type` , `sort` , `status` , `capability_id` , `create_time`) VALUES ( '1','无','选项图片','2',0,'1','19',1658814051 ) [ RunTime:0.022000s ]
[2022-07-26 13:41:10.703] 127.0.0.1 POST www.shizhi.com/admin/evaluation_capability/save	[runtime=0.164000s] [reqs=6.10req/s] [memory=3,513.26kb] [file=65]	[ info ] [ LANG ] D:\www\shizhi\api\thinkphp\lang\zh-cn.php
[ info ] [ ROUTE ] array (
  'type' => 'module',
  'module' => 
  array (
    0 => 'admin',
    1 => 'evaluation_capability',
    2 => 'save',
  ),
)
[ info ] [ HEADER ] array (
  'content-length' => '1660',
  'content-type' => 'multipart/form-data; boundary=--------------------------816626380633037923421088',
  'connection' => 'keep-alive',
  'accept-encoding' => 'gzip, deflate, br',
  'host' => 'www.shizhi.com',
  'accept' => '*/*',
  'user-agent' => 'apifox/1.0.0 (https://www.apifox.cn)',
  'usertoken' => 'MDAwMDAwMDAwMIGEbXY',
  'token' => '3c72970bc0d2064ee7806fad2fb405b625dd5c61',
)
[ info ] [ PARAM ] array (
  'evaluation_capability_id' => '',
  'evaluationclass_id' => '2',
  'type' => '2',
  'name' => '幻觉--如幻听、幻视',
  'sn' => '1',
  'picture' => '图片',
  'status' => '1',
  'sort' => '0',
  'option' => 
  array (
    0 => 
    array (
      'sn' => '1',
      'name' => '无',
      'picture' => '选项图片',
      'type' => '2',
      'status' => '1',
      'sort' => '0',
    ),
  ),
)
[ info ] [ DB ] INIT mysql
[ info ] [ RUN ] app\admin\controller\EvaluationCapability->save[ D:\www\shizhi\api\app\admin\controller\EvaluationCapability.php ]
[ info ] [ LOG ] INIT File	[ sql ] [ DB ] CONNECT:[ UseTime:0.022000s ] mysql:host=112.125.122.16;port=3306;dbname=jujiashizhi;charset=utf8mb4
[ sql ] [ SQL ] SHOW COLUMNS FROM `cx_system_manager` [ RunTime:0.012000s ]
[ sql ] [ SQL ] SELECT * FROM `cx_system_manager` WHERE  `token` = '3c72970bc0d2064ee7806fad2fb405b625dd5c61'  AND `id` = 1 LIMIT 1 [ RunTime:0.013000s ]
[ sql ] [ SQL ] SHOW COLUMNS FROM `cx_capability` [ RunTime:0.017000s ]
[ sql ] [ SQL ] INSERT INTO `cx_capability` (`type` , `classify_id` , `name` , `sn` , `picture` , `sort` , `status` , `create_time`) VALUES (2 , 2 , '幻觉--如幻听、幻视' , '1' , '图片' , 0 , 1 , 1658814070) [ RunTime:0.021000s ]
[ sql ] [ SQL ] SHOW COLUMNS FROM `cx_capability_options` [ RunTime:0.014000s ]
[ sql ] [ SQL ] INSERT INTO `cx_capability_options` (`sn` , `name` , `picture` , `type` , `sort` , `status` , `capability_id` , `create_time`) VALUES ( '1','无','选项图片','2',0,'1','20',1658814070 ) [ RunTime:0.022000s ]
[2022-07-26 13:41:51.514] 127.0.0.1 POST www.shizhi.com/admin/evaluation_capability/save	[runtime=0.168000s] [reqs=5.95req/s] [memory=3,513.63kb] [file=65]	[ info ] [ LANG ] D:\www\shizhi\api\thinkphp\lang\zh-cn.php
[ info ] [ ROUTE ] array (
  'type' => 'module',
  'module' => 
  array (
    0 => 'admin',
    1 => 'evaluation_capability',
    2 => 'save',
  ),
)
[ info ] [ HEADER ] array (
  'content-length' => '1696',
  'content-type' => 'multipart/form-data; boundary=--------------------------732871038193492096411193',
  'connection' => 'keep-alive',
  'accept-encoding' => 'gzip, deflate, br',
  'host' => 'www.shizhi.com',
  'accept' => '*/*',
  'user-agent' => 'apifox/1.0.0 (https://www.apifox.cn)',
  'usertoken' => 'MDAwMDAwMDAwMIGEbXY',
  'token' => '3c72970bc0d2064ee7806fad2fb405b625dd5c61',
)
[ info ] [ PARAM ] array (
  'evaluation_capability_id' => '',
  'evaluationclass_id' => '2',
  'type' => '2',
  'name' => '妄想--怀疑老伴儿有外遇、被窃妄想、被害妄想',
  'sn' => '1',
  'picture' => '图片',
  'status' => '1',
  'sort' => '0',
  'option' => 
  array (
    0 => 
    array (
      'sn' => '1',
      'name' => '无',
      'picture' => '选项图片',
      'type' => '2',
      'status' => '1',
      'sort' => '0',
    ),
  ),
)
[ info ] [ DB ] INIT mysql
[ info ] [ RUN ] app\admin\controller\EvaluationCapability->save[ D:\www\shizhi\api\app\admin\controller\EvaluationCapability.php ]
[ info ] [ LOG ] INIT File	[ sql ] [ DB ] CONNECT:[ UseTime:0.030000s ] mysql:host=112.125.122.16;port=3306;dbname=jujiashizhi;charset=utf8mb4
[ sql ] [ SQL ] SHOW COLUMNS FROM `cx_system_manager` [ RunTime:0.022000s ]
[ sql ] [ SQL ] SELECT * FROM `cx_system_manager` WHERE  `token` = '3c72970bc0d2064ee7806fad2fb405b625dd5c61'  AND `id` = 1 LIMIT 1 [ RunTime:0.013000s ]
[ sql ] [ SQL ] SHOW COLUMNS FROM `cx_capability` [ RunTime:0.013000s ]
[ sql ] [ SQL ] INSERT INTO `cx_capability` (`type` , `classify_id` , `name` , `sn` , `picture` , `sort` , `status` , `create_time`) VALUES (2 , 2 , '妄想--怀疑老伴儿有外遇、被窃妄想、被害妄想' , '1' , '图片' , 0 , 1 , 1658814111) [ RunTime:0.014000s ]
[ sql ] [ SQL ] SHOW COLUMNS FROM `cx_capability_options` [ RunTime:0.014000s ]
[ sql ] [ SQL ] INSERT INTO `cx_capability_options` (`sn` , `name` , `picture` , `type` , `sort` , `status` , `capability_id` , `create_time`) VALUES ( '1','无','选项图片','2',0,'1','21',1658814111 ) [ RunTime:0.021000s ]
[2022-07-26 13:42:01.730] 127.0.0.1 POST www.shizhi.com/admin/evaluation_capability/save	[runtime=0.695000s] [reqs=1.44req/s] [memory=3,513.63kb] [file=65]	[ info ] [ LANG ] D:\www\shizhi\api\thinkphp\lang\zh-cn.php
[ info ] [ ROUTE ] array (
  'type' => 'module',
  'module' => 
  array (
    0 => 'admin',
    1 => 'evaluation_capability',
    2 => 'save',
  ),
)
[ info ] [ HEADER ] array (
  'content-length' => '1693',
  'content-type' => 'multipart/form-data; boundary=--------------------------688291688635159849500918',
  'connection' => 'keep-alive',
  'accept-encoding' => 'gzip, deflate, br',
  'host' => 'www.shizhi.com',
  'accept' => '*/*',
  'user-agent' => 'apifox/1.0.0 (https://www.apifox.cn)',
  'usertoken' => 'MDAwMDAwMDAwMIGEbXY',
  'token' => '3c72970bc0d2064ee7806fad2fb405b625dd5c61',
)
[ info ] [ PARAM ] array (
  'evaluation_capability_id' => '',
  'evaluationclass_id' => '2',
  'type' => '2',
  'name' => '淡漠--置身于社交环境之外，或对之表示冷漠',
  'sn' => '1',
  'picture' => '图片',
  'status' => '1',
  'sort' => '0',
  'option' => 
  array (
    0 => 
    array (
      'sn' => '1',
      'name' => '无',
      'picture' => '选项图片',
      'type' => '2',
      'status' => '1',
      'sort' => '0',
    ),
  ),
)
[ info ] [ DB ] INIT mysql
[ info ] [ RUN ] app\admin\controller\EvaluationCapability->save[ D:\www\shizhi\api\app\admin\controller\EvaluationCapability.php ]
[ info ] [ LOG ] INIT File	[ sql ] [ DB ] CONNECT:[ UseTime:0.536000s ] mysql:host=112.125.122.16;port=3306;dbname=jujiashizhi;charset=utf8mb4
[ sql ] [ SQL ] SHOW COLUMNS FROM `cx_system_manager` [ RunTime:0.019000s ]
[ sql ] [ SQL ] SELECT * FROM `cx_system_manager` WHERE  `token` = '3c72970bc0d2064ee7806fad2fb405b625dd5c61'  AND `id` = 1 LIMIT 1 [ RunTime:0.024000s ]
[ sql ] [ SQL ] SHOW COLUMNS FROM `cx_capability` [ RunTime:0.015000s ]
[ sql ] [ SQL ] INSERT INTO `cx_capability` (`type` , `classify_id` , `name` , `sn` , `picture` , `sort` , `status` , `create_time`) VALUES (2 , 2 , '淡漠--置身于社交环境之外，或对之表示冷漠' , '1' , '图片' , 0 , 1 , 1658814121) [ RunTime:0.015000s ]
[ sql ] [ SQL ] SHOW COLUMNS FROM `cx_capability_options` [ RunTime:0.016000s ]
[ sql ] [ SQL ] INSERT INTO `cx_capability_options` (`sn` , `name` , `picture` , `type` , `sort` , `status` , `capability_id` , `create_time`) VALUES ( '1','无','选项图片','2',0,'1','22',1658814121 ) [ RunTime:0.015000s ]
[2022-07-26 13:49:14.664] 127.0.0.1 POST www.shizhi.com/admin/evaluation_capability/save	[runtime=0.219000s] [reqs=4.57req/s] [memory=3,513.13kb] [file=65]	[ info ] [ LANG ] D:\www\shizhi\api\thinkphp\lang\zh-cn.php
[ info ] [ ROUTE ] array (
  'type' => 'module',
  'module' => 
  array (
    0 => 'admin',
    1 => 'evaluation_capability',
    2 => 'save',
  ),
)
[ info ] [ HEADER ] array (
  'content-length' => '1652',
  'content-type' => 'multipart/form-data; boundary=--------------------------301887597645294503781907',
  'connection' => 'keep-alive',
  'accept-encoding' => 'gzip, deflate, br',
  'host' => 'www.shizhi.com',
  'accept' => '*/*',
  'user-agent' => 'apifox/1.0.0 (https://www.apifox.cn)',
  'usertoken' => 'MDAwMDAwMDAwMIGEbXY',
  'token' => '3c72970bc0d2064ee7806fad2fb405b625dd5c61',
)
[ info ] [ PARAM ] array (
  'evaluation_capability_id' => '',
  'evaluationclass_id' => '3',
  'type' => '2',
  'name' => '安全风险问题',
  'sn' => '1',
  'picture' => '图片',
  'status' => '1',
  'sort' => '0',
  'option' => 
  array (
    0 => 
    array (
      'sn' => '1',
      'name' => '无',
      'picture' => '选项图片',
      'type' => '2',
      'status' => '1',
      'sort' => '0',
    ),
  ),
)
[ info ] [ DB ] INIT mysql
[ info ] [ RUN ] app\admin\controller\EvaluationCapability->save[ D:\www\shizhi\api\app\admin\controller\EvaluationCapability.php ]
[ info ] [ LOG ] INIT File	[ sql ] [ DB ] CONNECT:[ UseTime:0.031000s ] mysql:host=112.125.122.16;port=3306;dbname=jujiashizhi;charset=utf8mb4
[ sql ] [ SQL ] SHOW COLUMNS FROM `cx_system_manager` [ RunTime:0.023000s ]
[ sql ] [ SQL ] SELECT * FROM `cx_system_manager` WHERE  `token` = '3c72970bc0d2064ee7806fad2fb405b625dd5c61'  AND `id` = 1 LIMIT 1 [ RunTime:0.021000s ]
[ sql ] [ SQL ] SHOW COLUMNS FROM `cx_capability` [ RunTime:0.027000s ]
[ sql ] [ SQL ] INSERT INTO `cx_capability` (`type` , `classify_id` , `name` , `sn` , `picture` , `sort` , `status` , `create_time`) VALUES (2 , 3 , '安全风险问题' , '1' , '图片' , 0 , 1 , 1658814554) [ RunTime:0.016000s ]
[ sql ] [ SQL ] SHOW COLUMNS FROM `cx_capability_options` [ RunTime:0.017000s ]
[ sql ] [ SQL ] INSERT INTO `cx_capability_options` (`sn` , `name` , `picture` , `type` , `sort` , `status` , `capability_id` , `create_time`) VALUES ( '1','无','选项图片','2',0,'1','23',1658814554 ) [ RunTime:0.018000s ]
[2022-07-26 14:01:51.722] 127.0.0.1 POST www.shizhi.com/admin/evaluation_capability/save	[runtime=0.187000s] [reqs=5.35req/s] [memory=3,513.38kb] [file=65]	[ info ] [ LANG ] D:\www\shizhi\api\thinkphp\lang\zh-cn.php
[ info ] [ ROUTE ] array (
  'type' => 'module',
  'module' => 
  array (
    0 => 'admin',
    1 => 'evaluation_capability',
    2 => 'save',
  ),
)
[ info ] [ HEADER ] array (
  'content-length' => '1670',
  'content-type' => 'multipart/form-data; boundary=--------------------------016464154030604029706602',
  'connection' => 'keep-alive',
  'accept-encoding' => 'gzip, deflate, br',
  'host' => 'www.shizhi.com',
  'accept' => '*/*',
  'user-agent' => 'apifox/1.0.0 (https://www.apifox.cn)',
  'usertoken' => 'MDAwMDAwMDAwMIGEbXY',
  'token' => '3c72970bc0d2064ee7806fad2fb405b625dd5c61',
)
[ info ] [ PARAM ] array (
  'evaluation_capability_id' => '',
  'evaluationclass_id' => '4',
  'type' => '1',
  'name' => '门口有台阶、高度差或门槛',
  'sn' => '2',
  'picture' => '图片',
  'status' => '1',
  'sort' => '0',
  'option' => 
  array (
    0 => 
    array (
      'sn' => '1',
      'name' => '无',
      'picture' => '选项图片',
      'type' => '2',
      'status' => '1',
      'sort' => '0',
    ),
  ),
)
[ info ] [ DB ] INIT mysql
[ info ] [ RUN ] app\admin\controller\EvaluationCapability->save[ D:\www\shizhi\api\app\admin\controller\EvaluationCapability.php ]
[ info ] [ LOG ] INIT File	[ sql ] [ DB ] CONNECT:[ UseTime:0.021000s ] mysql:host=112.125.122.16;port=3306;dbname=jujiashizhi;charset=utf8mb4
[ sql ] [ SQL ] SHOW COLUMNS FROM `cx_system_manager` [ RunTime:0.015000s ]
[ sql ] [ SQL ] SELECT * FROM `cx_system_manager` WHERE  `token` = '3c72970bc0d2064ee7806fad2fb405b625dd5c61'  AND `id` = 1 LIMIT 1 [ RunTime:0.017000s ]
[ sql ] [ SQL ] SHOW COLUMNS FROM `cx_capability` [ RunTime:0.015000s ]
[ sql ] [ SQL ] INSERT INTO `cx_capability` (`type` , `classify_id` , `name` , `sn` , `picture` , `sort` , `status` , `create_time`) VALUES (1 , 4 , '门口有台阶、高度差或门槛' , '2' , '图片' , 0 , 1 , 1658815311) [ RunTime:0.013000s ]
[ sql ] [ SQL ] SHOW COLUMNS FROM `cx_capability_options` [ RunTime:0.015000s ]
[ sql ] [ SQL ] INSERT INTO `cx_capability_options` (`sn` , `name` , `picture` , `type` , `sort` , `status` , `capability_id` , `create_time`) VALUES ( '1','无','选项图片','2',0,'1','25',1658815311 ) [ RunTime:0.013000s ]
[2022-07-26 14:02:12.304] 127.0.0.1 POST www.shizhi.com/admin/evaluation_capability/save	[runtime=0.219000s] [reqs=4.57req/s] [memory=3,513.38kb] [file=65]	[ info ] [ LANG ] D:\www\shizhi\api\thinkphp\lang\zh-cn.php
[ info ] [ ROUTE ] array (
  'type' => 'module',
  'module' => 
  array (
    0 => 'admin',
    1 => 'evaluation_capability',
    2 => 'save',
  ),
)
[ info ] [ HEADER ] array (
  'content-length' => '1673',
  'content-type' => 'multipart/form-data; boundary=--------------------------044767424048840622574171',
  'connection' => 'keep-alive',
  'accept-encoding' => 'gzip, deflate, br',
  'host' => 'www.shizhi.com',
  'accept' => '*/*',
  'user-agent' => 'apifox/1.0.0 (https://www.apifox.cn)',
  'usertoken' => 'MDAwMDAwMDAwMIGEbXY',
  'token' => '3c72970bc0d2064ee7806fad2fb405b625dd5c61',
)
[ info ] [ PARAM ] array (
  'evaluation_capability_id' => '',
  'evaluationclass_id' => '4',
  'type' => '1',
  'name' => '门口换鞋处有换鞋凳或矮柜子',
  'sn' => '2',
  'picture' => '图片',
  'status' => '1',
  'sort' => '0',
  'option' => 
  array (
    0 => 
    array (
      'sn' => '1',
      'name' => '无',
      'picture' => '选项图片',
      'type' => '2',
      'status' => '1',
      'sort' => '0',
    ),
  ),
)
[ info ] [ DB ] INIT mysql
[ info ] [ RUN ] app\admin\controller\EvaluationCapability->save[ D:\www\shizhi\api\app\admin\controller\EvaluationCapability.php ]
[ info ] [ LOG ] INIT File	[ sql ] [ DB ] CONNECT:[ UseTime:0.024000s ] mysql:host=112.125.122.16;port=3306;dbname=jujiashizhi;charset=utf8mb4
[ sql ] [ SQL ] SHOW COLUMNS FROM `cx_system_manager` [ RunTime:0.018000s ]
[ sql ] [ SQL ] SELECT * FROM `cx_system_manager` WHERE  `token` = '3c72970bc0d2064ee7806fad2fb405b625dd5c61'  AND `id` = 1 LIMIT 1 [ RunTime:0.063000s ]
[ sql ] [ SQL ] SHOW COLUMNS FROM `cx_capability` [ RunTime:0.016000s ]
[ sql ] [ SQL ] INSERT INTO `cx_capability` (`type` , `classify_id` , `name` , `sn` , `picture` , `sort` , `status` , `create_time`) VALUES (1 , 4 , '门口换鞋处有换鞋凳或矮柜子' , '2' , '图片' , 0 , 1 , 1658815332) [ RunTime:0.019000s ]
[ sql ] [ SQL ] SHOW COLUMNS FROM `cx_capability_options` [ RunTime:0.016000s ]
[ sql ] [ SQL ] INSERT INTO `cx_capability_options` (`sn` , `name` , `picture` , `type` , `sort` , `status` , `capability_id` , `create_time`) VALUES ( '1','无','选项图片','2',0,'1','26',1658815332 ) [ RunTime:0.014000s ]
[2022-07-26 14:02:22.413] 127.0.0.1 POST www.shizhi.com/admin/evaluation_capability/save	[runtime=0.175000s] [reqs=5.71req/s] [memory=3,514.01kb] [file=65]	[ info ] [ LANG ] D:\www\shizhi\api\thinkphp\lang\zh-cn.php
[ info ] [ ROUTE ] array (
  'type' => 'module',
  'module' => 
  array (
    0 => 'admin',
    1 => 'evaluation_capability',
    2 => 'save',
  ),
)
[ info ] [ HEADER ] array (
  'content-length' => '1736',
  'content-type' => 'multipart/form-data; boundary=--------------------------085613877517804641020377',
  'connection' => 'keep-alive',
  'accept-encoding' => 'gzip, deflate, br',
  'host' => 'www.shizhi.com',
  'accept' => '*/*',
  'user-agent' => 'apifox/1.0.0 (https://www.apifox.cn)',
  'usertoken' => 'MDAwMDAwMDAwMIGEbXY',
  'token' => '3c72970bc0d2064ee7806fad2fb405b625dd5c61',
)
[ info ] [ PARAM ] array (
  'evaluation_capability_id' => '',
  'evaluationclass_id' => '4',
  'type' => '1',
  'name' => '老人常坐的座椅高度以老人坐位时脚底能平稳放在地板上为宜，有靠背和扶手',
  'sn' => '2',
  'picture' => '图片',
  'status' => '1',
  'sort' => '0',
  'option' => 
  array (
    0 => 
    array (
      'sn' => '1',
      'name' => '无',
      'picture' => '选项图片',
      'type' => '2',
      'status' => '1',
      'sort' => '0',
    ),
  ),
)
[ info ] [ DB ] INIT mysql
[ info ] [ RUN ] app\admin\controller\EvaluationCapability->save[ D:\www\shizhi\api\app\admin\controller\EvaluationCapability.php ]
[ info ] [ LOG ] INIT File	[ sql ] [ DB ] CONNECT:[ UseTime:0.023000s ] mysql:host=112.125.122.16;port=3306;dbname=jujiashizhi;charset=utf8mb4
[ sql ] [ SQL ] SHOW COLUMNS FROM `cx_system_manager` [ RunTime:0.017000s ]
[ sql ] [ SQL ] SELECT * FROM `cx_system_manager` WHERE  `token` = '3c72970bc0d2064ee7806fad2fb405b625dd5c61'  AND `id` = 1 LIMIT 1 [ RunTime:0.013000s ]
[ sql ] [ SQL ] SHOW COLUMNS FROM `cx_capability` [ RunTime:0.013000s ]
[ sql ] [ SQL ] INSERT INTO `cx_capability` (`type` , `classify_id` , `name` , `sn` , `picture` , `sort` , `status` , `create_time`) VALUES (1 , 4 , '老人常坐的座椅高度以老人坐位时脚底能平稳放在地板上为宜，有靠背和扶手' , '2' , '图片' , 0 , 1 , 1658815342) [ RunTime:0.026000s ]
[ sql ] [ SQL ] SHOW COLUMNS FROM `cx_capability_options` [ RunTime:0.020000s ]
[ sql ] [ SQL ] INSERT INTO `cx_capability_options` (`sn` , `name` , `picture` , `type` , `sort` , `status` , `capability_id` , `create_time`) VALUES ( '1','无','选项图片','2',0,'1','27',1658815342 ) [ RunTime:0.012000s ]
[2022-07-26 14:02:40.591] 127.0.0.1 POST www.shizhi.com/admin/evaluation_capability/save	[runtime=1.735000s] [reqs=0.58req/s] [memory=3,513.63kb] [file=65]	[ info ] [ LANG ] D:\www\shizhi\api\thinkphp\lang\zh-cn.php
[ info ] [ ROUTE ] array (
  'type' => 'module',
  'module' => 
  array (
    0 => 'admin',
    1 => 'evaluation_capability',
    2 => 'save',
  ),
)
[ info ] [ HEADER ] array (
  'content-length' => '1700',
  'content-type' => 'multipart/form-data; boundary=--------------------------230008431099795415042479',
  'connection' => 'keep-alive',
  'accept-encoding' => 'gzip, deflate, br',
  'host' => 'www.shizhi.com',
  'accept' => '*/*',
  'user-agent' => 'apifox/1.0.0 (https://www.apifox.cn)',
  'usertoken' => 'MDAwMDAwMDAwMIGEbXY',
  'token' => '3c72970bc0d2064ee7806fad2fb405b625dd5c61',
)
[ info ] [ PARAM ] array (
  'evaluation_capability_id' => '',
  'evaluationclass_id' => '4',
  'type' => '1',
  'name' => '阳台、客厅，以及客厅通往房间的过道有杂物堆放',
  'sn' => '2',
  'picture' => '图片',
  'status' => '1',
  'sort' => '0',
  'option' => 
  array (
    0 => 
    array (
      'sn' => '1',
      'name' => '无',
      'picture' => '选项图片',
      'type' => '2',
      'status' => '1',
      'sort' => '0',
    ),
  ),
)
[ info ] [ DB ] INIT mysql
[ info ] [ RUN ] app\admin\controller\EvaluationCapability->save[ D:\www\shizhi\api\app\admin\controller\EvaluationCapability.php ]
[ info ] [ LOG ] INIT File	[ sql ] [ DB ] CONNECT:[ UseTime:1.555000s ] mysql:host=112.125.122.16;port=3306;dbname=jujiashizhi;charset=utf8mb4
[ sql ] [ SQL ] SHOW COLUMNS FROM `cx_system_manager` [ RunTime:0.021000s ]
[ sql ] [ SQL ] SELECT * FROM `cx_system_manager` WHERE  `token` = '3c72970bc0d2064ee7806fad2fb405b625dd5c61'  AND `id` = 1 LIMIT 1 [ RunTime:0.025000s ]
[ sql ] [ SQL ] SHOW COLUMNS FROM `cx_capability` [ RunTime:0.018000s ]
[ sql ] [ SQL ] INSERT INTO `cx_capability` (`type` , `classify_id` , `name` , `sn` , `picture` , `sort` , `status` , `create_time`) VALUES (1 , 4 , '阳台、客厅，以及客厅通往房间的过道有杂物堆放' , '2' , '图片' , 0 , 1 , 1658815360) [ RunTime:0.018000s ]
[ sql ] [ SQL ] SHOW COLUMNS FROM `cx_capability_options` [ RunTime:0.018000s ]
[ sql ] [ SQL ] INSERT INTO `cx_capability_options` (`sn` , `name` , `picture` , `type` , `sort` , `status` , `capability_id` , `create_time`) VALUES ( '1','无','选项图片','2',0,'1','28',1658815360 ) [ RunTime:0.020000s ]
[2022-07-26 14:02:50.897] 127.0.0.1 POST www.shizhi.com/admin/evaluation_capability/save	[runtime=1.180000s] [reqs=0.85req/s] [memory=3,513.38kb] [file=65]	[ info ] [ LANG ] D:\www\shizhi\api\thinkphp\lang\zh-cn.php
[ info ] [ ROUTE ] array (
  'type' => 'module',
  'module' => 
  array (
    0 => 'admin',
    1 => 'evaluation_capability',
    2 => 'save',
  ),
)
[ info ] [ HEADER ] array (
  'content-length' => '1685',
  'content-type' => 'multipart/form-data; boundary=--------------------------385824664386951291506785',
  'connection' => 'keep-alive',
  'accept-encoding' => 'gzip, deflate, br',
  'host' => 'www.shizhi.com',
  'accept' => '*/*',
  'user-agent' => 'apifox/1.0.0 (https://www.apifox.cn)',
  'usertoken' => 'MDAwMDAwMDAwMIGEbXY',
  'token' => '3c72970bc0d2064ee7806fad2fb405b625dd5c61',
)
[ info ] [ PARAM ] array (
  'evaluation_capability_id' => '',
  'evaluationclass_id' => '4',
  'type' => '1',
  'name' => '屋内墙壁、窗帘和床单的颜色为暖色调',
  'sn' => '2',
  'picture' => '图片',
  'status' => '1',
  'sort' => '0',
  'option' => 
  array (
    0 => 
    array (
      'sn' => '1',
      'name' => '无',
      'picture' => '选项图片',
      'type' => '2',
      'status' => '1',
      'sort' => '0',
    ),
  ),
)
[ info ] [ DB ] INIT mysql
[ info ] [ RUN ] app\admin\controller\EvaluationCapability->save[ D:\www\shizhi\api\app\admin\controller\EvaluationCapability.php ]
[ info ] [ LOG ] INIT File	[ sql ] [ DB ] CONNECT:[ UseTime:0.971000s ] mysql:host=112.125.122.16;port=3306;dbname=jujiashizhi;charset=utf8mb4
[ sql ] [ SQL ] SHOW COLUMNS FROM `cx_system_manager` [ RunTime:0.021000s ]
[ sql ] [ SQL ] SELECT * FROM `cx_system_manager` WHERE  `token` = '3c72970bc0d2064ee7806fad2fb405b625dd5c61'  AND `id` = 1 LIMIT 1 [ RunTime:0.019000s ]
[ sql ] [ SQL ] SHOW COLUMNS FROM `cx_capability` [ RunTime:0.021000s ]
[ sql ] [ SQL ] INSERT INTO `cx_capability` (`type` , `classify_id` , `name` , `sn` , `picture` , `sort` , `status` , `create_time`) VALUES (1 , 4 , '屋内墙壁、窗帘和床单的颜色为暖色调' , '2' , '图片' , 0 , 1 , 1658815370) [ RunTime:0.018000s ]
[ sql ] [ SQL ] SHOW COLUMNS FROM `cx_capability_options` [ RunTime:0.020000s ]
[ sql ] [ SQL ] INSERT INTO `cx_capability_options` (`sn` , `name` , `picture` , `type` , `sort` , `status` , `capability_id` , `create_time`) VALUES ( '1','无','选项图片','2',0,'1','29',1658815370 ) [ RunTime:0.055000s ]
[2022-07-26 14:03:03.642] 127.0.0.1 POST www.shizhi.com/admin/evaluation_capability/save	[runtime=0.202000s] [reqs=4.95req/s] [memory=3,513.38kb] [file=65]	[ info ] [ LANG ] D:\www\shizhi\api\thinkphp\lang\zh-cn.php
[ info ] [ ROUTE ] array (
  'type' => 'module',
  'module' => 
  array (
    0 => 'admin',
    1 => 'evaluation_capability',
    2 => 'save',
  ),
)
[ info ] [ HEADER ] array (
  'content-length' => '1685',
  'content-type' => 'multipart/form-data; boundary=--------------------------755112093138006197040018',
  'connection' => 'keep-alive',
  'accept-encoding' => 'gzip, deflate, br',
  'host' => 'www.shizhi.com',
  'accept' => '*/*',
  'user-agent' => 'apifox/1.0.0 (https://www.apifox.cn)',
  'usertoken' => 'MDAwMDAwMDAwMIGEbXY',
  'token' => '3c72970bc0d2064ee7806fad2fb405b625dd5c61',
)
[ info ] [ PARAM ] array (
  'evaluation_capability_id' => '',
  'evaluationclass_id' => '4',
  'type' => '1',
  'name' => '床的高度可调节或地上放置固定的垫子',
  'sn' => '2',
  'picture' => '图片',
  'status' => '1',
  'sort' => '0',
  'option' => 
  array (
    0 => 
    array (
      'sn' => '1',
      'name' => '无',
      'picture' => '选项图片',
      'type' => '2',
      'status' => '1',
      'sort' => '0',
    ),
  ),
)
[ info ] [ DB ] INIT mysql
[ info ] [ RUN ] app\admin\controller\EvaluationCapability->save[ D:\www\shizhi\api\app\admin\controller\EvaluationCapability.php ]
[ info ] [ LOG ] INIT File	[ sql ] [ DB ] CONNECT:[ UseTime:0.024000s ] mysql:host=112.125.122.16;port=3306;dbname=jujiashizhi;charset=utf8mb4
[ sql ] [ SQL ] SHOW COLUMNS FROM `cx_system_manager` [ RunTime:0.029000s ]
[ sql ] [ SQL ] SELECT * FROM `cx_system_manager` WHERE  `token` = '3c72970bc0d2064ee7806fad2fb405b625dd5c61'  AND `id` = 1 LIMIT 1 [ RunTime:0.018000s ]
[ sql ] [ SQL ] SHOW COLUMNS FROM `cx_capability` [ RunTime:0.019000s ]
[ sql ] [ SQL ] INSERT INTO `cx_capability` (`type` , `classify_id` , `name` , `sn` , `picture` , `sort` , `status` , `create_time`) VALUES (1 , 4 , '床的高度可调节或地上放置固定的垫子' , '2' , '图片' , 0 , 1 , 1658815383) [ RunTime:0.018000s ]
[ sql ] [ SQL ] SHOW COLUMNS FROM `cx_capability_options` [ RunTime:0.016000s ]
[ sql ] [ SQL ] INSERT INTO `cx_capability_options` (`sn` , `name` , `picture` , `type` , `sort` , `status` , `capability_id` , `create_time`) VALUES ( '1','无','选项图片','2',0,'1','30',1658815383 ) [ RunTime:0.022000s ]
[2022-07-26 14:03:15.374] 127.0.0.1 POST www.shizhi.com/admin/evaluation_capability/save	[runtime=0.214000s] [reqs=4.67req/s] [memory=3,513.13kb] [file=65]	[ info ] [ LANG ] D:\www\shizhi\api\thinkphp\lang\zh-cn.php
[ info ] [ ROUTE ] array (
  'type' => 'module',
  'module' => 
  array (
    0 => 'admin',
    1 => 'evaluation_capability',
    2 => 'save',
  ),
)
[ info ] [ HEADER ] array (
  'content-length' => '1649',
  'content-type' => 'multipart/form-data; boundary=--------------------------800708499540291884294160',
  'connection' => 'keep-alive',
  'accept-encoding' => 'gzip, deflate, br',
  'host' => 'www.shizhi.com',
  'accept' => '*/*',
  'user-agent' => 'apifox/1.0.0 (https://www.apifox.cn)',
  'usertoken' => 'MDAwMDAwMDAwMIGEbXY',
  'token' => '3c72970bc0d2064ee7806fad2fb405b625dd5c61',
)
[ info ] [ PARAM ] array (
  'evaluation_capability_id' => '',
  'evaluationclass_id' => '4',
  'type' => '1',
  'name' => '床边有护栏',
  'sn' => '2',
  'picture' => '图片',
  'status' => '1',
  'sort' => '0',
  'option' => 
  array (
    0 => 
    array (
      'sn' => '1',
      'name' => '无',
      'picture' => '选项图片',
      'type' => '2',
      'status' => '1',
      'sort' => '0',
    ),
  ),
)
[ info ] [ DB ] INIT mysql
[ info ] [ RUN ] app\admin\controller\EvaluationCapability->save[ D:\www\shizhi\api\app\admin\controller\EvaluationCapability.php ]
[ info ] [ LOG ] INIT File	[ sql ] [ DB ] CONNECT:[ UseTime:0.035000s ] mysql:host=112.125.122.16;port=3306;dbname=jujiashizhi;charset=utf8mb4
[ sql ] [ SQL ] SHOW COLUMNS FROM `cx_system_manager` [ RunTime:0.022000s ]
[ sql ] [ SQL ] SELECT * FROM `cx_system_manager` WHERE  `token` = '3c72970bc0d2064ee7806fad2fb405b625dd5c61'  AND `id` = 1 LIMIT 1 [ RunTime:0.018000s ]
[ sql ] [ SQL ] SHOW COLUMNS FROM `cx_capability` [ RunTime:0.027000s ]
[ sql ] [ SQL ] INSERT INTO `cx_capability` (`type` , `classify_id` , `name` , `sn` , `picture` , `sort` , `status` , `create_time`) VALUES (1 , 4 , '床边有护栏' , '2' , '图片' , 0 , 1 , 1658815395) [ RunTime:0.021000s ]
[ sql ] [ SQL ] SHOW COLUMNS FROM `cx_capability_options` [ RunTime:0.018000s ]
[ sql ] [ SQL ] INSERT INTO `cx_capability_options` (`sn` , `name` , `picture` , `type` , `sort` , `status` , `capability_id` , `create_time`) VALUES ( '1','无','选项图片','2',0,'1','31',1658815395 ) [ RunTime:0.022000s ]
[2022-07-26 14:03:23.515] 127.0.0.1 POST www.shizhi.com/admin/evaluation_capability/save	[runtime=0.215000s] [reqs=4.65req/s] [memory=3,514.01kb] [file=65]	[ info ] [ LANG ] D:\www\shizhi\api\thinkphp\lang\zh-cn.php
[ info ] [ ROUTE ] array (
  'type' => 'module',
  'module' => 
  array (
    0 => 'admin',
    1 => 'evaluation_capability',
    2 => 'save',
  ),
)
[ info ] [ HEADER ] array (
  'content-length' => '1727',
  'content-type' => 'multipart/form-data; boundary=--------------------------762718398718710423267886',
  'connection' => 'keep-alive',
  'accept-encoding' => 'gzip, deflate, br',
  'host' => 'www.shizhi.com',
  'accept' => '*/*',
  'user-agent' => 'apifox/1.0.0 (https://www.apifox.cn)',
  'usertoken' => 'MDAwMDAwMDAwMIGEbXY',
  'token' => '3c72970bc0d2064ee7806fad2fb405b625dd5c61',
)
[ info ] [ PARAM ] array (
  'evaluation_capability_id' => '',
  'evaluationclass_id' => '4',
  'type' => '1',
  'name' => '卧室通往卫生间途中有提示去卫生间路线的标识，如夜灯、图片标识等',
  'sn' => '2',
  'picture' => '图片',
  'status' => '1',
  'sort' => '0',
  'option' => 
  array (
    0 => 
    array (
      'sn' => '1',
      'name' => '无',
      'picture' => '选项图片',
      'type' => '2',
      'status' => '1',
      'sort' => '0',
    ),
  ),
)
[ info ] [ DB ] INIT mysql
[ info ] [ RUN ] app\admin\controller\EvaluationCapability->save[ D:\www\shizhi\api\app\admin\controller\EvaluationCapability.php ]
[ info ] [ LOG ] INIT File	[ sql ] [ DB ] CONNECT:[ UseTime:0.029000s ] mysql:host=112.125.122.16;port=3306;dbname=jujiashizhi;charset=utf8mb4
[ sql ] [ SQL ] SHOW COLUMNS FROM `cx_system_manager` [ RunTime:0.019000s ]
[ sql ] [ SQL ] SELECT * FROM `cx_system_manager` WHERE  `token` = '3c72970bc0d2064ee7806fad2fb405b625dd5c61'  AND `id` = 1 LIMIT 1 [ RunTime:0.022000s ]
[ sql ] [ SQL ] SHOW COLUMNS FROM `cx_capability` [ RunTime:0.018000s ]
[ sql ] [ SQL ] INSERT INTO `cx_capability` (`type` , `classify_id` , `name` , `sn` , `picture` , `sort` , `status` , `create_time`) VALUES (1 , 4 , '卧室通往卫生间途中有提示去卫生间路线的标识，如夜灯、图片标识等' , '2' , '图片' , 0 , 1 , 1658815403) [ RunTime:0.026000s ]
[ sql ] [ SQL ] SHOW COLUMNS FROM `cx_capability_options` [ RunTime:0.017000s ]
[ sql ] [ SQL ] INSERT INTO `cx_capability_options` (`sn` , `name` , `picture` , `type` , `sort` , `status` , `capability_id` , `create_time`) VALUES ( '1','无','选项图片','2',0,'1','32',1658815403 ) [ RunTime:0.028000s ]
[2022-07-26 14:03:33.487] 127.0.0.1 POST www.shizhi.com/admin/evaluation_capability/save	[runtime=0.177000s] [reqs=5.65req/s] [memory=3,513.26kb] [file=65]	[ info ] [ LANG ] D:\www\shizhi\api\thinkphp\lang\zh-cn.php
[ info ] [ ROUTE ] array (
  'type' => 'module',
  'module' => 
  array (
    0 => 'admin',
    1 => 'evaluation_capability',
    2 => 'save',
  ),
)
[ info ] [ HEADER ] array (
  'content-length' => '1661',
  'content-type' => 'multipart/form-data; boundary=--------------------------426037348630983730314121',
  'connection' => 'keep-alive',
  'accept-encoding' => 'gzip, deflate, br',
  'host' => 'www.shizhi.com',
  'accept' => '*/*',
  'user-agent' => 'apifox/1.0.0 (https://www.apifox.cn)',
  'usertoken' => 'MDAwMDAwMDAwMIGEbXY',
  'token' => '3c72970bc0d2064ee7806fad2fb405b625dd5c61',
)
[ info ] [ PARAM ] array (
  'evaluation_capability_id' => '',
  'evaluationclass_id' => '4',
  'type' => '1',
  'name' => '浴缸或淋浴处有扶手',
  'sn' => '2',
  'picture' => '图片',
  'status' => '1',
  'sort' => '0',
  'option' => 
  array (
    0 => 
    array (
      'sn' => '1',
      'name' => '无',
      'picture' => '选项图片',
      'type' => '2',
      'status' => '1',
      'sort' => '0',
    ),
  ),
)
[ info ] [ DB ] INIT mysql
[ info ] [ RUN ] app\admin\controller\EvaluationCapability->save[ D:\www\shizhi\api\app\admin\controller\EvaluationCapability.php ]
[ info ] [ LOG ] INIT File	[ sql ] [ DB ] CONNECT:[ UseTime:0.023000s ] mysql:host=112.125.122.16;port=3306;dbname=jujiashizhi;charset=utf8mb4
[ sql ] [ SQL ] SHOW COLUMNS FROM `cx_system_manager` [ RunTime:0.016000s ]
[ sql ] [ SQL ] SELECT * FROM `cx_system_manager` WHERE  `token` = '3c72970bc0d2064ee7806fad2fb405b625dd5c61'  AND `id` = 1 LIMIT 1 [ RunTime:0.016000s ]
[ sql ] [ SQL ] SHOW COLUMNS FROM `cx_capability` [ RunTime:0.015000s ]
[ sql ] [ SQL ] INSERT INTO `cx_capability` (`type` , `classify_id` , `name` , `sn` , `picture` , `sort` , `status` , `create_time`) VALUES (1 , 4 , '浴缸或淋浴处有扶手' , '2' , '图片' , 0 , 1 , 1658815413) [ RunTime:0.020000s ]
[ sql ] [ SQL ] SHOW COLUMNS FROM `cx_capability_options` [ RunTime:0.018000s ]
[ sql ] [ SQL ] INSERT INTO `cx_capability_options` (`sn` , `name` , `picture` , `type` , `sort` , `status` , `capability_id` , `create_time`) VALUES ( '1','无','选项图片','2',0,'1','33',1658815413 ) [ RunTime:0.017000s ]
[2022-07-26 14:03:53.186] 127.0.0.1 POST www.shizhi.com/admin/evaluation_capability/save	[runtime=0.203000s] [reqs=4.93req/s] [memory=3,513.38kb] [file=65]	[ info ] [ LANG ] D:\www\shizhi\api\thinkphp\lang\zh-cn.php
[ info ] [ ROUTE ] array (
  'type' => 'module',
  'module' => 
  array (
    0 => 'admin',
    1 => 'evaluation_capability',
    2 => 'save',
  ),
)
[ info ] [ HEADER ] array (
  'content-length' => '1664',
  'content-type' => 'multipart/form-data; boundary=--------------------------573948608465469416576463',
  'connection' => 'keep-alive',
  'accept-encoding' => 'gzip, deflate, br',
  'host' => 'www.shizhi.com',
  'accept' => '*/*',
  'user-agent' => 'apifox/1.0.0 (https://www.apifox.cn)',
  'usertoken' => 'MDAwMDAwMDAwMIGEbXY',
  'token' => '3c72970bc0d2064ee7806fad2fb405b625dd5c61',
)
[ info ] [ PARAM ] array (
  'evaluation_capability_id' => '',
  'evaluationclass_id' => '4',
  'type' => '1',
  'name' => '洗澡处有淋浴椅或浴座',
  'sn' => '2',
  'picture' => '图片',
  'status' => '1',
  'sort' => '0',
  'option' => 
  array (
    0 => 
    array (
      'sn' => '1',
      'name' => '无',
      'picture' => '选项图片',
      'type' => '2',
      'status' => '1',
      'sort' => '0',
    ),
  ),
)
[ info ] [ DB ] INIT mysql
[ info ] [ RUN ] app\admin\controller\EvaluationCapability->save[ D:\www\shizhi\api\app\admin\controller\EvaluationCapability.php ]
[ info ] [ LOG ] INIT File	[ sql ] [ DB ] CONNECT:[ UseTime:0.027000s ] mysql:host=112.125.122.16;port=3306;dbname=jujiashizhi;charset=utf8mb4
[ sql ] [ SQL ] SHOW COLUMNS FROM `cx_system_manager` [ RunTime:0.029000s ]
[ sql ] [ SQL ] SELECT * FROM `cx_system_manager` WHERE  `token` = '3c72970bc0d2064ee7806fad2fb405b625dd5c61'  AND `id` = 1 LIMIT 1 [ RunTime:0.027000s ]
[ sql ] [ SQL ] SHOW COLUMNS FROM `cx_capability` [ RunTime:0.015000s ]
[ sql ] [ SQL ] INSERT INTO `cx_capability` (`type` , `classify_id` , `name` , `sn` , `picture` , `sort` , `status` , `create_time`) VALUES (1 , 4 , '洗澡处有淋浴椅或浴座' , '2' , '图片' , 0 , 1 , 1658815433) [ RunTime:0.015000s ]
[ sql ] [ SQL ] SHOW COLUMNS FROM `cx_capability_options` [ RunTime:0.017000s ]
[ sql ] [ SQL ] INSERT INTO `cx_capability_options` (`sn` , `name` , `picture` , `type` , `sort` , `status` , `capability_id` , `create_time`) VALUES ( '1','无','选项图片','2',0,'1','34',1658815433 ) [ RunTime:0.017000s ]
[2022-07-26 14:04:10.367] 127.0.0.1 POST www.shizhi.com/admin/evaluation_capability/save	[runtime=0.178000s] [reqs=5.62req/s] [memory=3,513.38kb] [file=65]	[ info ] [ LANG ] D:\www\shizhi\api\thinkphp\lang\zh-cn.php
[ info ] [ ROUTE ] array (
  'type' => 'module',
  'module' => 
  array (
    0 => 'admin',
    1 => 'evaluation_capability',
    2 => 'save',
  ),
)
[ info ] [ HEADER ] array (
  'content-length' => '1676',
  'content-type' => 'multipart/form-data; boundary=--------------------------446927530019536571160460',
  'connection' => 'keep-alive',
  'accept-encoding' => 'gzip, deflate, br',
  'host' => 'www.shizhi.com',
  'accept' => '*/*',
  'user-agent' => 'apifox/1.0.0 (https://www.apifox.cn)',
  'usertoken' => 'MDAwMDAwMDAwMIGEbXY',
  'token' => '3c72970bc0d2064ee7806fad2fb405b625dd5c61',
)
[ info ] [ PARAM ] array (
  'evaluation_capability_id' => '',
  'evaluationclass_id' => '4',
  'type' => '1',
  'name' => '洗澡处放置固定在地上的防滑垫',
  'sn' => '2',
  'picture' => '图片',
  'status' => '1',
  'sort' => '0',
  'option' => 
  array (
    0 => 
    array (
      'sn' => '1',
      'name' => '无',
      'picture' => '选项图片',
      'type' => '2',
      'status' => '1',
      'sort' => '0',
    ),
  ),
)
[ info ] [ DB ] INIT mysql
[ info ] [ RUN ] app\admin\controller\EvaluationCapability->save[ D:\www\shizhi\api\app\admin\controller\EvaluationCapability.php ]
[ info ] [ LOG ] INIT File	[ sql ] [ DB ] CONNECT:[ UseTime:0.028000s ] mysql:host=112.125.122.16;port=3306;dbname=jujiashizhi;charset=utf8mb4
[ sql ] [ SQL ] SHOW COLUMNS FROM `cx_system_manager` [ RunTime:0.016000s ]
[ sql ] [ SQL ] SELECT * FROM `cx_system_manager` WHERE  `token` = '3c72970bc0d2064ee7806fad2fb405b625dd5c61'  AND `id` = 1 LIMIT 1 [ RunTime:0.023000s ]
[ sql ] [ SQL ] SHOW COLUMNS FROM `cx_capability` [ RunTime:0.017000s ]
[ sql ] [ SQL ] INSERT INTO `cx_capability` (`type` , `classify_id` , `name` , `sn` , `picture` , `sort` , `status` , `create_time`) VALUES (1 , 4 , '洗澡处放置固定在地上的防滑垫' , '2' , '图片' , 0 , 1 , 1658815450) [ RunTime:0.017000s ]
[ sql ] [ SQL ] SHOW COLUMNS FROM `cx_capability_options` [ RunTime:0.016000s ]
[ sql ] [ SQL ] INSERT INTO `cx_capability_options` (`sn` , `name` , `picture` , `type` , `sort` , `status` , `capability_id` , `create_time`) VALUES ( '1','无','选项图片','2',0,'1','35',1658815450 ) [ RunTime:0.015000s ]
[2022-07-26 14:04:18.7] 127.0.0.1 POST www.shizhi.com/admin/evaluation_capability/save	[runtime=0.193000s] [reqs=5.18req/s] [memory=3,513.38kb] [file=65]	[ info ] [ LANG ] D:\www\shizhi\api\thinkphp\lang\zh-cn.php
[ info ] [ ROUTE ] array (
  'type' => 'module',
  'module' => 
  array (
    0 => 'admin',
    1 => 'evaluation_capability',
    2 => 'save',
  ),
)
[ info ] [ HEADER ] array (
  'content-length' => '1673',
  'content-type' => 'multipart/form-data; boundary=--------------------------916317351599467523922397',
  'connection' => 'keep-alive',
  'accept-encoding' => 'gzip, deflate, br',
  'host' => 'www.shizhi.com',
  'accept' => '*/*',
  'user-agent' => 'apifox/1.0.0 (https://www.apifox.cn)',
  'usertoken' => 'MDAwMDAwMDAwMIGEbXY',
  'token' => '3c72970bc0d2064ee7806fad2fb405b625dd5c61',
)
[ info ] [ PARAM ] array (
  'evaluation_capability_id' => '',
  'evaluationclass_id' => '4',
  'type' => '1',
  'name' => '有热水的水龙头安装恒温装置',
  'sn' => '2',
  'picture' => '图片',
  'status' => '1',
  'sort' => '0',
  'option' => 
  array (
    0 => 
    array (
      'sn' => '1',
      'name' => '无',
      'picture' => '选项图片',
      'type' => '2',
      'status' => '1',
      'sort' => '0',
    ),
  ),
)
[ info ] [ DB ] INIT mysql
[ info ] [ RUN ] app\admin\controller\EvaluationCapability->save[ D:\www\shizhi\api\app\admin\controller\EvaluationCapability.php ]
[ info ] [ LOG ] INIT File	[ sql ] [ DB ] CONNECT:[ UseTime:0.030000s ] mysql:host=112.125.122.16;port=3306;dbname=jujiashizhi;charset=utf8mb4
[ sql ] [ SQL ] SHOW COLUMNS FROM `cx_system_manager` [ RunTime:0.017000s ]
[ sql ] [ SQL ] SELECT * FROM `cx_system_manager` WHERE  `token` = '3c72970bc0d2064ee7806fad2fb405b625dd5c61'  AND `id` = 1 LIMIT 1 [ RunTime:0.018000s ]
[ sql ] [ SQL ] SHOW COLUMNS FROM `cx_capability` [ RunTime:0.018000s ]
[ sql ] [ SQL ] INSERT INTO `cx_capability` (`type` , `classify_id` , `name` , `sn` , `picture` , `sort` , `status` , `create_time`) VALUES (1 , 4 , '有热水的水龙头安装恒温装置' , '2' , '图片' , 0 , 1 , 1658815457) [ RunTime:0.016000s ]
[ sql ] [ SQL ] SHOW COLUMNS FROM `cx_capability_options` [ RunTime:0.029000s ]
[ sql ] [ SQL ] INSERT INTO `cx_capability_options` (`sn` , `name` , `picture` , `type` , `sort` , `status` , `capability_id` , `create_time`) VALUES ( '1','无','选项图片','2',0,'1','36',1658815457 ) [ RunTime:0.020000s ]
[2022-07-26 14:04:29.629] 127.0.0.1 POST www.shizhi.com/admin/evaluation_capability/save	[runtime=0.223000s] [reqs=4.48req/s] [memory=3,514.01kb] [file=65]	[ info ] [ LANG ] D:\www\shizhi\api\thinkphp\lang\zh-cn.php
[ info ] [ ROUTE ] array (
  'type' => 'module',
  'module' => 
  array (
    0 => 'admin',
    1 => 'evaluation_capability',
    2 => 'save',
  ),
)
[ info ] [ HEADER ] array (
  'content-length' => '1748',
  'content-type' => 'multipart/form-data; boundary=--------------------------162648650128743383001604',
  'connection' => 'keep-alive',
  'accept-encoding' => 'gzip, deflate, br',
  'host' => 'www.shizhi.com',
  'accept' => '*/*',
  'user-agent' => 'apifox/1.0.0 (https://www.apifox.cn)',
  'usertoken' => 'MDAwMDAwMDAwMIGEbXY',
  'token' => '3c72970bc0d2064ee7806fad2fb405b625dd5c61',
)
[ info ] [ PARAM ] array (
  'evaluation_capability_id' => '',
  'evaluationclass_id' => '4',
  'type' => '1',
  'name' => '刀叉、玻璃器具、锐器、强力清洁剂、过期食物、洗漱用品等放在老人不易接触的地方',
  'sn' => '2',
  'picture' => '图片',
  'status' => '1',
  'sort' => '0',
  'option' => 
  array (
    0 => 
    array (
      'sn' => '1',
      'name' => '无',
      'picture' => '选项图片',
      'type' => '2',
      'status' => '1',
      'sort' => '0',
    ),
  ),
)
[ info ] [ DB ] INIT mysql
[ info ] [ RUN ] app\admin\controller\EvaluationCapability->save[ D:\www\shizhi\api\app\admin\controller\EvaluationCapability.php ]
[ info ] [ LOG ] INIT File	[ sql ] [ DB ] CONNECT:[ UseTime:0.038000s ] mysql:host=112.125.122.16;port=3306;dbname=jujiashizhi;charset=utf8mb4
[ sql ] [ SQL ] SHOW COLUMNS FROM `cx_system_manager` [ RunTime:0.018000s ]
[ sql ] [ SQL ] SELECT * FROM `cx_system_manager` WHERE  `token` = '3c72970bc0d2064ee7806fad2fb405b625dd5c61'  AND `id` = 1 LIMIT 1 [ RunTime:0.021000s ]
[ sql ] [ SQL ] SHOW COLUMNS FROM `cx_capability` [ RunTime:0.022000s ]
[ sql ] [ SQL ] INSERT INTO `cx_capability` (`type` , `classify_id` , `name` , `sn` , `picture` , `sort` , `status` , `create_time`) VALUES (1 , 4 , '刀叉、玻璃器具、锐器、强力清洁剂、过期食物、洗漱用品等放在老人不易接触的地方' , '2' , '图片' , 0 , 1 , 1658815469) [ RunTime:0.018000s ]
[ sql ] [ SQL ] SHOW COLUMNS FROM `cx_capability_options` [ RunTime:0.021000s ]
[ sql ] [ SQL ] INSERT INTO `cx_capability_options` (`sn` , `name` , `picture` , `type` , `sort` , `status` , `capability_id` , `create_time`) VALUES ( '1','无','选项图片','2',0,'1','37',1658815469 ) [ RunTime:0.018000s ]
[2022-07-26 14:04:37.614] 127.0.0.1 POST www.shizhi.com/admin/evaluation_capability/save	[runtime=0.191000s] [reqs=5.24req/s] [memory=3,513.38kb] [file=65]	[ info ] [ LANG ] D:\www\shizhi\api\thinkphp\lang\zh-cn.php
[ info ] [ ROUTE ] array (
  'type' => 'module',
  'module' => 
  array (
    0 => 'admin',
    1 => 'evaluation_capability',
    2 => 'save',
  ),
)
[ info ] [ HEADER ] array (
  'content-length' => '1670',
  'content-type' => 'multipart/form-data; boundary=--------------------------405845876460528230391489',
  'connection' => 'keep-alive',
  'accept-encoding' => 'gzip, deflate, br',
  'host' => 'www.shizhi.com',
  'accept' => '*/*',
  'user-agent' => 'apifox/1.0.0 (https://www.apifox.cn)',
  'usertoken' => 'MDAwMDAwMDAwMIGEbXY',
  'token' => '3c72970bc0d2064ee7806fad2fb405b625dd5c61',
)
[ info ] [ PARAM ] array (
  'evaluation_capability_id' => '',
  'evaluationclass_id' => '4',
  'type' => '1',
  'name' => '电源、电器有自动断电功能',
  'sn' => '2',
  'picture' => '图片',
  'status' => '1',
  'sort' => '0',
  'option' => 
  array (
    0 => 
    array (
      'sn' => '1',
      'name' => '无',
      'picture' => '选项图片',
      'type' => '2',
      'status' => '1',
      'sort' => '0',
    ),
  ),
)
[ info ] [ DB ] INIT mysql
[ info ] [ RUN ] app\admin\controller\EvaluationCapability->save[ D:\www\shizhi\api\app\admin\controller\EvaluationCapability.php ]
[ info ] [ LOG ] INIT File	[ sql ] [ DB ] CONNECT:[ UseTime:0.028000s ] mysql:host=112.125.122.16;port=3306;dbname=jujiashizhi;charset=utf8mb4
[ sql ] [ SQL ] SHOW COLUMNS FROM `cx_system_manager` [ RunTime:0.017000s ]
[ sql ] [ SQL ] SELECT * FROM `cx_system_manager` WHERE  `token` = '3c72970bc0d2064ee7806fad2fb405b625dd5c61'  AND `id` = 1 LIMIT 1 [ RunTime:0.025000s ]
[ sql ] [ SQL ] SHOW COLUMNS FROM `cx_capability` [ RunTime:0.015000s ]
[ sql ] [ SQL ] INSERT INTO `cx_capability` (`type` , `classify_id` , `name` , `sn` , `picture` , `sort` , `status` , `create_time`) VALUES (1 , 4 , '电源、电器有自动断电功能' , '2' , '图片' , 0 , 1 , 1658815477) [ RunTime:0.016000s ]
[ sql ] [ SQL ] SHOW COLUMNS FROM `cx_capability_options` [ RunTime:0.020000s ]
[ sql ] [ SQL ] INSERT INTO `cx_capability_options` (`sn` , `name` , `picture` , `type` , `sort` , `status` , `capability_id` , `create_time`) VALUES ( '1','无','选项图片','2',0,'1','38',1658815477 ) [ RunTime:0.016000s ]
[2022-07-26 14:04:48.724] 127.0.0.1 POST www.shizhi.com/admin/evaluation_capability/save	[runtime=0.215000s] [reqs=4.65req/s] [memory=3,513.38kb] [file=65]	[ info ] [ LANG ] D:\www\shizhi\api\thinkphp\lang\zh-cn.php
[ info ] [ ROUTE ] array (
  'type' => 'module',
  'module' => 
  array (
    0 => 'admin',
    1 => 'evaluation_capability',
    2 => 'save',
  ),
)
[ info ] [ HEADER ] array (
  'content-length' => '1669',
  'content-type' => 'multipart/form-data; boundary=--------------------------539835534934281142352745',
  'connection' => 'keep-alive',
  'accept-encoding' => 'gzip, deflate, br',
  'host' => 'www.shizhi.com',
  'accept' => '*/*',
  'user-agent' => 'apifox/1.0.0 (https://www.apifox.cn)',
  'usertoken' => 'MDAwMDAwMDAwMIGEbXY',
  'token' => '3c72970bc0d2064ee7806fad2fb405b625dd5c61',
)
[ info ] [ PARAM ] array (
  'evaluation_capability_id' => '',
  'evaluationclass_id' => '4',
  'type' => '1',
  'name' => '有煤气/天然气/烟雾报警器',
  'sn' => '2',
  'picture' => '图片',
  'status' => '1',
  'sort' => '0',
  'option' => 
  array (
    0 => 
    array (
      'sn' => '1',
      'name' => '无',
      'picture' => '选项图片',
      'type' => '2',
      'status' => '1',
      'sort' => '0',
    ),
  ),
)
[ info ] [ DB ] INIT mysql
[ info ] [ RUN ] app\admin\controller\EvaluationCapability->save[ D:\www\shizhi\api\app\admin\controller\EvaluationCapability.php ]
[ info ] [ LOG ] INIT File	[ sql ] [ DB ] CONNECT:[ UseTime:0.039000s ] mysql:host=112.125.122.16;port=3306;dbname=jujiashizhi;charset=utf8mb4
[ sql ] [ SQL ] SHOW COLUMNS FROM `cx_system_manager` [ RunTime:0.022000s ]
[ sql ] [ SQL ] SELECT * FROM `cx_system_manager` WHERE  `token` = '3c72970bc0d2064ee7806fad2fb405b625dd5c61'  AND `id` = 1 LIMIT 1 [ RunTime:0.019000s ]
[ sql ] [ SQL ] SHOW COLUMNS FROM `cx_capability` [ RunTime:0.019000s ]
[ sql ] [ SQL ] INSERT INTO `cx_capability` (`type` , `classify_id` , `name` , `sn` , `picture` , `sort` , `status` , `create_time`) VALUES (1 , 4 , '有煤气/天然气/烟雾报警器' , '2' , '图片' , 0 , 1 , 1658815488) [ RunTime:0.020000s ]
[ sql ] [ SQL ] SHOW COLUMNS FROM `cx_capability_options` [ RunTime:0.025000s ]
[ sql ] [ SQL ] INSERT INTO `cx_capability_options` (`sn` , `name` , `picture` , `type` , `sort` , `status` , `capability_id` , `create_time`) VALUES ( '1','无','选项图片','2',0,'1','39',1658815488 ) [ RunTime:0.019000s ]
[2022-07-26 14:05:00.338] 127.0.0.1 POST www.shizhi.com/admin/evaluation_capability/save	[runtime=0.180000s] [reqs=5.56req/s] [memory=3,513.38kb] [file=65]	[ info ] [ LANG ] D:\www\shizhi\api\thinkphp\lang\zh-cn.php
[ info ] [ ROUTE ] array (
  'type' => 'module',
  'module' => 
  array (
    0 => 'admin',
    1 => 'evaluation_capability',
    2 => 'save',
  ),
)
[ info ] [ HEADER ] array (
  'content-length' => '1679',
  'content-type' => 'multipart/form-data; boundary=--------------------------049490743055402651150327',
  'connection' => 'keep-alive',
  'accept-encoding' => 'gzip, deflate, br',
  'host' => 'www.shizhi.com',
  'accept' => '*/*',
  'user-agent' => 'apifox/1.0.0 (https://www.apifox.cn)',
  'usertoken' => 'MDAwMDAwMDAwMIGEbXY',
  'token' => '3c72970bc0d2064ee7806fad2fb405b625dd5c61',
)
[ info ] [ PARAM ] array (
  'evaluation_capability_id' => '',
  'evaluationclass_id' => '4',
  'type' => '1',
  'name' => '地面用了防滑材质或做了防滑处理',
  'sn' => '2',
  'picture' => '图片',
  'status' => '1',
  'sort' => '0',
  'option' => 
  array (
    0 => 
    array (
      'sn' => '1',
      'name' => '无',
      'picture' => '选项图片',
      'type' => '2',
      'status' => '1',
      'sort' => '0',
    ),
  ),
)
[ info ] [ DB ] INIT mysql
[ info ] [ RUN ] app\admin\controller\EvaluationCapability->save[ D:\www\shizhi\api\app\admin\controller\EvaluationCapability.php ]
[ info ] [ LOG ] INIT File	[ sql ] [ DB ] CONNECT:[ UseTime:0.025000s ] mysql:host=112.125.122.16;port=3306;dbname=jujiashizhi;charset=utf8mb4
[ sql ] [ SQL ] SHOW COLUMNS FROM `cx_system_manager` [ RunTime:0.017000s ]
[ sql ] [ SQL ] SELECT * FROM `cx_system_manager` WHERE  `token` = '3c72970bc0d2064ee7806fad2fb405b625dd5c61'  AND `id` = 1 LIMIT 1 [ RunTime:0.027000s ]
[ sql ] [ SQL ] SHOW COLUMNS FROM `cx_capability` [ RunTime:0.020000s ]
[ sql ] [ SQL ] INSERT INTO `cx_capability` (`type` , `classify_id` , `name` , `sn` , `picture` , `sort` , `status` , `create_time`) VALUES (1 , 4 , '地面用了防滑材质或做了防滑处理' , '2' , '图片' , 0 , 1 , 1658815500) [ RunTime:0.014000s ]
[ sql ] [ SQL ] SHOW COLUMNS FROM `cx_capability_options` [ RunTime:0.012000s ]
[ sql ] [ SQL ] INSERT INTO `cx_capability_options` (`sn` , `name` , `picture` , `type` , `sort` , `status` , `capability_id` , `create_time`) VALUES ( '1','无','选项图片','2',0,'1','40',1658815500 ) [ RunTime:0.014000s ]
[2022-07-26 14:05:15.12] 127.0.0.1 POST www.shizhi.com/admin/evaluation_capability/save	[runtime=0.675000s] [reqs=1.48req/s] [memory=3,513.63kb] [file=65]	[ info ] [ LANG ] D:\www\shizhi\api\thinkphp\lang\zh-cn.php
[ info ] [ ROUTE ] array (
  'type' => 'module',
  'module' => 
  array (
    0 => 'admin',
    1 => 'evaluation_capability',
    2 => 'save',
  ),
)
[ info ] [ HEADER ] array (
  'content-length' => '1694',
  'content-type' => 'multipart/form-data; boundary=--------------------------057513070045910203634520',
  'connection' => 'keep-alive',
  'accept-encoding' => 'gzip, deflate, br',
  'host' => 'www.shizhi.com',
  'accept' => '*/*',
  'user-agent' => 'apifox/1.0.0 (https://www.apifox.cn)',
  'usertoken' => 'MDAwMDAwMDAwMIGEbXY',
  'token' => '3c72970bc0d2064ee7806fad2fb405b625dd5c61',
)
[ info ] [ PARAM ] array (
  'evaluation_capability_id' => '',
  'evaluationclass_id' => '4',
  'type' => '1',
  'name' => '家具有尖锐的边角，如茶几、衣柜、床头柜等',
  'sn' => '2',
  'picture' => '图片',
  'status' => '1',
  'sort' => '0',
  'option' => 
  array (
    0 => 
    array (
      'sn' => '1',
      'name' => '无',
      'picture' => '选项图片',
      'type' => '2',
      'status' => '1',
      'sort' => '0',
    ),
  ),
)
[ info ] [ DB ] INIT mysql
[ info ] [ RUN ] app\admin\controller\EvaluationCapability->save[ D:\www\shizhi\api\app\admin\controller\EvaluationCapability.php ]
[ info ] [ LOG ] INIT File	[ sql ] [ DB ] CONNECT:[ UseTime:0.144000s ] mysql:host=112.125.122.16;port=3306;dbname=jujiashizhi;charset=utf8mb4
[ sql ] [ SQL ] SHOW COLUMNS FROM `cx_system_manager` [ RunTime:0.092000s ]
[ sql ] [ SQL ] SELECT * FROM `cx_system_manager` WHERE  `token` = '3c72970bc0d2064ee7806fad2fb405b625dd5c61'  AND `id` = 1 LIMIT 1 [ RunTime:0.095000s ]
[ sql ] [ SQL ] SHOW COLUMNS FROM `cx_capability` [ RunTime:0.079000s ]
[ sql ] [ SQL ] INSERT INTO `cx_capability` (`type` , `classify_id` , `name` , `sn` , `picture` , `sort` , `status` , `create_time`) VALUES (1 , 4 , '家具有尖锐的边角，如茶几、衣柜、床头柜等' , '2' , '图片' , 0 , 1 , 1658815514) [ RunTime:0.089000s ]
[ sql ] [ SQL ] SHOW COLUMNS FROM `cx_capability_options` [ RunTime:0.051000s ]
[ sql ] [ SQL ] INSERT INTO `cx_capability_options` (`sn` , `name` , `picture` , `type` , `sort` , `status` , `capability_id` , `create_time`) VALUES ( '1','无','选项图片','2',0,'1','41',1658815514 ) [ RunTime:0.030000s ]
[2022-07-26 14:05:23.165] 127.0.0.1 POST www.shizhi.com/admin/evaluation_capability/save	[runtime=0.237000s] [reqs=4.22req/s] [memory=3,513.38kb] [file=65]	[ info ] [ LANG ] D:\www\shizhi\api\thinkphp\lang\zh-cn.php
[ info ] [ ROUTE ] array (
  'type' => 'module',
  'module' => 
  array (
    0 => 'admin',
    1 => 'evaluation_capability',
    2 => 'save',
  ),
)
[ info ] [ HEADER ] array (
  'content-length' => '1676',
  'content-type' => 'multipart/form-data; boundary=--------------------------049792345783642489244728',
  'connection' => 'keep-alive',
  'accept-encoding' => 'gzip, deflate, br',
  'host' => 'www.shizhi.com',
  'accept' => '*/*',
  'user-agent' => 'apifox/1.0.0 (https://www.apifox.cn)',
  'usertoken' => 'MDAwMDAwMDAwMIGEbXY',
  'token' => '3c72970bc0d2064ee7806fad2fb405b625dd5c61',
)
[ info ] [ PARAM ] array (
  'evaluation_capability_id' => '',
  'evaluationclass_id' => '4',
  'type' => '1',
  'name' => '常用物品放在固定、醒目的位置',
  'sn' => '2',
  'picture' => '图片',
  'status' => '1',
  'sort' => '0',
  'option' => 
  array (
    0 => 
    array (
      'sn' => '1',
      'name' => '无',
      'picture' => '选项图片',
      'type' => '2',
      'status' => '1',
      'sort' => '0',
    ),
  ),
)
[ info ] [ DB ] INIT mysql
[ info ] [ RUN ] app\admin\controller\EvaluationCapability->save[ D:\www\shizhi\api\app\admin\controller\EvaluationCapability.php ]
[ info ] [ LOG ] INIT File	[ sql ] [ DB ] CONNECT:[ UseTime:0.030000s ] mysql:host=112.125.122.16;port=3306;dbname=jujiashizhi;charset=utf8mb4
[ sql ] [ SQL ] SHOW COLUMNS FROM `cx_system_manager` [ RunTime:0.018000s ]
[ sql ] [ SQL ] SELECT * FROM `cx_system_manager` WHERE  `token` = '3c72970bc0d2064ee7806fad2fb405b625dd5c61'  AND `id` = 1 LIMIT 1 [ RunTime:0.019000s ]
[ sql ] [ SQL ] SHOW COLUMNS FROM `cx_capability` [ RunTime:0.028000s ]
[ sql ] [ SQL ] INSERT INTO `cx_capability` (`type` , `classify_id` , `name` , `sn` , `picture` , `sort` , `status` , `create_time`) VALUES (1 , 4 , '常用物品放在固定、醒目的位置' , '2' , '图片' , 0 , 1 , 1658815523) [ RunTime:0.037000s ]
[ sql ] [ SQL ] SHOW COLUMNS FROM `cx_capability_options` [ RunTime:0.038000s ]
[ sql ] [ SQL ] INSERT INTO `cx_capability_options` (`sn` , `name` , `picture` , `type` , `sort` , `status` , `capability_id` , `create_time`) VALUES ( '1','无','选项图片','2',0,'1','42',1658815523 ) [ RunTime:0.017000s ]
[2022-07-26 14:05:30.170] 127.0.0.1 POST www.shizhi.com/admin/evaluation_capability/save	[runtime=0.208000s] [reqs=4.81req/s] [memory=3,513.38kb] [file=65]	[ info ] [ LANG ] D:\www\shizhi\api\thinkphp\lang\zh-cn.php
[ info ] [ ROUTE ] array (
  'type' => 'module',
  'module' => 
  array (
    0 => 'admin',
    1 => 'evaluation_capability',
    2 => 'save',
  ),
)
[ info ] [ HEADER ] array (
  'content-length' => '1671',
  'content-type' => 'multipart/form-data; boundary=--------------------------043875367532090485813778',
  'connection' => 'keep-alive',
  'accept-encoding' => 'gzip, deflate, br',
  'host' => 'www.shizhi.com',
  'accept' => '*/*',
  'user-agent' => 'apifox/1.0.0 (https://www.apifox.cn)',
  'usertoken' => 'MDAwMDAwMDAwMIGEbXY',
  'token' => '3c72970bc0d2064ee7806fad2fb405b625dd5c61',
)
[ info ] [ PARAM ] array (
  'evaluation_capability_id' => '',
  'evaluationclass_id' => '4',
  'type' => '1',
  'name' => '有数字字体较大的时钟/日历',
  'sn' => '2',
  'picture' => '图片',
  'status' => '1',
  'sort' => '0',
  'option' => 
  array (
    0 => 
    array (
      'sn' => '1',
      'name' => '无',
      'picture' => '选项图片',
      'type' => '2',
      'status' => '1',
      'sort' => '0',
    ),
  ),
)
[ info ] [ DB ] INIT mysql
[ info ] [ RUN ] app\admin\controller\EvaluationCapability->save[ D:\www\shizhi\api\app\admin\controller\EvaluationCapability.php ]
[ info ] [ LOG ] INIT File	[ sql ] [ DB ] CONNECT:[ UseTime:0.027000s ] mysql:host=112.125.122.16;port=3306;dbname=jujiashizhi;charset=utf8mb4
[ sql ] [ SQL ] SHOW COLUMNS FROM `cx_system_manager` [ RunTime:0.021000s ]
[ sql ] [ SQL ] SELECT * FROM `cx_system_manager` WHERE  `token` = '3c72970bc0d2064ee7806fad2fb405b625dd5c61'  AND `id` = 1 LIMIT 1 [ RunTime:0.026000s ]
[ sql ] [ SQL ] SHOW COLUMNS FROM `cx_capability` [ RunTime:0.020000s ]
[ sql ] [ SQL ] INSERT INTO `cx_capability` (`type` , `classify_id` , `name` , `sn` , `picture` , `sort` , `status` , `create_time`) VALUES (1 , 4 , '有数字字体较大的时钟/日历' , '2' , '图片' , 0 , 1 , 1658815530) [ RunTime:0.018000s ]
[ sql ] [ SQL ] SHOW COLUMNS FROM `cx_capability_options` [ RunTime:0.020000s ]
[ sql ] [ SQL ] INSERT INTO `cx_capability_options` (`sn` , `name` , `picture` , `type` , `sort` , `status` , `capability_id` , `create_time`) VALUES ( '1','无','选项图片','2',0,'1','43',1658815530 ) [ RunTime:0.024000s ]
[2022-07-26 14:05:40.45] 127.0.0.1 POST www.shizhi.com/admin/evaluation_capability/save	[runtime=0.181000s] [reqs=5.52req/s] [memory=3,513.63kb] [file=65]	[ info ] [ LANG ] D:\www\shizhi\api\thinkphp\lang\zh-cn.php
[ info ] [ ROUTE ] array (
  'type' => 'module',
  'module' => 
  array (
    0 => 'admin',
    1 => 'evaluation_capability',
    2 => 'save',
  ),
)
[ info ] [ HEADER ] array (
  'content-length' => '1693',
  'content-type' => 'multipart/form-data; boundary=--------------------------853841564619978105598673',
  'connection' => 'keep-alive',
  'accept-encoding' => 'gzip, deflate, br',
  'host' => 'www.shizhi.com',
  'accept' => '*/*',
  'user-agent' => 'apifox/1.0.0 (https://www.apifox.cn)',
  'usertoken' => 'MDAwMDAwMDAwMIGEbXY',
  'token' => '3c72970bc0d2064ee7806fad2fb405b625dd5c61',
)
[ info ] [ PARAM ] array (
  'evaluation_capability_id' => '',
  'evaluationclass_id' => '4',
  'type' => '1',
  'name' => '客厅/卫生间/卧室有大的镜子或家具上有玻璃',
  'sn' => '2',
  'picture' => '图片',
  'status' => '1',
  'sort' => '0',
  'option' => 
  array (
    0 => 
    array (
      'sn' => '1',
      'name' => '无',
      'picture' => '选项图片',
      'type' => '2',
      'status' => '1',
      'sort' => '0',
    ),
  ),
)
[ info ] [ DB ] INIT mysql
[ info ] [ RUN ] app\admin\controller\EvaluationCapability->save[ D:\www\shizhi\api\app\admin\controller\EvaluationCapability.php ]
[ info ] [ LOG ] INIT File	[ sql ] [ DB ] CONNECT:[ UseTime:0.029000s ] mysql:host=112.125.122.16;port=3306;dbname=jujiashizhi;charset=utf8mb4
[ sql ] [ SQL ] SHOW COLUMNS FROM `cx_system_manager` [ RunTime:0.018000s ]
[ sql ] [ SQL ] SELECT * FROM `cx_system_manager` WHERE  `token` = '3c72970bc0d2064ee7806fad2fb405b625dd5c61'  AND `id` = 1 LIMIT 1 [ RunTime:0.016000s ]
[ sql ] [ SQL ] SHOW COLUMNS FROM `cx_capability` [ RunTime:0.018000s ]
[ sql ] [ SQL ] INSERT INTO `cx_capability` (`type` , `classify_id` , `name` , `sn` , `picture` , `sort` , `status` , `create_time`) VALUES (1 , 4 , '客厅/卫生间/卧室有大的镜子或家具上有玻璃' , '2' , '图片' , 0 , 1 , 1658815539) [ RunTime:0.015000s ]
[ sql ] [ SQL ] SHOW COLUMNS FROM `cx_capability_options` [ RunTime:0.017000s ]
[ sql ] [ SQL ] INSERT INTO `cx_capability_options` (`sn` , `name` , `picture` , `type` , `sort` , `status` , `capability_id` , `create_time`) VALUES ( '1','无','选项图片','2',0,'1','44',1658815540 ) [ RunTime:0.017000s ]
[2022-07-26 14:05:57.287] 127.0.0.1 POST www.shizhi.com/admin/evaluation_capability/save	[runtime=0.205000s] [reqs=4.88req/s] [memory=3,513.38kb] [file=65]	[ info ] [ LANG ] D:\www\shizhi\api\thinkphp\lang\zh-cn.php
[ info ] [ ROUTE ] array (
  'type' => 'module',
  'module' => 
  array (
    0 => 'admin',
    1 => 'evaluation_capability',
    2 => 'save',
  ),
)
[ info ] [ HEADER ] array (
  'content-length' => '1676',
  'content-type' => 'multipart/form-data; boundary=--------------------------068688672549753132196594',
  'connection' => 'keep-alive',
  'accept-encoding' => 'gzip, deflate, br',
  'host' => 'www.shizhi.com',
  'accept' => '*/*',
  'user-agent' => 'apifox/1.0.0 (https://www.apifox.cn)',
  'usertoken' => 'MDAwMDAwMDAwMIGEbXY',
  'token' => '3c72970bc0d2064ee7806fad2fb405b625dd5c61',
)
[ info ] [ PARAM ] array (
  'evaluation_capability_id' => '',
  'evaluationclass_id' => '4',
  'type' => '1',
  'name' => '屋内墙壁、地板、窗帘图案花哨',
  'sn' => '2',
  'picture' => '图片',
  'status' => '1',
  'sort' => '0',
  'option' => 
  array (
    0 => 
    array (
      'sn' => '1',
      'name' => '无',
      'picture' => '选项图片',
      'type' => '2',
      'status' => '1',
      'sort' => '0',
    ),
  ),
)
[ info ] [ DB ] INIT mysql
[ info ] [ RUN ] app\admin\controller\EvaluationCapability->save[ D:\www\shizhi\api\app\admin\controller\EvaluationCapability.php ]
[ info ] [ LOG ] INIT File	[ sql ] [ DB ] CONNECT:[ UseTime:0.039000s ] mysql:host=112.125.122.16;port=3306;dbname=jujiashizhi;charset=utf8mb4
[ sql ] [ SQL ] SHOW COLUMNS FROM `cx_system_manager` [ RunTime:0.027000s ]
[ sql ] [ SQL ] SELECT * FROM `cx_system_manager` WHERE  `token` = '3c72970bc0d2064ee7806fad2fb405b625dd5c61'  AND `id` = 1 LIMIT 1 [ RunTime:0.022000s ]
[ sql ] [ SQL ] SHOW COLUMNS FROM `cx_capability` [ RunTime:0.018000s ]
[ sql ] [ SQL ] INSERT INTO `cx_capability` (`type` , `classify_id` , `name` , `sn` , `picture` , `sort` , `status` , `create_time`) VALUES (1 , 4 , '屋内墙壁、地板、窗帘图案花哨' , '2' , '图片' , 0 , 1 , 1658815557) [ RunTime:0.016000s ]
[ sql ] [ SQL ] SHOW COLUMNS FROM `cx_capability_options` [ RunTime:0.018000s ]
[ sql ] [ SQL ] INSERT INTO `cx_capability_options` (`sn` , `name` , `picture` , `type` , `sort` , `status` , `capability_id` , `create_time`) VALUES ( '1','无','选项图片','2',0,'1','45',1658815557 ) [ RunTime:0.014000s ]
[2022-07-26 14:37:16.786] 127.0.0.1 POST www.shizhi.com/admin/evaluation_capability/optionlist	[runtime=0.158000s] [reqs=6.33req/s] [memory=3,593.30kb] [file=65]	[ info ] [ LANG ] D:\www\shizhi\api\thinkphp\lang\zh-cn.php
[ info ] [ ROUTE ] array (
  'type' => 'module',
  'module' => 
  array (
    0 => 'admin',
    1 => 'evaluation_capability',
    2 => 'optionlist',
  ),
)
[ info ] [ HEADER ] array (
  'content-length' => '180',
  'content-type' => 'multipart/form-data; boundary=--------------------------438114455572367212910419',
  'connection' => 'keep-alive',
  'accept-encoding' => 'gzip, deflate, br',
  'host' => 'www.shizhi.com',
  'accept' => '*/*',
  'user-agent' => 'apifox/1.0.0 (https://www.apifox.cn)',
  'usertoken' => 'MDAwMDAwMDAwMIGEbXY',
  'token' => '3c72970bc0d2064ee7806fad2fb405b625dd5c61',
)
[ info ] [ PARAM ] array (
  'evaluation_capability_id' => '1',
)
[ info ] [ DB ] INIT mysql
[ info ] [ RUN ] app\admin\controller\EvaluationCapability->optionList[ D:\www\shizhi\api\app\admin\controller\EvaluationCapability.php ]
[ info ] [ LOG ] INIT File	[ sql ] [ DB ] CONNECT:[ UseTime:0.035000s ] mysql:host=112.125.122.16;port=3306;dbname=jujiashizhi;charset=utf8mb4
[ sql ] [ SQL ] SHOW COLUMNS FROM `cx_system_manager` [ RunTime:0.021000s ]
[ sql ] [ SQL ] SELECT * FROM `cx_system_manager` WHERE  `token` = '3c72970bc0d2064ee7806fad2fb405b625dd5c61'  AND `id` = 1 LIMIT 1 [ RunTime:0.023000s ]
[ sql ] [ SQL ] SHOW COLUMNS FROM `cx_capability_options` [ RunTime:0.022000s ]
[ sql ] [ SQL ] SELECT `id`,`capability_id`,`sn`,`name`,`picture`,`type`,`sort`,`status`,`create_time` FROM `cx_capability_options` WHERE  `capability_id` = 1  AND `is_del` = 1 [ RunTime:0.018000s ]
[2022-07-26 14:43:36.928] 127.0.0.1 POST www.shizhi.com/admin/evaluation_capability/index	[runtime=0.184000s] [reqs=5.43req/s] [memory=3,706.79kb] [file=72]	[ info ] [ LANG ] D:\www\shizhi\api\thinkphp\lang\zh-cn.php
[ info ] [ ROUTE ] array (
  'type' => 'module',
  'module' => 
  array (
    0 => 'admin',
    1 => 'evaluation_capability',
    2 => 'index',
  ),
)
[ info ] [ HEADER ] array (
  'content-length' => '486',
  'content-type' => 'multipart/form-data; boundary=--------------------------230629348026828239878310',
  'connection' => 'keep-alive',
  'accept-encoding' => 'gzip, deflate, br',
  'host' => 'www.shizhi.com',
  'accept' => '*/*',
  'user-agent' => 'apifox/1.0.0 (https://www.apifox.cn)',
  'usertoken' => 'MDAwMDAwMDAwMIGEbXY',
  'token' => '3c72970bc0d2064ee7806fad2fb405b625dd5c61',
)
[ info ] [ PARAM ] array (
  'page' => '1',
  'limit' => '10',
  'evaluationclass_id' => '0',
  'key' => '',
)
[ info ] [ DB ] INIT mysql
[ info ] [ RUN ] app\admin\controller\EvaluationCapability->index[ D:\www\shizhi\api\app\admin\controller\EvaluationCapability.php ]
[ info ] [ LOG ] INIT File	[ sql ] [ DB ] CONNECT:[ UseTime:0.024000s ] mysql:host=112.125.122.16;port=3306;dbname=jujiashizhi;charset=utf8mb4
[ sql ] [ SQL ] SHOW COLUMNS FROM `cx_system_manager` [ RunTime:0.073000s ]
[ sql ] [ SQL ] SELECT * FROM `cx_system_manager` WHERE  `token` = '3c72970bc0d2064ee7806fad2fb405b625dd5c61'  AND `id` = 1 LIMIT 1 [ RunTime:0.021000s ]
[ sql ] [ SQL ] SHOW COLUMNS FROM `cx_capability` [ RunTime:0.017000s ]	[ error ] [10501]SQLSTATE[42S22]: Column not found: 1054 Unknown column 'content' in 'field list'[D:\www\shizhi\api\thinkphp\library\think\db\Connection.php:385]
[2022-07-26 14:48:12.244] 127.0.0.1 POST www.shizhi.com/admin/evaluation_capability/index	[runtime=0.170000s] [reqs=5.88req/s] [memory=3,574.77kb] [file=64]	[ info ] [ LANG ] D:\www\shizhi\api\thinkphp\lang\zh-cn.php
[ info ] [ ROUTE ] array (
  'type' => 'module',
  'module' => 
  array (
    0 => 'admin',
    1 => 'evaluation_capability',
    2 => 'index',
  ),
)
[ info ] [ HEADER ] array (
  'content-length' => '486',
  'content-type' => 'multipart/form-data; boundary=--------------------------543223285126574180897405',
  'connection' => 'keep-alive',
  'accept-encoding' => 'gzip, deflate, br',
  'host' => 'www.shizhi.com',
  'accept' => '*/*',
  'user-agent' => 'apifox/1.0.0 (https://www.apifox.cn)',
  'usertoken' => 'MDAwMDAwMDAwMIGEbXY',
  'token' => '3c72970bc0d2064ee7806fad2fb405b625dd5c61',
)
[ info ] [ PARAM ] array (
  'page' => '1',
  'limit' => '10',
  'evaluationclass_id' => '0',
  'key' => '',
)
[ info ] [ DB ] INIT mysql
[ info ] [ RUN ] app\admin\controller\EvaluationCapability->index[ D:\www\shizhi\api\app\admin\controller\EvaluationCapability.php ]
[ info ] [ LOG ] INIT File	[ sql ] [ DB ] CONNECT:[ UseTime:0.030000s ] mysql:host=112.125.122.16;port=3306;dbname=jujiashizhi;charset=utf8mb4
[ sql ] [ SQL ] SHOW COLUMNS FROM `cx_system_manager` [ RunTime:0.045000s ]
[ sql ] [ SQL ] SELECT * FROM `cx_system_manager` WHERE  `token` = '3c72970bc0d2064ee7806fad2fb405b625dd5c61'  AND `id` = 1 LIMIT 1 [ RunTime:0.022000s ]
[ sql ] [ SQL ] SHOW COLUMNS FROM `cx_capability` [ RunTime:0.023000s ]
[ sql ] [ SQL ] SELECT `id`,`classify_id`,`sn`,`type`,`name`,`picture`,`sort`,`status`,`create_time` FROM `cx_capability` WHERE  `is_del` = 1 ORDER BY `sort` DESC,`create_time` DESC LIMIT 0,10 [ RunTime:0.016000s ]
[2022-07-26 14:48:17.789] 127.0.0.1 POST www.shizhi.com/admin/evaluation_capability/index	[runtime=0.141000s] [reqs=7.09req/s] [memory=3,547.73kb] [file=64]	[ info ] [ LANG ] D:\www\shizhi\api\thinkphp\lang\zh-cn.php
[ info ] [ ROUTE ] array (
  'type' => 'module',
  'module' => 
  array (
    0 => 'admin',
    1 => 'evaluation_capability',
    2 => 'index',
  ),
)
[ info ] [ HEADER ] array (
  'content-length' => '486',
  'content-type' => 'multipart/form-data; boundary=--------------------------857651776297798240681167',
  'connection' => 'keep-alive',
  'accept-encoding' => 'gzip, deflate, br',
  'host' => 'www.shizhi.com',
  'accept' => '*/*',
  'user-agent' => 'apifox/1.0.0 (https://www.apifox.cn)',
  'usertoken' => 'MDAwMDAwMDAwMIGEbXY',
  'token' => '3c72970bc0d2064ee7806fad2fb405b625dd5c61',
)
[ info ] [ PARAM ] array (
  'page' => '5',
  'limit' => '10',
  'evaluationclass_id' => '0',
  'key' => '',
)
[ info ] [ DB ] INIT mysql
[ info ] [ RUN ] app\admin\controller\EvaluationCapability->index[ D:\www\shizhi\api\app\admin\controller\EvaluationCapability.php ]
[ info ] [ LOG ] INIT File	[ sql ] [ DB ] CONNECT:[ UseTime:0.029000s ] mysql:host=112.125.122.16;port=3306;dbname=jujiashizhi;charset=utf8mb4
[ sql ] [ SQL ] SHOW COLUMNS FROM `cx_system_manager` [ RunTime:0.021000s ]
[ sql ] [ SQL ] SELECT * FROM `cx_system_manager` WHERE  `token` = '3c72970bc0d2064ee7806fad2fb405b625dd5c61'  AND `id` = 1 LIMIT 1 [ RunTime:0.023000s ]
[ sql ] [ SQL ] SHOW COLUMNS FROM `cx_capability` [ RunTime:0.018000s ]
[ sql ] [ SQL ] SELECT `id`,`classify_id`,`sn`,`type`,`name`,`picture`,`sort`,`status`,`create_time` FROM `cx_capability` WHERE  `is_del` = 1 ORDER BY `sort` DESC,`create_time` DESC LIMIT 40,10 [ RunTime:0.020000s ]
[2022-07-26 14:48:21.583] 127.0.0.1 POST www.shizhi.com/admin/evaluation_capability/index	[runtime=0.154000s] [reqs=6.49req/s] [memory=3,521.16kb] [file=64]	[ info ] [ LANG ] D:\www\shizhi\api\thinkphp\lang\zh-cn.php
[ info ] [ ROUTE ] array (
  'type' => 'module',
  'module' => 
  array (
    0 => 'admin',
    1 => 'evaluation_capability',
    2 => 'index',
  ),
)
[ info ] [ HEADER ] array (
  'content-length' => '487',
  'content-type' => 'multipart/form-data; boundary=--------------------------386674819517572107289345',
  'connection' => 'keep-alive',
  'accept-encoding' => 'gzip, deflate, br',
  'host' => 'www.shizhi.com',
  'accept' => '*/*',
  'user-agent' => 'apifox/1.0.0 (https://www.apifox.cn)',
  'usertoken' => 'MDAwMDAwMDAwMIGEbXY',
  'token' => '3c72970bc0d2064ee7806fad2fb405b625dd5c61',
)
[ info ] [ PARAM ] array (
  'page' => '50',
  'limit' => '10',
  'evaluationclass_id' => '0',
  'key' => '',
)
[ info ] [ DB ] INIT mysql
[ info ] [ RUN ] app\admin\controller\EvaluationCapability->index[ D:\www\shizhi\api\app\admin\controller\EvaluationCapability.php ]
[ info ] [ LOG ] INIT File	[ sql ] [ DB ] CONNECT:[ UseTime:0.024000s ] mysql:host=112.125.122.16;port=3306;dbname=jujiashizhi;charset=utf8mb4
[ sql ] [ SQL ] SHOW COLUMNS FROM `cx_system_manager` [ RunTime:0.017000s ]
[ sql ] [ SQL ] SELECT * FROM `cx_system_manager` WHERE  `token` = '3c72970bc0d2064ee7806fad2fb405b625dd5c61'  AND `id` = 1 LIMIT 1 [ RunTime:0.035000s ]
[ sql ] [ SQL ] SHOW COLUMNS FROM `cx_capability` [ RunTime:0.031000s ]
[ sql ] [ SQL ] SELECT `id`,`classify_id`,`sn`,`type`,`name`,`picture`,`sort`,`status`,`create_time` FROM `cx_capability` WHERE  `is_del` = 1 ORDER BY `sort` DESC,`create_time` DESC LIMIT 490,10 [ RunTime:0.017000s ]
[2022-07-26 14:48:26.705] 127.0.0.1 POST www.shizhi.com/admin/evaluation_capability/index	[runtime=0.547000s] [reqs=1.83req/s] [memory=3,574.77kb] [file=64]	[ info ] [ LANG ] D:\www\shizhi\api\thinkphp\lang\zh-cn.php
[ info ] [ ROUTE ] array (
  'type' => 'module',
  'module' => 
  array (
    0 => 'admin',
    1 => 'evaluation_capability',
    2 => 'index',
  ),
)
[ info ] [ HEADER ] array (
  'content-length' => '486',
  'content-type' => 'multipart/form-data; boundary=--------------------------850923996657896089525099',
  'connection' => 'keep-alive',
  'accept-encoding' => 'gzip, deflate, br',
  'host' => 'www.shizhi.com',
  'accept' => '*/*',
  'user-agent' => 'apifox/1.0.0 (https://www.apifox.cn)',
  'usertoken' => 'MDAwMDAwMDAwMIGEbXY',
  'token' => '3c72970bc0d2064ee7806fad2fb405b625dd5c61',
)
[ info ] [ PARAM ] array (
  'page' => '1',
  'limit' => '10',
  'evaluationclass_id' => '0',
  'key' => '',
)
[ info ] [ DB ] INIT mysql
[ info ] [ RUN ] app\admin\controller\EvaluationCapability->index[ D:\www\shizhi\api\app\admin\controller\EvaluationCapability.php ]
[ info ] [ LOG ] INIT File	[ sql ] [ DB ] CONNECT:[ UseTime:0.386000s ] mysql:host=112.125.122.16;port=3306;dbname=jujiashizhi;charset=utf8mb4
[ sql ] [ SQL ] SHOW COLUMNS FROM `cx_system_manager` [ RunTime:0.024000s ]
[ sql ] [ SQL ] SELECT * FROM `cx_system_manager` WHERE  `token` = '3c72970bc0d2064ee7806fad2fb405b625dd5c61'  AND `id` = 1 LIMIT 1 [ RunTime:0.032000s ]
[ sql ] [ SQL ] SHOW COLUMNS FROM `cx_capability` [ RunTime:0.032000s ]
[ sql ] [ SQL ] SELECT `id`,`classify_id`,`sn`,`type`,`name`,`picture`,`sort`,`status`,`create_time` FROM `cx_capability` WHERE  `is_del` = 1 ORDER BY `sort` DESC,`create_time` DESC LIMIT 0,10 [ RunTime:0.040000s ]
[2022-07-26 14:52:45.152] 127.0.0.1 POST www.shizhi.com/admin/evaluation_capability/index	[runtime=0.112000s] [reqs=8.93req/s] [memory=3,700.85kb] [file=70]	[ info ] [ LANG ] D:\www\shizhi\api\thinkphp\lang\zh-cn.php
[ info ] [ ROUTE ] array (
  'type' => 'module',
  'module' => 
  array (
    0 => 'admin',
    1 => 'evaluation_capability',
    2 => 'index',
  ),
)
[ info ] [ HEADER ] array (
  'content-length' => '486',
  'content-type' => 'multipart/form-data; boundary=--------------------------679997006744643504980786',
  'connection' => 'keep-alive',
  'accept-encoding' => 'gzip, deflate, br',
  'host' => 'www.shizhi.com',
  'accept' => '*/*',
  'user-agent' => 'apifox/1.0.0 (https://www.apifox.cn)',
  'usertoken' => 'MDAwMDAwMDAwMIGEbXY',
  'token' => '3c72970bc0d2064ee7806fad2fb405b625dd5c61',
)
[ info ] [ PARAM ] array (
  'page' => '1',
  'limit' => '10',
  'evaluationclass_id' => '0',
  'key' => '',
)
[ info ] [ DB ] INIT mysql
[ info ] [ RUN ] app\admin\controller\EvaluationCapability->index[ D:\www\shizhi\api\app\admin\controller\EvaluationCapability.php ]
[ info ] [ LOG ] INIT File	[ sql ] [ DB ] CONNECT:[ UseTime:0.028000s ] mysql:host=112.125.122.16;port=3306;dbname=jujiashizhi;charset=utf8mb4
[ sql ] [ SQL ] SHOW COLUMNS FROM `cx_system_manager` [ RunTime:0.023000s ]
[ sql ] [ SQL ] SELECT * FROM `cx_system_manager` WHERE  `token` = '3c72970bc0d2064ee7806fad2fb405b625dd5c61'  AND `id` = 1 LIMIT 1 [ RunTime:0.015000s ]	[ error ] [0]method not exist:think\db\Query->evaluationSearch[D:\www\shizhi\api\thinkphp\library\think\db\Query.php:103]
[2022-07-26 14:55:41.434] 127.0.0.1 POST www.shizhi.com/admin/evaluation_capability/index	[runtime=0.152000s] [reqs=6.58req/s] [memory=3,707.42kb] [file=70]	[ info ] [ LANG ] D:\www\shizhi\api\thinkphp\lang\zh-cn.php
[ info ] [ ROUTE ] array (
  'type' => 'module',
  'module' => 
  array (
    0 => 'admin',
    1 => 'evaluation_capability',
    2 => 'index',
  ),
)
[ info ] [ HEADER ] array (
  'content-length' => '486',
  'content-type' => 'multipart/form-data; boundary=--------------------------323652773453143911851845',
  'connection' => 'keep-alive',
  'accept-encoding' => 'gzip, deflate, br',
  'host' => 'www.shizhi.com',
  'accept' => '*/*',
  'user-agent' => 'apifox/1.0.0 (https://www.apifox.cn)',
  'usertoken' => 'MDAwMDAwMDAwMIGEbXY',
  'token' => '3c72970bc0d2064ee7806fad2fb405b625dd5c61',
)
[ info ] [ PARAM ] array (
  'page' => '1',
  'limit' => '10',
  'evaluationclass_id' => '0',
  'key' => '',
)
[ info ] [ DB ] INIT mysql
[ info ] [ RUN ] app\admin\controller\EvaluationCapability->index[ D:\www\shizhi\api\app\admin\controller\EvaluationCapability.php ]
[ info ] [ LOG ] INIT File	[ sql ] [ DB ] CONNECT:[ UseTime:0.033000s ] mysql:host=112.125.122.16;port=3306;dbname=jujiashizhi;charset=utf8mb4
[ sql ] [ SQL ] SHOW COLUMNS FROM `cx_system_manager` [ RunTime:0.020000s ]
[ sql ] [ SQL ] SELECT * FROM `cx_system_manager` WHERE  `token` = '3c72970bc0d2064ee7806fad2fb405b625dd5c61'  AND `id` = 1 LIMIT 1 [ RunTime:0.020000s ]
[ sql ] [ SQL ] SHOW COLUMNS FROM `cx_capability` [ RunTime:0.018000s ]
[ sql ] [ SQL ] SELECT `id`,`classify_id`,`sn`,`type`,`name`,`picture`,`sort`,`status`,`create_time` FROM `cx_capability` WHERE  `is_del` = 1 ORDER BY `sort` DESC,`create_time` DESC LIMIT 0,10 [ RunTime:0.020000s ]	[ error ] [0]method not exist:think\db\Query->helpSearch[D:\www\shizhi\api\thinkphp\library\think\db\Query.php:103]
[2022-07-26 14:55:50.767] 127.0.0.1 POST www.shizhi.com/admin/evaluation_capability/index	[runtime=0.157000s] [reqs=6.37req/s] [memory=3,588.16kb] [file=65]	[ info ] [ LANG ] D:\www\shizhi\api\thinkphp\lang\zh-cn.php
[ info ] [ ROUTE ] array (
  'type' => 'module',
  'module' => 
  array (
    0 => 'admin',
    1 => 'evaluation_capability',
    2 => 'index',
  ),
)
[ info ] [ HEADER ] array (
  'content-length' => '486',
  'content-type' => 'multipart/form-data; boundary=--------------------------353661421309361088289358',
  'connection' => 'keep-alive',
  'accept-encoding' => 'gzip, deflate, br',
  'host' => 'www.shizhi.com',
  'accept' => '*/*',
  'user-agent' => 'apifox/1.0.0 (https://www.apifox.cn)',
  'usertoken' => 'MDAwMDAwMDAwMIGEbXY',
  'token' => '3c72970bc0d2064ee7806fad2fb405b625dd5c61',
)
[ info ] [ PARAM ] array (
  'page' => '1',
  'limit' => '10',
  'evaluationclass_id' => '0',
  'key' => '',
)
[ info ] [ DB ] INIT mysql
[ info ] [ RUN ] app\admin\controller\EvaluationCapability->index[ D:\www\shizhi\api\app\admin\controller\EvaluationCapability.php ]
[ info ] [ LOG ] INIT File	[ sql ] [ DB ] CONNECT:[ UseTime:0.030000s ] mysql:host=112.125.122.16;port=3306;dbname=jujiashizhi;charset=utf8mb4
[ sql ] [ SQL ] SHOW COLUMNS FROM `cx_system_manager` [ RunTime:0.018000s ]
[ sql ] [ SQL ] SELECT * FROM `cx_system_manager` WHERE  `token` = '3c72970bc0d2064ee7806fad2fb405b625dd5c61'  AND `id` = 1 LIMIT 1 [ RunTime:0.016000s ]
[ sql ] [ SQL ] SHOW COLUMNS FROM `cx_capability` [ RunTime:0.021000s ]
[ sql ] [ SQL ] SELECT `id`,`classify_id`,`sn`,`type`,`name`,`picture`,`sort`,`status`,`create_time` FROM `cx_capability` WHERE  `is_del` = 1 ORDER BY `sort` DESC,`create_time` DESC LIMIT 0,10 [ RunTime:0.019000s ]
[ sql ] [ SQL ] SELECT COUNT(id) AS tp_count FROM `cx_capability` WHERE  `is_del` = 1 LIMIT 1 [ RunTime:0.022000s ]
[2022-07-26 15:19:59.358] 127.0.0.1 POST www.shizhi.com/admin/evaluation_capability/index	[runtime=0.165000s] [reqs=6.06req/s] [memory=3,717.52kb] [file=73]	[ info ] [ LANG ] D:\www\shizhi\api\thinkphp\lang\zh-cn.php
[ info ] [ ROUTE ] array (
  'type' => 'module',
  'module' => 
  array (
    0 => 'admin',
    1 => 'evaluation_capability',
    2 => 'index',
  ),
)
[ info ] [ HEADER ] array (
  'content-length' => '486',
  'content-type' => 'multipart/form-data; boundary=--------------------------711285639725127424934884',
  'connection' => 'keep-alive',
  'accept-encoding' => 'gzip, deflate, br',
  'host' => 'www.shizhi.com',
  'accept' => '*/*',
  'user-agent' => 'apifox/1.0.0 (https://www.apifox.cn)',
  'usertoken' => 'MDAwMDAwMDAwMIGEbXY',
  'token' => '3c72970bc0d2064ee7806fad2fb405b625dd5c61',
)
[ info ] [ PARAM ] array (
  'page' => '1',
  'limit' => '10',
  'evaluationclass_id' => '0',
  'key' => '',
)
[ info ] [ DB ] INIT mysql
[ info ] [ RUN ] app\admin\controller\EvaluationCapability->index[ D:\www\shizhi\api\app\admin\controller\EvaluationCapability.php ]
[ info ] [ LOG ] INIT File	[ sql ] [ DB ] CONNECT:[ UseTime:0.023000s ] mysql:host=112.125.122.16;port=3306;dbname=jujiashizhi;charset=utf8mb4
[ sql ] [ SQL ] SHOW COLUMNS FROM `cx_system_manager` [ RunTime:0.018000s ]
[ sql ] [ SQL ] SELECT * FROM `cx_system_manager` WHERE  `token` = '3c72970bc0d2064ee7806fad2fb405b625dd5c61'  AND `id` = 1 LIMIT 1 [ RunTime:0.016000s ]
[ sql ] [ SQL ] SHOW COLUMNS FROM `cx_capability` [ RunTime:0.021000s ]
[ sql ] [ SQL ] SELECT `e`.`id`,`e`.`classify_id`,`e`.`sn`,`e`.`type`,`e`.`name`,`e`.`picture`,`e`.`sort`,`e`.`status`,`e`.`create_time`,`c`.`name` FROM `cx_capability` `e` INNER JOIN `cx_classify` `c` ON `e`.`classify_id`=`c`.`id` WHERE  `e`.`is_del` = 1 ORDER BY `e`.`sort` DESC,`e`.`create_time` DESC LIMIT 0,10 [ RunTime:0.015000s ]	[ error ] [10501]SQLSTATE[23000]: Integrity constraint violation: 1052 Column 'id' in field list is ambiguous[D:\www\shizhi\api\thinkphp\library\think\db\Connection.php:385]
[2022-07-26 15:20:59.380] 127.0.0.1 POST www.shizhi.com/admin/evaluation_capability/index	[runtime=0.440000s] [reqs=2.27req/s] [memory=3,717.58kb] [file=73]	[ info ] [ LANG ] D:\www\shizhi\api\thinkphp\lang\zh-cn.php
[ info ] [ ROUTE ] array (
  'type' => 'module',
  'module' => 
  array (
    0 => 'admin',
    1 => 'evaluation_capability',
    2 => 'index',
  ),
)
[ info ] [ HEADER ] array (
  'content-length' => '486',
  'content-type' => 'multipart/form-data; boundary=--------------------------124483635355913998638600',
  'connection' => 'keep-alive',
  'accept-encoding' => 'gzip, deflate, br',
  'host' => 'www.shizhi.com',
  'accept' => '*/*',
  'user-agent' => 'apifox/1.0.0 (https://www.apifox.cn)',
  'usertoken' => 'MDAwMDAwMDAwMIGEbXY',
  'token' => '3c72970bc0d2064ee7806fad2fb405b625dd5c61',
)
[ info ] [ PARAM ] array (
  'page' => '1',
  'limit' => '10',
  'evaluationclass_id' => '0',
  'key' => '',
)
[ info ] [ DB ] INIT mysql
[ info ] [ RUN ] app\admin\controller\EvaluationCapability->index[ D:\www\shizhi\api\app\admin\controller\EvaluationCapability.php ]
[ info ] [ LOG ] INIT File	[ sql ] [ DB ] CONNECT:[ UseTime:0.170000s ] mysql:host=112.125.122.16;port=3306;dbname=jujiashizhi;charset=utf8mb4
[ sql ] [ SQL ] SHOW COLUMNS FROM `cx_system_manager` [ RunTime:0.117000s ]
[ sql ] [ SQL ] SELECT * FROM `cx_system_manager` WHERE  `token` = '3c72970bc0d2064ee7806fad2fb405b625dd5c61'  AND `id` = 1 LIMIT 1 [ RunTime:0.046000s ]
[ sql ] [ SQL ] SHOW COLUMNS FROM `cx_capability` [ RunTime:0.038000s ]
[ sql ] [ SQL ] SELECT `e`.`id`,`e`.`classify_id`,`e`.`sn`,`e`.`type`,`e`.`name`,`e`.`picture`,`e`.`sort`,`e`.`status`,`e`.`create_time`,c.name as classname FROM `cx_capability` `e` INNER JOIN `cx_classify` `c` ON `e`.`classify_id`=`c`.`id` WHERE  `e`.`is_del` = 1 ORDER BY `e`.`sort` DESC,`e`.`create_time` DESC LIMIT 0,10 [ RunTime:0.018000s ]	[ error ] [10501]SQLSTATE[23000]: Integrity constraint violation: 1052 Column 'id' in field list is ambiguous[D:\www\shizhi\api\thinkphp\library\think\db\Connection.php:385]
[2022-07-26 15:21:58.774] 127.0.0.1 POST www.shizhi.com/admin/evaluation_capability/index	[runtime=0.143000s] [reqs=6.99req/s] [memory=3,717.58kb] [file=73]	[ info ] [ LANG ] D:\www\shizhi\api\thinkphp\lang\zh-cn.php
[ info ] [ ROUTE ] array (
  'type' => 'module',
  'module' => 
  array (
    0 => 'admin',
    1 => 'evaluation_capability',
    2 => 'index',
  ),
)
[ info ] [ HEADER ] array (
  'content-length' => '486',
  'content-type' => 'multipart/form-data; boundary=--------------------------781989313723751003155398',
  'connection' => 'keep-alive',
  'accept-encoding' => 'gzip, deflate, br',
  'host' => 'www.shizhi.com',
  'accept' => '*/*',
  'user-agent' => 'apifox/1.0.0 (https://www.apifox.cn)',
  'usertoken' => 'MDAwMDAwMDAwMIGEbXY',
  'token' => '3c72970bc0d2064ee7806fad2fb405b625dd5c61',
)
[ info ] [ PARAM ] array (
  'page' => '1',
  'limit' => '10',
  'evaluationclass_id' => '0',
  'key' => '',
)
[ info ] [ DB ] INIT mysql
[ info ] [ RUN ] app\admin\controller\EvaluationCapability->index[ D:\www\shizhi\api\app\admin\controller\EvaluationCapability.php ]
[ info ] [ LOG ] INIT File	[ sql ] [ DB ] CONNECT:[ UseTime:0.031000s ] mysql:host=112.125.122.16;port=3306;dbname=jujiashizhi;charset=utf8mb4
[ sql ] [ SQL ] SHOW COLUMNS FROM `cx_system_manager` [ RunTime:0.024000s ]
[ sql ] [ SQL ] SELECT * FROM `cx_system_manager` WHERE  `token` = '3c72970bc0d2064ee7806fad2fb405b625dd5c61'  AND `id` = 1 LIMIT 1 [ RunTime:0.016000s ]
[ sql ] [ SQL ] SHOW COLUMNS FROM `cx_capability` [ RunTime:0.016000s ]
[ sql ] [ SQL ] SELECT `e`.`id`,`e`.`classify_id`,`e`.`sn`,`e`.`type`,`e`.`name`,`e`.`picture`,`e`.`sort`,`e`.`status`,`e`.`create_time`,c.name as classname FROM `cx_capability` `e` INNER JOIN `cx_classify` `c` ON `e`.`classify_id`=`c`.`id` WHERE  `e`.`is_del` = 1 ORDER BY `e`.`sort` DESC,`e`.`create_time` DESC LIMIT 0,10 [ RunTime:0.016000s ]	[ error ] [10501]SQLSTATE[23000]: Integrity constraint violation: 1052 Column 'id' in field list is ambiguous[D:\www\shizhi\api\thinkphp\library\think\db\Connection.php:385]
[2022-07-26 15:22:28.468] 127.0.0.1 POST www.shizhi.com/admin/evaluation_capability/index	[runtime=0.141000s] [reqs=7.09req/s] [memory=3,710.73kb] [file=71]	[ info ] [ LANG ] D:\www\shizhi\api\thinkphp\lang\zh-cn.php
[ info ] [ ROUTE ] array (
  'type' => 'module',
  'module' => 
  array (
    0 => 'admin',
    1 => 'evaluation_capability',
    2 => 'index',
  ),
)
[ info ] [ HEADER ] array (
  'content-length' => '486',
  'content-type' => 'multipart/form-data; boundary=--------------------------066750408041531274775169',
  'connection' => 'keep-alive',
  'accept-encoding' => 'gzip, deflate, br',
  'host' => 'www.shizhi.com',
  'accept' => '*/*',
  'user-agent' => 'apifox/1.0.0 (https://www.apifox.cn)',
  'usertoken' => 'MDAwMDAwMDAwMIGEbXY',
  'token' => '3c72970bc0d2064ee7806fad2fb405b625dd5c61',
)
[ info ] [ PARAM ] array (
  'page' => '1',
  'limit' => '10',
  'evaluationclass_id' => '0',
  'key' => '',
)
[ info ] [ DB ] INIT mysql
[ info ] [ RUN ] app\admin\controller\EvaluationCapability->index[ D:\www\shizhi\api\app\admin\controller\EvaluationCapability.php ]
[ info ] [ LOG ] INIT File	[ sql ] [ DB ] CONNECT:[ UseTime:0.028000s ] mysql:host=112.125.122.16;port=3306;dbname=jujiashizhi;charset=utf8mb4
[ sql ] [ SQL ] SHOW COLUMNS FROM `cx_system_manager` [ RunTime:0.045000s ]
[ sql ] [ SQL ] SELECT * FROM `cx_system_manager` WHERE  `token` = '3c72970bc0d2064ee7806fad2fb405b625dd5c61'  AND `id` = 1 LIMIT 1 [ RunTime:0.023000s ]	[ error ] [4096]Object of class think\db\Query could not be converted to string[D:\www\shizhi\api\app\common\services\evaluationcapability\EvaluationCapabilityServices.php:93]
[2022-07-26 15:22:47.324] 127.0.0.1 POST www.shizhi.com/admin/evaluation_capability/index	[runtime=0.094000s] [reqs=10.64req/s] [memory=3,708.24kb] [file=71]	[ info ] [ LANG ] D:\www\shizhi\api\thinkphp\lang\zh-cn.php
[ info ] [ ROUTE ] array (
  'type' => 'module',
  'module' => 
  array (
    0 => 'admin',
    1 => 'evaluation_capability',
    2 => 'index',
  ),
)
[ info ] [ HEADER ] array (
  'content-length' => '486',
  'content-type' => 'multipart/form-data; boundary=--------------------------724354240437187652805684',
  'connection' => 'keep-alive',
  'accept-encoding' => 'gzip, deflate, br',
  'host' => 'www.shizhi.com',
  'accept' => '*/*',
  'user-agent' => 'apifox/1.0.0 (https://www.apifox.cn)',
  'usertoken' => 'MDAwMDAwMDAwMIGEbXY',
  'token' => '3c72970bc0d2064ee7806fad2fb405b625dd5c61',
)
[ info ] [ PARAM ] array (
  'page' => '1',
  'limit' => '10',
  'evaluationclass_id' => '0',
  'key' => '',
)
[ info ] [ DB ] INIT mysql
[ info ] [ RUN ] app\admin\controller\EvaluationCapability->index[ D:\www\shizhi\api\app\admin\controller\EvaluationCapability.php ]
[ info ] [ LOG ] INIT File	[ sql ] [ DB ] CONNECT:[ UseTime:0.026000s ] mysql:host=112.125.122.16;port=3306;dbname=jujiashizhi;charset=utf8mb4
[ sql ] [ SQL ] SHOW COLUMNS FROM `cx_system_manager` [ RunTime:0.016000s ]
[ sql ] [ SQL ] SELECT * FROM `cx_system_manager` WHERE  `token` = '3c72970bc0d2064ee7806fad2fb405b625dd5c61'  AND `id` = 1 LIMIT 1 [ RunTime:0.019000s ]	[ error ] [4096]Object of class think\db\Query could not be converted to string[D:\www\shizhi\api\app\common\services\evaluationcapability\EvaluationCapabilityServices.php:93]
[2022-07-26 15:23:12.661] 127.0.0.1 POST www.shizhi.com/admin/evaluation_capability/index	[runtime=0.105000s] [reqs=9.52req/s] [memory=3,708.24kb] [file=71]	[ info ] [ LANG ] D:\www\shizhi\api\thinkphp\lang\zh-cn.php
[ info ] [ ROUTE ] array (
  'type' => 'module',
  'module' => 
  array (
    0 => 'admin',
    1 => 'evaluation_capability',
    2 => 'index',
  ),
)
[ info ] [ HEADER ] array (
  'content-length' => '486',
  'content-type' => 'multipart/form-data; boundary=--------------------------627924507072507083718734',
  'connection' => 'keep-alive',
  'accept-encoding' => 'gzip, deflate, br',
  'host' => 'www.shizhi.com',
  'accept' => '*/*',
  'user-agent' => 'apifox/1.0.0 (https://www.apifox.cn)',
  'usertoken' => 'MDAwMDAwMDAwMIGEbXY',
  'token' => '3c72970bc0d2064ee7806fad2fb405b625dd5c61',
)
[ info ] [ PARAM ] array (
  'page' => '1',
  'limit' => '10',
  'evaluationclass_id' => '0',
  'key' => '',
)
[ info ] [ DB ] INIT mysql
[ info ] [ RUN ] app\admin\controller\EvaluationCapability->index[ D:\www\shizhi\api\app\admin\controller\EvaluationCapability.php ]
[ info ] [ LOG ] INIT File	[ sql ] [ DB ] CONNECT:[ UseTime:0.028000s ] mysql:host=112.125.122.16;port=3306;dbname=jujiashizhi;charset=utf8mb4
[ sql ] [ SQL ] SHOW COLUMNS FROM `cx_system_manager` [ RunTime:0.020000s ]
[ sql ] [ SQL ] SELECT * FROM `cx_system_manager` WHERE  `token` = '3c72970bc0d2064ee7806fad2fb405b625dd5c61'  AND `id` = 1 LIMIT 1 [ RunTime:0.028000s ]	[ error ] [4096]Object of class think\db\Query could not be converted to string[D:\www\shizhi\api\app\common\services\evaluationcapability\EvaluationCapabilityServices.php:84]
[2022-07-26 15:25:13.662] 127.0.0.1 POST www.shizhi.com/admin/evaluation_capability/index	[runtime=0.163000s] [reqs=6.13req/s] [memory=3,543.55kb] [file=64]	[ info ] [ LANG ] D:\www\shizhi\api\thinkphp\lang\zh-cn.php
[ info ] [ ROUTE ] array (
  'type' => 'module',
  'module' => 
  array (
    0 => 'admin',
    1 => 'evaluation_capability',
    2 => 'index',
  ),
)
[ info ] [ HEADER ] array (
  'content-length' => '486',
  'content-type' => 'multipart/form-data; boundary=--------------------------341603730594630777176315',
  'connection' => 'keep-alive',
  'accept-encoding' => 'gzip, deflate, br',
  'host' => 'www.shizhi.com',
  'accept' => '*/*',
  'user-agent' => 'apifox/1.0.0 (https://www.apifox.cn)',
  'usertoken' => 'MDAwMDAwMDAwMIGEbXY',
  'token' => '3c72970bc0d2064ee7806fad2fb405b625dd5c61',
)
[ info ] [ PARAM ] array (
  'page' => '1',
  'limit' => '10',
  'evaluationclass_id' => '0',
  'key' => '',
)
[ info ] [ DB ] INIT mysql
[ info ] [ RUN ] app\admin\controller\EvaluationCapability->index[ D:\www\shizhi\api\app\admin\controller\EvaluationCapability.php ]
[ info ] [ LOG ] INIT File	[ sql ] [ DB ] CONNECT:[ UseTime:0.029000s ] mysql:host=112.125.122.16;port=3306;dbname=jujiashizhi;charset=utf8mb4
[ sql ] [ SQL ] SHOW COLUMNS FROM `cx_system_manager` [ RunTime:0.037000s ]
[ sql ] [ SQL ] SELECT * FROM `cx_system_manager` WHERE  `token` = '3c72970bc0d2064ee7806fad2fb405b625dd5c61'  AND `id` = 1 LIMIT 1 [ RunTime:0.018000s ]
[ sql ] [ SQL ] SHOW COLUMNS FROM `cx_capability` [ RunTime:0.017000s ]
[ sql ] [ SQL ] SELECT `e`.`id`,`e`.`classify_id`,`e`.`sn`,`e`.`type`,`e`.`name`,`e`.`picture`,`e`.`sort`,`e`.`status`,`e`.`create_time`,c.name as classname FROM `cx_capability` `e` INNER JOIN `cx_classify` `c` ON `e`.`classify_id`=`c`.`id` ORDER BY `e`.`sort` DESC,`e`.`create_time` DESC LIMIT 0,10 [ RunTime:0.021000s ]
[2022-07-26 15:25:32.613] 127.0.0.1 POST www.shizhi.com/admin/evaluation_capability/index	[runtime=0.210000s] [reqs=4.76req/s] [memory=3,543.59kb] [file=64]	[ info ] [ LANG ] D:\www\shizhi\api\thinkphp\lang\zh-cn.php
[ info ] [ ROUTE ] array (
  'type' => 'module',
  'module' => 
  array (
    0 => 'admin',
    1 => 'evaluation_capability',
    2 => 'index',
  ),
)
[ info ] [ HEADER ] array (
  'content-length' => '486',
  'content-type' => 'multipart/form-data; boundary=--------------------------059194691222154338798918',
  'connection' => 'keep-alive',
  'accept-encoding' => 'gzip, deflate, br',
  'host' => 'www.shizhi.com',
  'accept' => '*/*',
  'user-agent' => 'apifox/1.0.0 (https://www.apifox.cn)',
  'usertoken' => 'MDAwMDAwMDAwMIGEbXY',
  'token' => '3c72970bc0d2064ee7806fad2fb405b625dd5c61',
)
[ info ] [ PARAM ] array (
  'page' => '1',
  'limit' => '10',
  'evaluationclass_id' => '0',
  'key' => '',
)
[ info ] [ DB ] INIT mysql
[ info ] [ RUN ] app\admin\controller\EvaluationCapability->index[ D:\www\shizhi\api\app\admin\controller\EvaluationCapability.php ]
[ info ] [ LOG ] INIT File	[ sql ] [ DB ] CONNECT:[ UseTime:0.094000s ] mysql:host=112.125.122.16;port=3306;dbname=jujiashizhi;charset=utf8mb4
[ sql ] [ SQL ] SHOW COLUMNS FROM `cx_system_manager` [ RunTime:0.042000s ]
[ sql ] [ SQL ] SELECT * FROM `cx_system_manager` WHERE  `token` = '3c72970bc0d2064ee7806fad2fb405b625dd5c61'  AND `id` = 1 LIMIT 1 [ RunTime:0.014000s ]
[ sql ] [ SQL ] SHOW COLUMNS FROM `cx_capability` [ RunTime:0.015000s ]
[ sql ] [ SQL ] SELECT `e`.`id`,`e`.`classify_id`,`e`.`sn`,`e`.`type`,`e`.`name`,`e`.`picture`,`e`.`sort`,`e`.`status`,`e`.`create_time`,c.name as classname FROM `cx_capability` `e` INNER JOIN `cx_classify` `c` ON `e`.`classify_id`=`c`.`id` ORDER BY `e`.`sort` DESC,`e`.`create_time` DESC LIMIT 0,10 [ RunTime:0.016000s ]
[2022-07-26 15:25:52.491] 127.0.0.1 POST www.shizhi.com/admin/evaluation_capability/index	[runtime=0.158000s] [reqs=6.33req/s] [memory=3,684.34kb] [file=67]	[ info ] [ LANG ] D:\www\shizhi\api\thinkphp\lang\zh-cn.php
[ info ] [ ROUTE ] array (
  'type' => 'module',
  'module' => 
  array (
    0 => 'admin',
    1 => 'evaluation_capability',
    2 => 'index',
  ),
)
[ info ] [ HEADER ] array (
  'content-length' => '486',
  'content-type' => 'multipart/form-data; boundary=--------------------------322451542000417597872913',
  'connection' => 'keep-alive',
  'accept-encoding' => 'gzip, deflate, br',
  'host' => 'www.shizhi.com',
  'accept' => '*/*',
  'user-agent' => 'apifox/1.0.0 (https://www.apifox.cn)',
  'usertoken' => 'MDAwMDAwMDAwMIGEbXY',
  'token' => '3c72970bc0d2064ee7806fad2fb405b625dd5c61',
)
[ info ] [ PARAM ] array (
  'page' => '1',
  'limit' => '10',
  'evaluationclass_id' => '0',
  'key' => '',
)
[ info ] [ DB ] INIT mysql
[ info ] [ RUN ] app\admin\controller\EvaluationCapability->index[ D:\www\shizhi\api\app\admin\controller\EvaluationCapability.php ]
[ info ] [ LOG ] INIT File	[ sql ] [ DB ] CONNECT:[ UseTime:0.040000s ] mysql:host=112.125.122.16;port=3306;dbname=jujiashizhi;charset=utf8mb4
[ sql ] [ SQL ] SHOW COLUMNS FROM `cx_system_manager` [ RunTime:0.019000s ]
[ sql ] [ SQL ] SELECT * FROM `cx_system_manager` WHERE  `token` = '3c72970bc0d2064ee7806fad2fb405b625dd5c61'  AND `id` = 1 LIMIT 1 [ RunTime:0.019000s ]
[ sql ] [ SQL ] SHOW COLUMNS FROM `cx_capability` [ RunTime:0.018000s ]
[ sql ] [ SQL ] SELECT `e`.`id`,`e`.`classify_id`,`e`.`sn`,`e`.`type`,`e`.`name`,`e`.`picture`,`e`.`sort`,`e`.`status`,`e`.`create_time`,c.name as classname FROM `cx_capability` `e` INNER JOIN `cx_classify` `c` ON `e`.`classify_id`=`c`.`id` WHERE  `e`.`is_del` = 1 ORDER BY `e`.`sort` DESC,`e`.`create_time` DESC LIMIT 0,10 [ RunTime:0.018000s ]
[ sql ] [ SQL ] SELECT COUNT(e.id) AS tp_count FROM `cx_capability` `e` INNER JOIN `cx_classify` `c` ON `e`.`classify_id`=`c`.`id` WHERE  `e`.`is_del` = 1 LIMIT 1 [ RunTime:0.017000s ]
[2022-07-26 15:26:54.991] 127.0.0.1 POST www.shizhi.com/admin/evaluation_capability/show	[runtime=0.164000s] [reqs=6.10req/s] [memory=3,711.88kb] [file=72]	[ info ] [ LANG ] D:\www\shizhi\api\thinkphp\lang\zh-cn.php
[ info ] [ ROUTE ] array (
  'type' => 'module',
  'module' => 
  array (
    0 => 'admin',
    1 => 'evaluation_capability',
    2 => 'show',
  ),
)
[ info ] [ HEADER ] array (
  'content-length' => '180',
  'content-type' => 'multipart/form-data; boundary=--------------------------965634831467460971800901',
  'connection' => 'keep-alive',
  'accept-encoding' => 'gzip, deflate, br',
  'host' => 'www.shizhi.com',
  'accept' => '*/*',
  'user-agent' => 'apifox/1.0.0 (https://www.apifox.cn)',
  'usertoken' => 'MDAwMDAwMDAwMIGEbXY',
  'token' => '3c72970bc0d2064ee7806fad2fb405b625dd5c61',
)
[ info ] [ PARAM ] array (
  'evaluation_capability_id' => '1',
)
[ info ] [ DB ] INIT mysql
[ info ] [ RUN ] app\admin\controller\EvaluationCapability->show[ D:\www\shizhi\api\app\admin\controller\EvaluationCapability.php ]
[ info ] [ LOG ] INIT File	[ sql ] [ DB ] CONNECT:[ UseTime:0.029000s ] mysql:host=112.125.122.16;port=3306;dbname=jujiashizhi;charset=utf8mb4
[ sql ] [ SQL ] SHOW COLUMNS FROM `cx_system_manager` [ RunTime:0.017000s ]
[ sql ] [ SQL ] SELECT * FROM `cx_system_manager` WHERE  `token` = '3c72970bc0d2064ee7806fad2fb405b625dd5c61'  AND `id` = 1 LIMIT 1 [ RunTime:0.019000s ]
[ sql ] [ SQL ] SHOW COLUMNS FROM `cx_capability` [ RunTime:0.024000s ]	[ error ] [10501]SQLSTATE[42S22]: Column not found: 1054 Unknown column 'content' in 'field list'[D:\www\shizhi\api\thinkphp\library\think\db\Connection.php:385]
[2022-07-26 15:31:20.168] 127.0.0.1 POST www.shizhi.com/admin/evaluation_capability/show	[runtime=0.139000s] [reqs=7.19req/s] [memory=3,531.49kb] [file=64]	[ info ] [ LANG ] D:\www\shizhi\api\thinkphp\lang\zh-cn.php
[ info ] [ ROUTE ] array (
  'type' => 'module',
  'module' => 
  array (
    0 => 'admin',
    1 => 'evaluation_capability',
    2 => 'show',
  ),
)
[ info ] [ HEADER ] array (
  'content-length' => '180',
  'content-type' => 'multipart/form-data; boundary=--------------------------355341347864278745512904',
  'connection' => 'keep-alive',
  'accept-encoding' => 'gzip, deflate, br',
  'host' => 'www.shizhi.com',
  'accept' => '*/*',
  'user-agent' => 'apifox/1.0.0 (https://www.apifox.cn)',
  'usertoken' => 'MDAwMDAwMDAwMIGEbXY',
  'token' => '3c72970bc0d2064ee7806fad2fb405b625dd5c61',
)
[ info ] [ PARAM ] array (
  'evaluation_capability_id' => '1',
)
[ info ] [ DB ] INIT mysql
[ info ] [ RUN ] app\admin\controller\EvaluationCapability->show[ D:\www\shizhi\api\app\admin\controller\EvaluationCapability.php ]
[ info ] [ LOG ] INIT File	[ sql ] [ DB ] CONNECT:[ UseTime:0.028000s ] mysql:host=112.125.122.16;port=3306;dbname=jujiashizhi;charset=utf8mb4
[ sql ] [ SQL ] SHOW COLUMNS FROM `cx_system_manager` [ RunTime:0.020000s ]
[ sql ] [ SQL ] SELECT * FROM `cx_system_manager` WHERE  `token` = '3c72970bc0d2064ee7806fad2fb405b625dd5c61'  AND `id` = 1 LIMIT 1 [ RunTime:0.016000s ]
[ sql ] [ SQL ] SHOW COLUMNS FROM `cx_capability` [ RunTime:0.021000s ]
[ sql ] [ SQL ] SELECT `id`,`classify_id`,`sn`,`type`,`name`,`picture`,`sort`,`status`,`create_time` FROM `cx_capability` WHERE  `id` = 1  AND `is_del` = 1 LIMIT 1 [ RunTime:0.018000s ]
[2022-07-26 15:32:35.339] 127.0.0.1 POST www.shizhi.com/admin/evaluation_capability/show	[runtime=0.354000s] [reqs=2.82req/s] [memory=3,531.49kb] [file=64]	[ info ] [ LANG ] D:\www\shizhi\api\thinkphp\lang\zh-cn.php
[ info ] [ ROUTE ] array (
  'type' => 'module',
  'module' => 
  array (
    0 => 'admin',
    1 => 'evaluation_capability',
    2 => 'show',
  ),
)
[ info ] [ HEADER ] array (
  'content-length' => '180',
  'content-type' => 'multipart/form-data; boundary=--------------------------164477835805827020403702',
  'connection' => 'keep-alive',
  'accept-encoding' => 'gzip, deflate, br',
  'host' => 'www.shizhi.com',
  'accept' => '*/*',
  'user-agent' => 'apifox/1.0.0 (https://www.apifox.cn)',
  'usertoken' => 'MDAwMDAwMDAwMIGEbXY',
  'token' => '3c72970bc0d2064ee7806fad2fb405b625dd5c61',
)
[ info ] [ PARAM ] array (
  'evaluation_capability_id' => '1',
)
[ info ] [ DB ] INIT mysql
[ info ] [ RUN ] app\admin\controller\EvaluationCapability->show[ D:\www\shizhi\api\app\admin\controller\EvaluationCapability.php ]
[ info ] [ LOG ] INIT File	[ sql ] [ DB ] CONNECT:[ UseTime:0.248000s ] mysql:host=112.125.122.16;port=3306;dbname=jujiashizhi;charset=utf8mb4
[ sql ] [ SQL ] SHOW COLUMNS FROM `cx_system_manager` [ RunTime:0.016000s ]
[ sql ] [ SQL ] SELECT * FROM `cx_system_manager` WHERE  `token` = '3c72970bc0d2064ee7806fad2fb405b625dd5c61'  AND `id` = 1 LIMIT 1 [ RunTime:0.023000s ]
[ sql ] [ SQL ] SHOW COLUMNS FROM `cx_capability` [ RunTime:0.020000s ]
[ sql ] [ SQL ] SELECT `id`,`classify_id`,`sn`,`type`,`name`,`picture`,`sort`,`status`,`create_time` FROM `cx_capability` WHERE  `id` = 1  AND `is_del` = 1 LIMIT 1 [ RunTime:0.016000s ]
[2022-07-26 15:36:54.568] 127.0.0.1 POST www.shizhi.com/admin/evaluation_capability/show	[runtime=0.175000s] [reqs=5.71req/s] [memory=3,560.22kb] [file=65]	[ info ] [ LANG ] D:\www\shizhi\api\thinkphp\lang\zh-cn.php
[ info ] [ ROUTE ] array (
  'type' => 'module',
  'module' => 
  array (
    0 => 'admin',
    1 => 'evaluation_capability',
    2 => 'show',
  ),
)
[ info ] [ HEADER ] array (
  'content-length' => '180',
  'content-type' => 'multipart/form-data; boundary=--------------------------255676009277461369124294',
  'connection' => 'keep-alive',
  'accept-encoding' => 'gzip, deflate, br',
  'host' => 'www.shizhi.com',
  'accept' => '*/*',
  'user-agent' => 'apifox/1.0.0 (https://www.apifox.cn)',
  'usertoken' => 'MDAwMDAwMDAwMIGEbXY',
  'token' => '3c72970bc0d2064ee7806fad2fb405b625dd5c61',
)
[ info ] [ PARAM ] array (
  'evaluation_capability_id' => '1',
)
[ info ] [ DB ] INIT mysql
[ info ] [ RUN ] app\admin\controller\EvaluationCapability->show[ D:\www\shizhi\api\app\admin\controller\EvaluationCapability.php ]
[ info ] [ LOG ] INIT File	[ sql ] [ DB ] CONNECT:[ UseTime:0.021000s ] mysql:host=112.125.122.16;port=3306;dbname=jujiashizhi;charset=utf8mb4
[ sql ] [ SQL ] SHOW COLUMNS FROM `cx_system_manager` [ RunTime:0.020000s ]
[ sql ] [ SQL ] SELECT * FROM `cx_system_manager` WHERE  `token` = '3c72970bc0d2064ee7806fad2fb405b625dd5c61'  AND `id` = 1 LIMIT 1 [ RunTime:0.021000s ]
[ sql ] [ SQL ] SHOW COLUMNS FROM `cx_capability` [ RunTime:0.021000s ]
[ sql ] [ SQL ] SELECT `id`,`classify_id`,`sn`,`type`,`name`,`picture`,`sort`,`status`,`create_time` FROM `cx_capability` WHERE  `id` = 1  AND `is_del` = 1 LIMIT 1 [ RunTime:0.021000s ]
[ sql ] [ SQL ] SHOW COLUMNS FROM `cx_capability_options` [ RunTime:0.016000s ]
[ sql ] [ SQL ] SELECT * FROM `cx_capability_options` WHERE  `capability_id` IS NULL  AND `is_del` = 1 [ RunTime:0.016000s ]
[2022-07-26 15:37:38.690] 127.0.0.1 POST www.shizhi.com/admin/evaluation_capability/show	[runtime=0.327000s] [reqs=3.06req/s] [memory=3,563.63kb] [file=65]	[ info ] [ LANG ] D:\www\shizhi\api\thinkphp\lang\zh-cn.php
[ info ] [ ROUTE ] array (
  'type' => 'module',
  'module' => 
  array (
    0 => 'admin',
    1 => 'evaluation_capability',
    2 => 'show',
  ),
)
[ info ] [ HEADER ] array (
  'content-length' => '180',
  'content-type' => 'multipart/form-data; boundary=--------------------------142534980313590371795794',
  'connection' => 'keep-alive',
  'accept-encoding' => 'gzip, deflate, br',
  'host' => 'www.shizhi.com',
  'accept' => '*/*',
  'user-agent' => 'apifox/1.0.0 (https://www.apifox.cn)',
  'usertoken' => 'MDAwMDAwMDAwMIGEbXY',
  'token' => '3c72970bc0d2064ee7806fad2fb405b625dd5c61',
)
[ info ] [ PARAM ] array (
  'evaluation_capability_id' => '1',
)
[ info ] [ DB ] INIT mysql
[ info ] [ RUN ] app\admin\controller\EvaluationCapability->show[ D:\www\shizhi\api\app\admin\controller\EvaluationCapability.php ]
[ info ] [ LOG ] INIT File	[ sql ] [ DB ] CONNECT:[ UseTime:0.027000s ] mysql:host=112.125.122.16;port=3306;dbname=jujiashizhi;charset=utf8mb4
[ sql ] [ SQL ] SHOW COLUMNS FROM `cx_system_manager` [ RunTime:0.017000s ]
[ sql ] [ SQL ] SELECT * FROM `cx_system_manager` WHERE  `token` = '3c72970bc0d2064ee7806fad2fb405b625dd5c61'  AND `id` = 1 LIMIT 1 [ RunTime:0.033000s ]
[ sql ] [ SQL ] SHOW COLUMNS FROM `cx_capability` [ RunTime:0.149000s ]
[ sql ] [ SQL ] SELECT `id`,`classify_id`,`sn`,`type`,`name`,`picture`,`sort`,`status`,`create_time` FROM `cx_capability` WHERE  `id` = 1  AND `is_del` = 1 LIMIT 1 [ RunTime:0.016000s ]
[ sql ] [ SQL ] SHOW COLUMNS FROM `cx_capability_options` [ RunTime:0.033000s ]
[ sql ] [ SQL ] SELECT * FROM `cx_capability_options` WHERE  `capability_id` = 1  AND `is_del` = 1 [ RunTime:0.021000s ]
[2022-07-26 15:38:48.112] 127.0.0.1 POST www.shizhi.com/admin/evaluation_capability/show	[runtime=0.209000s] [reqs=4.78req/s] [memory=3,574.61kb] [file=65]	[ info ] [ LANG ] D:\www\shizhi\api\thinkphp\lang\zh-cn.php
[ info ] [ ROUTE ] array (
  'type' => 'module',
  'module' => 
  array (
    0 => 'admin',
    1 => 'evaluation_capability',
    2 => 'show',
  ),
)
[ info ] [ HEADER ] array (
  'content-length' => '180',
  'content-type' => 'multipart/form-data; boundary=--------------------------295010249863858308900847',
  'connection' => 'keep-alive',
  'accept-encoding' => 'gzip, deflate, br',
  'host' => 'www.shizhi.com',
  'accept' => '*/*',
  'user-agent' => 'apifox/1.0.0 (https://www.apifox.cn)',
  'usertoken' => 'MDAwMDAwMDAwMIGEbXY',
  'token' => '3c72970bc0d2064ee7806fad2fb405b625dd5c61',
)
[ info ] [ PARAM ] array (
  'evaluation_capability_id' => '1',
)
[ info ] [ DB ] INIT mysql
[ info ] [ RUN ] app\admin\controller\EvaluationCapability->show[ D:\www\shizhi\api\app\admin\controller\EvaluationCapability.php ]
[ info ] [ LOG ] INIT File	[ sql ] [ DB ] CONNECT:[ UseTime:0.030000s ] mysql:host=112.125.122.16;port=3306;dbname=jujiashizhi;charset=utf8mb4
[ sql ] [ SQL ] SHOW COLUMNS FROM `cx_system_manager` [ RunTime:0.033000s ]
[ sql ] [ SQL ] SELECT * FROM `cx_system_manager` WHERE  `token` = '3c72970bc0d2064ee7806fad2fb405b625dd5c61'  AND `id` = 1 LIMIT 1 [ RunTime:0.032000s ]
[ sql ] [ SQL ] SHOW COLUMNS FROM `cx_capability` [ RunTime:0.016000s ]
[ sql ] [ SQL ] SELECT `id`,`classify_id`,`sn`,`type`,`name`,`picture`,`sort`,`status`,`create_time` FROM `cx_capability` WHERE  `id` = 1  AND `is_del` = 1 LIMIT 1 [ RunTime:0.026000s ]
[ sql ] [ SQL ] SHOW COLUMNS FROM `cx_capability_options` [ RunTime:0.026000s ]
[ sql ] [ SQL ] SELECT * FROM `cx_capability_options` WHERE  `capability_id` = 1  AND `is_del` = 1 [ RunTime:0.016000s ]
[2022-07-26 15:40:22.957] 127.0.0.1 POST www.shizhi.com/admin/evaluation_capability/show	[runtime=0.177000s] [reqs=5.65req/s] [memory=3,575.23kb] [file=65]	[ info ] [ LANG ] D:\www\shizhi\api\thinkphp\lang\zh-cn.php
[ info ] [ ROUTE ] array (
  'type' => 'module',
  'module' => 
  array (
    0 => 'admin',
    1 => 'evaluation_capability',
    2 => 'show',
  ),
)
[ info ] [ HEADER ] array (
  'content-length' => '180',
  'content-type' => 'multipart/form-data; boundary=--------------------------182394600631887713940176',
  'connection' => 'keep-alive',
  'accept-encoding' => 'gzip, deflate, br',
  'host' => 'www.shizhi.com',
  'accept' => '*/*',
  'user-agent' => 'apifox/1.0.0 (https://www.apifox.cn)',
  'usertoken' => 'MDAwMDAwMDAwMIGEbXY',
  'token' => '3c72970bc0d2064ee7806fad2fb405b625dd5c61',
)
[ info ] [ PARAM ] array (
  'evaluation_capability_id' => '1',
)
[ info ] [ DB ] INIT mysql
[ info ] [ RUN ] app\admin\controller\EvaluationCapability->show[ D:\www\shizhi\api\app\admin\controller\EvaluationCapability.php ]
[ info ] [ LOG ] INIT File	[ sql ] [ DB ] CONNECT:[ UseTime:0.025000s ] mysql:host=112.125.122.16;port=3306;dbname=jujiashizhi;charset=utf8mb4
[ sql ] [ SQL ] SHOW COLUMNS FROM `cx_system_manager` [ RunTime:0.021000s ]
[ sql ] [ SQL ] SELECT * FROM `cx_system_manager` WHERE  `token` = '3c72970bc0d2064ee7806fad2fb405b625dd5c61'  AND `id` = 1 LIMIT 1 [ RunTime:0.018000s ]
[ sql ] [ SQL ] SHOW COLUMNS FROM `cx_capability` [ RunTime:0.022000s ]
[ sql ] [ SQL ] SELECT `id`,`classify_id`,`sn`,`type`,`name`,`picture`,`sort`,`status`,`create_time` FROM `cx_capability` WHERE  `id` = 1  AND `is_del` = 1 LIMIT 1 [ RunTime:0.022000s ]
[ sql ] [ SQL ] SHOW COLUMNS FROM `cx_capability_options` [ RunTime:0.018000s ]
[ sql ] [ SQL ] SELECT * FROM `cx_capability_options` WHERE  `capability_id` = 1  AND `is_del` = 1 [ RunTime:0.016000s ]
[2022-07-26 15:41:10.473] 127.0.0.1 POST www.shizhi.com/admin/evaluation_capability/show	[runtime=0.515000s] [reqs=1.94req/s] [memory=3,564.25kb] [file=65]	[ info ] [ LANG ] D:\www\shizhi\api\thinkphp\lang\zh-cn.php
[ info ] [ ROUTE ] array (
  'type' => 'module',
  'module' => 
  array (
    0 => 'admin',
    1 => 'evaluation_capability',
    2 => 'show',
  ),
)
[ info ] [ HEADER ] array (
  'content-length' => '180',
  'content-type' => 'multipart/form-data; boundary=--------------------------229648748646380870911354',
  'connection' => 'keep-alive',
  'accept-encoding' => 'gzip, deflate, br',
  'host' => 'www.shizhi.com',
  'accept' => '*/*',
  'user-agent' => 'apifox/1.0.0 (https://www.apifox.cn)',
  'usertoken' => 'MDAwMDAwMDAwMIGEbXY',
  'token' => '3c72970bc0d2064ee7806fad2fb405b625dd5c61',
)
[ info ] [ PARAM ] array (
  'evaluation_capability_id' => '1',
)
[ info ] [ DB ] INIT mysql
[ info ] [ RUN ] app\admin\controller\EvaluationCapability->show[ D:\www\shizhi\api\app\admin\controller\EvaluationCapability.php ]
[ info ] [ LOG ] INIT File	[ sql ] [ DB ] CONNECT:[ UseTime:0.074000s ] mysql:host=112.125.122.16;port=3306;dbname=jujiashizhi;charset=utf8mb4
[ sql ] [ SQL ] SHOW COLUMNS FROM `cx_system_manager` [ RunTime:0.050000s ]
[ sql ] [ SQL ] SELECT * FROM `cx_system_manager` WHERE  `token` = '3c72970bc0d2064ee7806fad2fb405b625dd5c61'  AND `id` = 1 LIMIT 1 [ RunTime:0.045000s ]
[ sql ] [ SQL ] SHOW COLUMNS FROM `cx_capability` [ RunTime:0.049000s ]
[ sql ] [ SQL ] SELECT `id`,`classify_id`,`sn`,`type`,`name`,`picture`,`sort`,`status`,`create_time` FROM `cx_capability` WHERE  `id` = 1  AND `is_del` = 1 LIMIT 1 [ RunTime:0.053000s ]
[ sql ] [ SQL ] SHOW COLUMNS FROM `cx_capability_options` [ RunTime:0.057000s ]
[ sql ] [ SQL ] SELECT * FROM `cx_capability_options` WHERE  `capability_id` = 1  AND `is_del` = 1 [ RunTime:0.157000s ]
[2022-07-26 15:41:48.521] 127.0.0.1 POST www.shizhi.com/admin/evaluation_capability/show	[runtime=0.348000s] [reqs=2.87req/s] [memory=3,614.30kb] [file=65]	[ info ] [ LANG ] D:\www\shizhi\api\thinkphp\lang\zh-cn.php
[ info ] [ ROUTE ] array (
  'type' => 'module',
  'module' => 
  array (
    0 => 'admin',
    1 => 'evaluation_capability',
    2 => 'show',
  ),
)
[ info ] [ HEADER ] array (
  'content-length' => '180',
  'content-type' => 'multipart/form-data; boundary=--------------------------278911321942591442367986',
  'connection' => 'keep-alive',
  'accept-encoding' => 'gzip, deflate, br',
  'host' => 'www.shizhi.com',
  'accept' => '*/*',
  'user-agent' => 'apifox/1.0.0 (https://www.apifox.cn)',
  'usertoken' => 'MDAwMDAwMDAwMIGEbXY',
  'token' => '3c72970bc0d2064ee7806fad2fb405b625dd5c61',
)
[ info ] [ PARAM ] array (
  'evaluation_capability_id' => '1',
)
[ info ] [ DB ] INIT mysql
[ info ] [ RUN ] app\admin\controller\EvaluationCapability->show[ D:\www\shizhi\api\app\admin\controller\EvaluationCapability.php ]
[ info ] [ LOG ] INIT File	[ sql ] [ DB ] CONNECT:[ UseTime:0.063000s ] mysql:host=112.125.122.16;port=3306;dbname=jujiashizhi;charset=utf8mb4
[ sql ] [ SQL ] SHOW COLUMNS FROM `cx_system_manager` [ RunTime:0.036000s ]
[ sql ] [ SQL ] SELECT * FROM `cx_system_manager` WHERE  `token` = '3c72970bc0d2064ee7806fad2fb405b625dd5c61'  AND `id` = 1 LIMIT 1 [ RunTime:0.037000s ]
[ sql ] [ SQL ] SHOW COLUMNS FROM `cx_capability` [ RunTime:0.041000s ]
[ sql ] [ SQL ] SELECT `id`,`classify_id`,`sn`,`type`,`name`,`picture`,`sort`,`status`,`create_time` FROM `cx_capability` WHERE  `id` = 1  AND `is_del` = 1 LIMIT 1 [ RunTime:0.044000s ]
[ sql ] [ SQL ] SHOW COLUMNS FROM `cx_capability_options` [ RunTime:0.048000s ]
[ sql ] [ SQL ] SELECT * FROM `cx_capability_options` WHERE  `capability_id` = 1  AND `is_del` = 1 [ RunTime:0.045000s ]
[2022-07-26 15:42:26.873] 127.0.0.1 POST www.shizhi.com/admin/evaluation_capability/show	[runtime=0.602000s] [reqs=1.66req/s] [memory=3,587.92kb] [file=65]	[ info ] [ LANG ] D:\www\shizhi\api\thinkphp\lang\zh-cn.php
[ info ] [ ROUTE ] array (
  'type' => 'module',
  'module' => 
  array (
    0 => 'admin',
    1 => 'evaluation_capability',
    2 => 'show',
  ),
)
[ info ] [ HEADER ] array (
  'content-length' => '180',
  'content-type' => 'multipart/form-data; boundary=--------------------------606952336489492764514453',
  'connection' => 'keep-alive',
  'accept-encoding' => 'gzip, deflate, br',
  'host' => 'www.shizhi.com',
  'accept' => '*/*',
  'user-agent' => 'apifox/1.0.0 (https://www.apifox.cn)',
  'usertoken' => 'MDAwMDAwMDAwMIGEbXY',
  'token' => '3c72970bc0d2064ee7806fad2fb405b625dd5c61',
)
[ info ] [ PARAM ] array (
  'evaluation_capability_id' => '1',
)
[ info ] [ DB ] INIT mysql
[ info ] [ RUN ] app\admin\controller\EvaluationCapability->show[ D:\www\shizhi\api\app\admin\controller\EvaluationCapability.php ]
[ info ] [ LOG ] INIT File	[ sql ] [ DB ] CONNECT:[ UseTime:0.210000s ] mysql:host=112.125.122.16;port=3306;dbname=jujiashizhi;charset=utf8mb4
[ sql ] [ SQL ] SHOW COLUMNS FROM `cx_system_manager` [ RunTime:0.050000s ]
[ sql ] [ SQL ] SELECT * FROM `cx_system_manager` WHERE  `token` = '3c72970bc0d2064ee7806fad2fb405b625dd5c61'  AND `id` = 1 LIMIT 1 [ RunTime:0.054000s ]
[ sql ] [ SQL ] SHOW COLUMNS FROM `cx_capability` [ RunTime:0.101000s ]
[ sql ] [ SQL ] SELECT `id`,`classify_id`,`sn`,`type`,`name`,`picture`,`sort`,`status`,`create_time` FROM `cx_capability` WHERE  `id` = 1  AND `is_del` = 1 LIMIT 1 [ RunTime:0.053000s ]
[ sql ] [ SQL ] SHOW COLUMNS FROM `cx_capability_options` [ RunTime:0.048000s ]
[ sql ] [ SQL ] SELECT * FROM `cx_capability_options` WHERE  `capability_id` = 1  AND `is_del` = 1 [ RunTime:0.050000s ]
[2022-07-26 16:04:36.580] 127.0.0.1 POST www.shizhi.com/admin/evaluation_capability/del	[runtime=0.302000s] [reqs=3.31req/s] [memory=3,637.07kb] [file=67]	[ info ] [ LANG ] D:\www\shizhi\api\thinkphp\lang\zh-cn.php
[ info ] [ ROUTE ] array (
  'type' => 'module',
  'module' => 
  array (
    0 => 'admin',
    1 => 'evaluation_capability',
    2 => 'del',
  ),
)
[ info ] [ HEADER ] array (
  'content-length' => '180',
  'content-type' => 'multipart/form-data; boundary=--------------------------393523786783646700356099',
  'connection' => 'keep-alive',
  'accept-encoding' => 'gzip, deflate, br',
  'host' => 'www.shizhi.com',
  'accept' => '*/*',
  'user-agent' => 'apifox/1.0.0 (https://www.apifox.cn)',
  'usertoken' => 'MDAwMDAwMDAwMIGEbXY',
  'token' => '3c72970bc0d2064ee7806fad2fb405b625dd5c61',
)
[ info ] [ PARAM ] array (
  'evaluation_capability_id' => '1',
)
[ info ] [ DB ] INIT mysql
[ info ] [ RUN ] app\admin\controller\EvaluationCapability->del[ D:\www\shizhi\api\app\admin\controller\EvaluationCapability.php ]
[ info ] [ CACHE ] INIT File
[ info ] [ LOG ] INIT File	[ sql ] [ DB ] CONNECT:[ UseTime:0.064000s ] mysql:host=112.125.122.16;port=3306;dbname=jujiashizhi;charset=utf8mb4
[ sql ] [ SQL ] SHOW COLUMNS FROM `cx_system_manager` [ RunTime:0.042000s ]
[ sql ] [ SQL ] SELECT * FROM `cx_system_manager` WHERE  `token` = '3c72970bc0d2064ee7806fad2fb405b625dd5c61'  AND `id` = 1 LIMIT 1 [ RunTime:0.041000s ]
[ sql ] [ SQL ] SHOW COLUMNS FROM `cx_capability` [ RunTime:0.041000s ]
[ sql ] [ SQL ] SELECT `id`,`is_del` FROM `cx_capability` WHERE  `id` = 1 LIMIT 1 [ RunTime:0.040000s ]
[ sql ] [ SQL ] UPDATE `cx_capability`  SET `is_del`=2  WHERE  `id` = 1 [ RunTime:0.039000s ]
[2022-07-26 16:05:10.530] 127.0.0.1 POST www.shizhi.com/admin/evaluation_capability/show	[runtime=0.129000s] [reqs=7.75req/s] [memory=3,532.45kb] [file=64]	[ info ] [ LANG ] D:\www\shizhi\api\thinkphp\lang\zh-cn.php
[ info ] [ ROUTE ] array (
  'type' => 'module',
  'module' => 
  array (
    0 => 'admin',
    1 => 'evaluation_capability',
    2 => 'show',
  ),
)
[ info ] [ HEADER ] array (
  'content-length' => '180',
  'content-type' => 'multipart/form-data; boundary=--------------------------150656544878700454738168',
  'connection' => 'keep-alive',
  'accept-encoding' => 'gzip, deflate, br',
  'host' => 'www.shizhi.com',
  'accept' => '*/*',
  'user-agent' => 'apifox/1.0.0 (https://www.apifox.cn)',
  'usertoken' => 'MDAwMDAwMDAwMIGEbXY',
  'token' => '3c72970bc0d2064ee7806fad2fb405b625dd5c61',
)
[ info ] [ PARAM ] array (
  'evaluation_capability_id' => '1',
)
[ info ] [ DB ] INIT mysql
[ info ] [ RUN ] app\admin\controller\EvaluationCapability->show[ D:\www\shizhi\api\app\admin\controller\EvaluationCapability.php ]
[ info ] [ LOG ] INIT File	[ sql ] [ DB ] CONNECT:[ UseTime:0.024000s ] mysql:host=112.125.122.16;port=3306;dbname=jujiashizhi;charset=utf8mb4
[ sql ] [ SQL ] SHOW COLUMNS FROM `cx_system_manager` [ RunTime:0.018000s ]
[ sql ] [ SQL ] SELECT * FROM `cx_system_manager` WHERE  `token` = '3c72970bc0d2064ee7806fad2fb405b625dd5c61'  AND `id` = 1 LIMIT 1 [ RunTime:0.019000s ]
[ sql ] [ SQL ] SHOW COLUMNS FROM `cx_capability` [ RunTime:0.017000s ]
[ sql ] [ SQL ] SELECT `id`,`classify_id`,`sn`,`type`,`name`,`picture`,`sort`,`status`,`create_time` FROM `cx_capability` WHERE  `id` = 1  AND `is_del` = 1 LIMIT 1 [ RunTime:0.016000s ]
[2022-07-26 16:05:15.504] 127.0.0.1 POST www.shizhi.com/admin/evaluation_capability/show	[runtime=0.181000s] [reqs=5.52req/s] [memory=3,584.40kb] [file=65]	[ info ] [ LANG ] D:\www\shizhi\api\thinkphp\lang\zh-cn.php
[ info ] [ ROUTE ] array (
  'type' => 'module',
  'module' => 
  array (
    0 => 'admin',
    1 => 'evaluation_capability',
    2 => 'show',
  ),
)
[ info ] [ HEADER ] array (
  'content-length' => '180',
  'content-type' => 'multipart/form-data; boundary=--------------------------085686988783182887002053',
  'connection' => 'keep-alive',
  'accept-encoding' => 'gzip, deflate, br',
  'host' => 'www.shizhi.com',
  'accept' => '*/*',
  'user-agent' => 'apifox/1.0.0 (https://www.apifox.cn)',
  'usertoken' => 'MDAwMDAwMDAwMIGEbXY',
  'token' => '3c72970bc0d2064ee7806fad2fb405b625dd5c61',
)
[ info ] [ PARAM ] array (
  'evaluation_capability_id' => '2',
)
[ info ] [ DB ] INIT mysql
[ info ] [ RUN ] app\admin\controller\EvaluationCapability->show[ D:\www\shizhi\api\app\admin\controller\EvaluationCapability.php ]
[ info ] [ LOG ] INIT File	[ sql ] [ DB ] CONNECT:[ UseTime:0.027000s ] mysql:host=112.125.122.16;port=3306;dbname=jujiashizhi;charset=utf8mb4
[ sql ] [ SQL ] SHOW COLUMNS FROM `cx_system_manager` [ RunTime:0.021000s ]
[ sql ] [ SQL ] SELECT * FROM `cx_system_manager` WHERE  `token` = '3c72970bc0d2064ee7806fad2fb405b625dd5c61'  AND `id` = 1 LIMIT 1 [ RunTime:0.021000s ]
[ sql ] [ SQL ] SHOW COLUMNS FROM `cx_capability` [ RunTime:0.017000s ]
[ sql ] [ SQL ] SELECT `id`,`classify_id`,`sn`,`type`,`name`,`picture`,`sort`,`status`,`create_time` FROM `cx_capability` WHERE  `id` = 2  AND `is_del` = 1 LIMIT 1 [ RunTime:0.019000s ]
[ sql ] [ SQL ] SHOW COLUMNS FROM `cx_capability_options` [ RunTime:0.019000s ]
[ sql ] [ SQL ] SELECT `id`,`capability_id`,`sn`,`name`,`picture`,`type`,`sort`,`status`,`create_time` FROM `cx_capability_options` WHERE  `capability_id` = 2  AND `is_del` = 1 [ RunTime:0.026000s ]
[2022-07-26 16:05:18.201] 127.0.0.1 POST www.shizhi.com/admin/evaluation_capability/show	[runtime=0.175000s] [reqs=5.71req/s] [memory=3,532.45kb] [file=64]	[ info ] [ LANG ] D:\www\shizhi\api\thinkphp\lang\zh-cn.php
[ info ] [ ROUTE ] array (
  'type' => 'module',
  'module' => 
  array (
    0 => 'admin',
    1 => 'evaluation_capability',
    2 => 'show',
  ),
)
[ info ] [ HEADER ] array (
  'content-length' => '180',
  'content-type' => 'multipart/form-data; boundary=--------------------------930503426260178396385342',
  'connection' => 'keep-alive',
  'accept-encoding' => 'gzip, deflate, br',
  'host' => 'www.shizhi.com',
  'accept' => '*/*',
  'user-agent' => 'apifox/1.0.0 (https://www.apifox.cn)',
  'usertoken' => 'MDAwMDAwMDAwMIGEbXY',
  'token' => '3c72970bc0d2064ee7806fad2fb405b625dd5c61',
)
[ info ] [ PARAM ] array (
  'evaluation_capability_id' => '1',
)
[ info ] [ DB ] INIT mysql
[ info ] [ RUN ] app\admin\controller\EvaluationCapability->show[ D:\www\shizhi\api\app\admin\controller\EvaluationCapability.php ]
[ info ] [ LOG ] INIT File	[ sql ] [ DB ] CONNECT:[ UseTime:0.047000s ] mysql:host=112.125.122.16;port=3306;dbname=jujiashizhi;charset=utf8mb4
[ sql ] [ SQL ] SHOW COLUMNS FROM `cx_system_manager` [ RunTime:0.022000s ]
[ sql ] [ SQL ] SELECT * FROM `cx_system_manager` WHERE  `token` = '3c72970bc0d2064ee7806fad2fb405b625dd5c61'  AND `id` = 1 LIMIT 1 [ RunTime:0.039000s ]
[ sql ] [ SQL ] SHOW COLUMNS FROM `cx_capability` [ RunTime:0.017000s ]
[ sql ] [ SQL ] SELECT `id`,`classify_id`,`sn`,`type`,`name`,`picture`,`sort`,`status`,`create_time` FROM `cx_capability` WHERE  `id` = 1  AND `is_del` = 1 LIMIT 1 [ RunTime:0.016000s ]
[2022-07-26 16:05:31.956] 127.0.0.1 POST www.shizhi.com/admin/evaluation_capability/show	[runtime=0.195000s] [reqs=5.13req/s] [memory=3,593.38kb] [file=65]	[ info ] [ LANG ] D:\www\shizhi\api\thinkphp\lang\zh-cn.php
[ info ] [ ROUTE ] array (
  'type' => 'module',
  'module' => 
  array (
    0 => 'admin',
    1 => 'evaluation_capability',
    2 => 'show',
  ),
)
[ info ] [ HEADER ] array (
  'content-length' => '180',
  'content-type' => 'multipart/form-data; boundary=--------------------------494039908370827222252582',
  'connection' => 'keep-alive',
  'accept-encoding' => 'gzip, deflate, br',
  'host' => 'www.shizhi.com',
  'accept' => '*/*',
  'user-agent' => 'apifox/1.0.0 (https://www.apifox.cn)',
  'usertoken' => 'MDAwMDAwMDAwMIGEbXY',
  'token' => '3c72970bc0d2064ee7806fad2fb405b625dd5c61',
)
[ info ] [ PARAM ] array (
  'evaluation_capability_id' => '1',
)
[ info ] [ DB ] INIT mysql
[ info ] [ RUN ] app\admin\controller\EvaluationCapability->show[ D:\www\shizhi\api\app\admin\controller\EvaluationCapability.php ]
[ info ] [ LOG ] INIT File	[ sql ] [ DB ] CONNECT:[ UseTime:0.027000s ] mysql:host=112.125.122.16;port=3306;dbname=jujiashizhi;charset=utf8mb4
[ sql ] [ SQL ] SHOW COLUMNS FROM `cx_system_manager` [ RunTime:0.014000s ]
[ sql ] [ SQL ] SELECT * FROM `cx_system_manager` WHERE  `token` = '3c72970bc0d2064ee7806fad2fb405b625dd5c61'  AND `id` = 1 LIMIT 1 [ RunTime:0.019000s ]
[ sql ] [ SQL ] SHOW COLUMNS FROM `cx_capability` [ RunTime:0.054000s ]
[ sql ] [ SQL ] SELECT `id`,`classify_id`,`sn`,`type`,`name`,`picture`,`sort`,`status`,`create_time` FROM `cx_capability` WHERE  `id` = 1  AND `is_del` = 1 LIMIT 1 [ RunTime:0.014000s ]
[ sql ] [ SQL ] SHOW COLUMNS FROM `cx_capability_options` [ RunTime:0.016000s ]
[ sql ] [ SQL ] SELECT `id`,`capability_id`,`sn`,`name`,`picture`,`type`,`sort`,`status`,`create_time` FROM `cx_capability_options` WHERE  `capability_id` = 1  AND `is_del` = 1 [ RunTime:0.017000s ]
[2022-07-26 16:05:53.343] 127.0.0.1 POST www.shizhi.com/admin/evaluation_capability/option_del	[runtime=0.111000s] [reqs=9.01req/s] [memory=3,709.24kb] [file=70]	[ info ] [ LANG ] D:\www\shizhi\api\thinkphp\lang\zh-cn.php
[ info ] [ ROUTE ] array (
  'type' => 'module',
  'module' => 
  array (
    0 => 'admin',
    1 => 'evaluation_capability',
    2 => 'option_del',
  ),
)
[ info ] [ HEADER ] array (
  'content-length' => '289',
  'content-type' => 'multipart/form-data; boundary=--------------------------566373146613637070782311',
  'connection' => 'keep-alive',
  'accept-encoding' => 'gzip, deflate, br',
  'host' => 'www.shizhi.com',
  'accept' => '*/*',
  'user-agent' => 'apifox/1.0.0 (https://www.apifox.cn)',
  'usertoken' => 'MDAwMDAwMDAwMIGEbXY',
  'token' => '3c72970bc0d2064ee7806fad2fb405b625dd5c61',
)
[ info ] [ PARAM ] array (
  'evaluation_capability_id' => '1',
  'option_id' => '1',
)
[ info ] [ DB ] INIT mysql
[ info ] [ LOG ] INIT File	[ sql ] [ DB ] CONNECT:[ UseTime:0.037000s ] mysql:host=112.125.122.16;port=3306;dbname=jujiashizhi;charset=utf8mb4
[ sql ] [ SQL ] SHOW COLUMNS FROM `cx_system_manager` [ RunTime:0.019000s ]
[ sql ] [ SQL ] SELECT * FROM `cx_system_manager` WHERE  `token` = '3c72970bc0d2064ee7806fad2fb405b625dd5c61'  AND `id` = 1 LIMIT 1 [ RunTime:0.019000s ]
[2022-07-26 16:06:09.431] 127.0.0.1 POST www.shizhi.com/admin/evaluation_capability/optiondel	[runtime=0.158000s] [reqs=6.33req/s] [memory=3,653.41kb] [file=68]	[ info ] [ LANG ] D:\www\shizhi\api\thinkphp\lang\zh-cn.php
[ info ] [ ROUTE ] array (
  'type' => 'module',
  'module' => 
  array (
    0 => 'admin',
    1 => 'evaluation_capability',
    2 => 'optiondel',
  ),
)
[ info ] [ HEADER ] array (
  'content-length' => '289',
  'content-type' => 'multipart/form-data; boundary=--------------------------798604789150621204585947',
  'connection' => 'keep-alive',
  'accept-encoding' => 'gzip, deflate, br',
  'host' => 'www.shizhi.com',
  'accept' => '*/*',
  'user-agent' => 'apifox/1.0.0 (https://www.apifox.cn)',
  'usertoken' => 'MDAwMDAwMDAwMIGEbXY',
  'token' => '3c72970bc0d2064ee7806fad2fb405b625dd5c61',
)
[ info ] [ PARAM ] array (
  'evaluation_capability_id' => '1',
  'option_id' => '1',
)
[ info ] [ DB ] INIT mysql
[ info ] [ RUN ] app\admin\controller\EvaluationCapability->optionDel[ D:\www\shizhi\api\app\admin\controller\EvaluationCapability.php ]
[ info ] [ CACHE ] INIT File
[ info ] [ LOG ] INIT File	[ sql ] [ DB ] CONNECT:[ UseTime:0.024000s ] mysql:host=112.125.122.16;port=3306;dbname=jujiashizhi;charset=utf8mb4
[ sql ] [ SQL ] SHOW COLUMNS FROM `cx_system_manager` [ RunTime:0.015000s ]
[ sql ] [ SQL ] SELECT * FROM `cx_system_manager` WHERE  `token` = '3c72970bc0d2064ee7806fad2fb405b625dd5c61'  AND `id` = 1 LIMIT 1 [ RunTime:0.023000s ]
[ sql ] [ SQL ] SHOW COLUMNS FROM `cx_capability_options` [ RunTime:0.015000s ]
[ sql ] [ SQL ] SELECT `id`,`is_del` FROM `cx_capability_options` WHERE  `id` = 1  AND `capability_id` = 1 LIMIT 1 [ RunTime:0.017000s ]
[ sql ] [ SQL ] SHOW COLUMNS FROM `cx_capability` [ RunTime:0.016000s ]
[ sql ] [ SQL ] UPDATE `cx_capability`  SET `is_del`=2  WHERE  `id` = 1 [ RunTime:0.016000s ]
[2022-07-26 16:07:25.994] 127.0.0.1 POST www.shizhi.com/admin/evaluation_capability/optiondel	[runtime=1.109000s] [reqs=0.90req/s] [memory=3,650.11kb] [file=68]	[ info ] [ LANG ] D:\www\shizhi\api\thinkphp\lang\zh-cn.php
[ info ] [ ROUTE ] array (
  'type' => 'module',
  'module' => 
  array (
    0 => 'admin',
    1 => 'evaluation_capability',
    2 => 'optiondel',
  ),
)
[ info ] [ HEADER ] array (
  'content-length' => '289',
  'content-type' => 'multipart/form-data; boundary=--------------------------329763080693524252631607',
  'connection' => 'keep-alive',
  'accept-encoding' => 'gzip, deflate, br',
  'host' => 'www.shizhi.com',
  'accept' => '*/*',
  'user-agent' => 'apifox/1.0.0 (https://www.apifox.cn)',
  'usertoken' => 'MDAwMDAwMDAwMIGEbXY',
  'token' => '3c72970bc0d2064ee7806fad2fb405b625dd5c61',
)
[ info ] [ PARAM ] array (
  'evaluation_capability_id' => '1',
  'option_id' => '1',
)
[ info ] [ DB ] INIT mysql
[ info ] [ RUN ] app\admin\controller\EvaluationCapability->optionDel[ D:\www\shizhi\api\app\admin\controller\EvaluationCapability.php ]
[ info ] [ CACHE ] INIT File
[ info ] [ LOG ] INIT File	[ sql ] [ DB ] CONNECT:[ UseTime:0.066000s ] mysql:host=112.125.122.16;port=3306;dbname=jujiashizhi;charset=utf8mb4
[ sql ] [ SQL ] SHOW COLUMNS FROM `cx_system_manager` [ RunTime:0.030000s ]
[ sql ] [ SQL ] SELECT * FROM `cx_system_manager` WHERE  `token` = '3c72970bc0d2064ee7806fad2fb405b625dd5c61'  AND `id` = 1 LIMIT 1 [ RunTime:0.913000s ]
[ sql ] [ SQL ] SHOW COLUMNS FROM `cx_capability_options` [ RunTime:0.022000s ]
[ sql ] [ SQL ] SELECT `id`,`is_del` FROM `cx_capability_options` WHERE  `id` = 1  AND `capability_id` = 1 LIMIT 1 [ RunTime:0.023000s ]
[ sql ] [ SQL ] UPDATE `cx_capability_options`  SET `is_del`=2  WHERE  `id` = 1 [ RunTime:0.018000s ]
[2022-07-26 16:07:39.42] 127.0.0.1 POST www.shizhi.com/admin/evaluation_capability/show	[runtime=0.356000s] [reqs=2.81req/s] [memory=3,590.16kb] [file=65]	[ info ] [ LANG ] D:\www\shizhi\api\thinkphp\lang\zh-cn.php
[ info ] [ ROUTE ] array (
  'type' => 'module',
  'module' => 
  array (
    0 => 'admin',
    1 => 'evaluation_capability',
    2 => 'show',
  ),
)
[ info ] [ HEADER ] array (
  'content-length' => '180',
  'content-type' => 'multipart/form-data; boundary=--------------------------789095320113432566663622',
  'connection' => 'keep-alive',
  'accept-encoding' => 'gzip, deflate, br',
  'host' => 'www.shizhi.com',
  'accept' => '*/*',
  'user-agent' => 'apifox/1.0.0 (https://www.apifox.cn)',
  'usertoken' => 'MDAwMDAwMDAwMIGEbXY',
  'token' => '3c72970bc0d2064ee7806fad2fb405b625dd5c61',
)
[ info ] [ PARAM ] array (
  'evaluation_capability_id' => '1',
)
[ info ] [ DB ] INIT mysql
[ info ] [ RUN ] app\admin\controller\EvaluationCapability->show[ D:\www\shizhi\api\app\admin\controller\EvaluationCapability.php ]
[ info ] [ LOG ] INIT File	[ sql ] [ DB ] CONNECT:[ UseTime:0.046000s ] mysql:host=112.125.122.16;port=3306;dbname=jujiashizhi;charset=utf8mb4
[ sql ] [ SQL ] SHOW COLUMNS FROM `cx_system_manager` [ RunTime:0.020000s ]
[ sql ] [ SQL ] SELECT * FROM `cx_system_manager` WHERE  `token` = '3c72970bc0d2064ee7806fad2fb405b625dd5c61'  AND `id` = 1 LIMIT 1 [ RunTime:0.031000s ]
[ sql ] [ SQL ] SHOW COLUMNS FROM `cx_capability` [ RunTime:0.046000s ]
[ sql ] [ SQL ] SELECT `id`,`classify_id`,`sn`,`type`,`name`,`picture`,`sort`,`status`,`create_time` FROM `cx_capability` WHERE  `id` = 1  AND `is_del` = 1 LIMIT 1 [ RunTime:0.057000s ]
[ sql ] [ SQL ] SHOW COLUMNS FROM `cx_capability_options` [ RunTime:0.063000s ]
[ sql ] [ SQL ] SELECT `id`,`capability_id`,`sn`,`name`,`picture`,`type`,`sort`,`status`,`create_time` FROM `cx_capability_options` WHERE  `capability_id` = 1  AND `is_del` = 1 [ RunTime:0.061000s ]
[2022-07-26 16:08:41.841] 127.0.0.1 POST www.shizhi.com/admin/evaluation_capability/index	[runtime=0.163000s] [reqs=6.13req/s] [memory=3,676.91kb] [file=67]	[ info ] [ LANG ] D:\www\shizhi\api\thinkphp\lang\zh-cn.php
[ info ] [ ROUTE ] array (
  'type' => 'module',
  'module' => 
  array (
    0 => 'admin',
    1 => 'evaluation_capability',
    2 => 'index',
  ),
)
[ info ] [ HEADER ] array (
  'content-length' => '486',
  'content-type' => 'multipart/form-data; boundary=--------------------------373494261866362267304977',
  'connection' => 'keep-alive',
  'accept-encoding' => 'gzip, deflate, br',
  'host' => 'www.shizhi.com',
  'accept' => '*/*',
  'user-agent' => 'apifox/1.0.0 (https://www.apifox.cn)',
  'usertoken' => 'MDAwMDAwMDAwMIGEbXY',
  'token' => '3c72970bc0d2064ee7806fad2fb405b625dd5c61',
)
[ info ] [ PARAM ] array (
  'page' => '1',
  'limit' => '10',
  'evaluationclass_id' => '1',
  'key' => '',
)
[ info ] [ DB ] INIT mysql
[ info ] [ RUN ] app\admin\controller\EvaluationCapability->index[ D:\www\shizhi\api\app\admin\controller\EvaluationCapability.php ]
[ info ] [ LOG ] INIT File	[ sql ] [ DB ] CONNECT:[ UseTime:0.028000s ] mysql:host=112.125.122.16;port=3306;dbname=jujiashizhi;charset=utf8mb4
[ sql ] [ SQL ] SHOW COLUMNS FROM `cx_system_manager` [ RunTime:0.028000s ]
[ sql ] [ SQL ] SELECT * FROM `cx_system_manager` WHERE  `token` = '3c72970bc0d2064ee7806fad2fb405b625dd5c61'  AND `id` = 1 LIMIT 1 [ RunTime:0.017000s ]
[ sql ] [ SQL ] SHOW COLUMNS FROM `cx_capability` [ RunTime:0.017000s ]
[ sql ] [ SQL ] SELECT `e`.`id`,`e`.`classify_id`,`e`.`sn`,`e`.`type`,`e`.`name`,`e`.`picture`,`e`.`sort`,`e`.`status`,`e`.`create_time`,c.name as classname FROM `cx_capability` `e` INNER JOIN `cx_classify` `c` ON `e`.`classify_id`=`c`.`id` WHERE  `e`.`is_del` = 1  AND `e`.`classify_id` = 1 ORDER BY `e`.`sort` DESC,`e`.`create_time` DESC LIMIT 0,10 [ RunTime:0.017000s ]
[ sql ] [ SQL ] SELECT COUNT(e.id) AS tp_count FROM `cx_capability` `e` INNER JOIN `cx_classify` `c` ON `e`.`classify_id`=`c`.`id` WHERE  `e`.`is_del` = 1  AND `e`.`classify_id` = 1 LIMIT 1 [ RunTime:0.022000s ]
[2022-07-26 16:11:03.707] 127.0.0.1 POST www.shizhi.com/admin/evaluation_capability/index	[runtime=0.319000s] [reqs=3.13req/s] [memory=3,677.91kb] [file=67]	[ info ] [ LANG ] D:\www\shizhi\api\thinkphp\lang\zh-cn.php
[ info ] [ ROUTE ] array (
  'type' => 'module',
  'module' => 
  array (
    0 => 'admin',
    1 => 'evaluation_capability',
    2 => 'index',
  ),
)
[ info ] [ HEADER ] array (
  'content-length' => '486',
  'content-type' => 'multipart/form-data; boundary=--------------------------464047028987830946724005',
  'connection' => 'keep-alive',
  'accept-encoding' => 'gzip, deflate, br',
  'host' => 'www.shizhi.com',
  'accept' => '*/*',
  'user-agent' => 'apifox/1.0.0 (https://www.apifox.cn)',
  'usertoken' => 'MDAwMDAwMDAwMIGEbXY',
  'token' => '3c72970bc0d2064ee7806fad2fb405b625dd5c61',
)
[ info ] [ PARAM ] array (
  'page' => '1',
  'limit' => '10',
  'evaluationclass_id' => '1',
  'key' => '',
)
[ info ] [ DB ] INIT mysql
[ info ] [ RUN ] app\admin\controller\EvaluationCapability->index[ D:\www\shizhi\api\app\admin\controller\EvaluationCapability.php ]
[ info ] [ LOG ] INIT File	[ sql ] [ DB ] CONNECT:[ UseTime:0.064000s ] mysql:host=112.125.122.16;port=3306;dbname=jujiashizhi;charset=utf8mb4
[ sql ] [ SQL ] SHOW COLUMNS FROM `cx_system_manager` [ RunTime:0.040000s ]
[ sql ] [ SQL ] SELECT * FROM `cx_system_manager` WHERE  `token` = '3c72970bc0d2064ee7806fad2fb405b625dd5c61'  AND `id` = 1 LIMIT 1 [ RunTime:0.046000s ]
[ sql ] [ SQL ] SHOW COLUMNS FROM `cx_capability` [ RunTime:0.045000s ]
[ sql ] [ SQL ] SELECT `e`.`id`,`e`.`classify_id`,`e`.`sn`,`e`.`type`,`e`.`name`,`e`.`picture`,`e`.`sort`,`e`.`status`,`e`.`create_time`,c.name as classname FROM `cx_capability` `e` INNER JOIN `cx_classify` `c` ON `e`.`classify_id`=`c`.`id` WHERE  `e`.`is_del` = 1  AND `e`.`classify_id` = 1 ORDER BY `e`.`sort` DESC,`e`.`create_time` DESC LIMIT 0,10 [ RunTime:0.045000s ]
[ sql ] [ SQL ] SELECT COUNT(e.id) AS tp_count FROM `cx_capability` `e` INNER JOIN `cx_classify` `c` ON `e`.`classify_id`=`c`.`id` WHERE  `e`.`is_del` = 1  AND `e`.`classify_id` = 1 LIMIT 1 [ RunTime:0.044000s ]
[2022-07-26 16:12:37.263] 127.0.0.1 POST www.shizhi.com/admin/evaluation_capability/index	[runtime=0.160000s] [reqs=6.25req/s] [memory=3,676.91kb] [file=67]	[ info ] [ LANG ] D:\www\shizhi\api\thinkphp\lang\zh-cn.php
[ info ] [ ROUTE ] array (
  'type' => 'module',
  'module' => 
  array (
    0 => 'admin',
    1 => 'evaluation_capability',
    2 => 'index',
  ),
)
[ info ] [ HEADER ] array (
  'content-length' => '486',
  'content-type' => 'multipart/form-data; boundary=--------------------------826803703504296096237712',
  'connection' => 'keep-alive',
  'accept-encoding' => 'gzip, deflate, br',
  'host' => 'www.shizhi.com',
  'accept' => '*/*',
  'user-agent' => 'apifox/1.0.0 (https://www.apifox.cn)',
  'usertoken' => 'MDAwMDAwMDAwMIGEbXY',
  'token' => '3c72970bc0d2064ee7806fad2fb405b625dd5c61',
)
[ info ] [ PARAM ] array (
  'page' => '1',
  'limit' => '10',
  'evaluationclass_id' => '1',
  'key' => '',
)
[ info ] [ DB ] INIT mysql
[ info ] [ RUN ] app\admin\controller\EvaluationCapability->index[ D:\www\shizhi\api\app\admin\controller\EvaluationCapability.php ]
[ info ] [ LOG ] INIT File	[ sql ] [ DB ] CONNECT:[ UseTime:0.026000s ] mysql:host=112.125.122.16;port=3306;dbname=jujiashizhi;charset=utf8mb4
[ sql ] [ SQL ] SHOW COLUMNS FROM `cx_system_manager` [ RunTime:0.029000s ]
[ sql ] [ SQL ] SELECT * FROM `cx_system_manager` WHERE  `token` = '3c72970bc0d2064ee7806fad2fb405b625dd5c61'  AND `id` = 1 LIMIT 1 [ RunTime:0.019000s ]
[ sql ] [ SQL ] SHOW COLUMNS FROM `cx_capability` [ RunTime:0.018000s ]
[ sql ] [ SQL ] SELECT `e`.`id`,`e`.`classify_id`,`e`.`sn`,`e`.`type`,`e`.`name`,`e`.`picture`,`e`.`sort`,`e`.`status`,`e`.`create_time`,c.name as classname FROM `cx_capability` `e` INNER JOIN `cx_classify` `c` ON `e`.`classify_id`=`c`.`id` WHERE  `e`.`is_del` = 1  AND `e`.`classify_id` = 1 ORDER BY `e`.`sort` DESC,`e`.`create_time` DESC LIMIT 0,10 [ RunTime:0.017000s ]
[ sql ] [ SQL ] SELECT COUNT(e.id) AS tp_count FROM `cx_capability` `e` INNER JOIN `cx_classify` `c` ON `e`.`classify_id`=`c`.`id` WHERE  `e`.`is_del` = 1  AND `e`.`classify_id` = 1 LIMIT 1 [ RunTime:0.019000s ]
[2022-07-26 16:13:02.484] 127.0.0.1 POST www.shizhi.com/admin/evaluation_capability/index	[runtime=0.139000s] [reqs=7.19req/s] [memory=3,692.89kb] [file=67]	[ info ] [ LANG ] D:\www\shizhi\api\thinkphp\lang\zh-cn.php
[ info ] [ ROUTE ] array (
  'type' => 'module',
  'module' => 
  array (
    0 => 'admin',
    1 => 'evaluation_capability',
    2 => 'index',
  ),
)
[ info ] [ HEADER ] array (
  'content-length' => '486',
  'content-type' => 'multipart/form-data; boundary=--------------------------791354940237048383359394',
  'connection' => 'keep-alive',
  'accept-encoding' => 'gzip, deflate, br',
  'host' => 'www.shizhi.com',
  'accept' => '*/*',
  'user-agent' => 'apifox/1.0.0 (https://www.apifox.cn)',
  'usertoken' => 'MDAwMDAwMDAwMIGEbXY',
  'token' => '3c72970bc0d2064ee7806fad2fb405b625dd5c61',
)
[ info ] [ PARAM ] array (
  'page' => '1',
  'limit' => '10',
  'evaluationclass_id' => '2',
  'key' => '',
)
[ info ] [ DB ] INIT mysql
[ info ] [ RUN ] app\admin\controller\EvaluationCapability->index[ D:\www\shizhi\api\app\admin\controller\EvaluationCapability.php ]
[ info ] [ LOG ] INIT File	[ sql ] [ DB ] CONNECT:[ UseTime:0.021000s ] mysql:host=112.125.122.16;port=3306;dbname=jujiashizhi;charset=utf8mb4
[ sql ] [ SQL ] SHOW COLUMNS FROM `cx_system_manager` [ RunTime:0.014000s ]
[ sql ] [ SQL ] SELECT * FROM `cx_system_manager` WHERE  `token` = '3c72970bc0d2064ee7806fad2fb405b625dd5c61'  AND `id` = 1 LIMIT 1 [ RunTime:0.015000s ]
[ sql ] [ SQL ] SHOW COLUMNS FROM `cx_capability` [ RunTime:0.021000s ]
[ sql ] [ SQL ] SELECT `e`.`id`,`e`.`classify_id`,`e`.`sn`,`e`.`type`,`e`.`name`,`e`.`picture`,`e`.`sort`,`e`.`status`,`e`.`create_time`,c.name as classname FROM `cx_capability` `e` INNER JOIN `cx_classify` `c` ON `e`.`classify_id`=`c`.`id` WHERE  `e`.`is_del` = 1  AND `e`.`classify_id` = 2 ORDER BY `e`.`sort` DESC,`e`.`create_time` DESC LIMIT 0,10 [ RunTime:0.023000s ]
[ sql ] [ SQL ] SELECT COUNT(e.id) AS tp_count FROM `cx_capability` `e` INNER JOIN `cx_classify` `c` ON `e`.`classify_id`=`c`.`id` WHERE  `e`.`is_del` = 1  AND `e`.`classify_id` = 2 LIMIT 1 [ RunTime:0.014000s ]
[2022-07-26 16:19:51.859] 127.0.0.1 POST www.shizhi.com/admin/help/index	[runtime=0.150000s] [reqs=6.67req/s] [memory=3,525.14kb] [file=65]	[ info ] [ LANG ] D:\www\shizhi\api\thinkphp\lang\zh-cn.php
[ info ] [ ROUTE ] array (
  'type' => 'module',
  'module' => 
  array (
    0 => 'admin',
    1 => 'help',
    2 => 'index',
  ),
)
[ info ] [ HEADER ] array (
  'content-length' => '591',
  'content-type' => 'multipart/form-data; boundary=--------------------------939939141409735087348649',
  'connection' => 'keep-alive',
  'accept-encoding' => 'gzip, deflate, br',
  'host' => 'www.shizhi.com',
  'accept' => '*/*',
  'user-agent' => 'apifox/1.0.0 (https://www.apifox.cn)',
  'usertoken' => 'MDAwMDAwMDAwMIGEbXY',
  'token' => '3c72970bc0d2064ee7806fad2fb405b625dd5c61',
)
[ info ] [ PARAM ] array (
  'page' => '1',
  'limit' => '10',
  'help_class_id' => '',
  'key' => '',
  'send_status' => '0',
)
[ info ] [ DB ] INIT mysql
[ info ] [ RUN ] app\admin\controller\Help->index[ D:\www\shizhi\api\app\admin\controller\Help.php ]
[ info ] [ LOG ] INIT File	[ sql ] [ DB ] CONNECT:[ UseTime:0.024000s ] mysql:host=112.125.122.16;port=3306;dbname=jujiashizhi;charset=utf8mb4
[ sql ] [ SQL ] SHOW COLUMNS FROM `cx_system_manager` [ RunTime:0.018000s ]
[ sql ] [ SQL ] SELECT * FROM `cx_system_manager` WHERE  `token` = '3c72970bc0d2064ee7806fad2fb405b625dd5c61'  AND `id` = 1 LIMIT 1 [ RunTime:0.019000s ]
[ sql ] [ SQL ] SHOW COLUMNS FROM `cx_help` [ RunTime:0.015000s ]
[ sql ] [ SQL ] SELECT `id`,`help_class_id`,`image`,`bigimage`,`create_time`,`send_status`,`sort` FROM `cx_help` WHERE  `is_del` = 1 ORDER BY `create_time` DESC LIMIT 0,10 [ RunTime:0.016000s ]
[ sql ] [ SQL ] SELECT COUNT(id) AS tp_count FROM `cx_help` WHERE  `is_del` = 1 LIMIT 1 [ RunTime:0.019000s ]
[2022-07-26 16:43:31.135] 127.0.0.1 POST www.shizhi.com/api/help_class/index	[runtime=0.037000s] [reqs=27.03req/s] [memory=3,440.73kb] [file=68]	[ info ] [ LANG ] D:\www\shizhi\api\thinkphp\lang\zh-cn.php
[ info ] [ ROUTE ] array (
  'type' => 'module',
  'module' => 
  array (
    0 => 'api',
    1 => 'help_class',
    2 => 'index',
  ),
)
[ info ] [ HEADER ] array (
  'content-length' => '0',
  'connection' => 'keep-alive',
  'accept-encoding' => 'gzip, deflate, br',
  'host' => 'www.shizhi.com',
  'accept' => '*/*',
  'user-agent' => 'apifox/1.0.0 (https://www.apifox.cn)',
  'usertoken' => 'MDAwMDAwMDAwMIGEbXY',
  'token' => '3c72970bc0d2064ee7806fad2fb405b625dd5c61',
  'content-type' => '',
)
[ info ] [ PARAM ] array (
)
[ info ] [ DB ] INIT mysql
[ info ] [ LOG ] INIT File	[ error ] [0]致命错误: Class 'app\common\services\user\UserTokenServices' not found[D:\www\shizhi\api\app\api\controller\Basic.php:34]
[2022-07-26 16:44:00.132] 127.0.0.1 POST www.shizhi.com/api/help_class/index	[runtime=0.079000s] [reqs=12.66req/s] [memory=3,076.28kb] [file=59]	[ info ] [ LANG ] D:\www\shizhi\api\thinkphp\lang\zh-cn.php
[ info ] [ ROUTE ] array (
  'type' => 'module',
  'module' => 
  array (
    0 => 'api',
    1 => 'help_class',
    2 => 'index',
  ),
)
[ info ] [ HEADER ] array (
  'content-length' => '0',
  'connection' => 'keep-alive',
  'accept-encoding' => 'gzip, deflate, br',
  'host' => 'www.shizhi.com',
  'accept' => '*/*',
  'user-agent' => 'apifox/1.0.0 (https://www.apifox.cn)',
  'usertoken' => 'MDAwMDAwMDAwMIGEbXY',
  'token' => '3c72970bc0d2064ee7806fad2fb405b625dd5c61',
  'content-type' => '',
)
[ info ] [ PARAM ] array (
)
[ info ] [ DB ] INIT mysql
[ info ] [ RUN ] app\api\controller\HelpClass->index[ D:\www\shizhi\api\app\api\controller\HelpClass.php ]
[ info ] [ LOG ] INIT File	[ sql ] [ DB ] CONNECT:[ UseTime:0.021000s ] mysql:host=112.125.122.16;port=3306;dbname=jujiashizhi;charset=utf8mb4
[ sql ] [ SQL ] SHOW COLUMNS FROM `cx_help_class` [ RunTime:0.018000s ]
[ sql ] [ SQL ] SELECT * FROM `cx_help_class` [ RunTime:0.013000s ]
[2022-07-26 17:08:36.481] 127.0.0.1 POST www.shizhi.com/api/help/index	[runtime=0.033000s] [reqs=30.30req/s] [memory=3,462.23kb] [file=68]	[ info ] [ LANG ] D:\www\shizhi\api\thinkphp\lang\zh-cn.php
[ info ] [ ROUTE ] array (
  'type' => 'module',
  'module' => 
  array (
    0 => 'api',
    1 => 'help',
    2 => 'index',
  ),
)
[ info ] [ HEADER ] array (
  'content-length' => '169',
  'content-type' => 'multipart/form-data; boundary=--------------------------866397572161718362871649',
  'connection' => 'keep-alive',
  'accept-encoding' => 'gzip, deflate, br',
  'host' => 'www.shizhi.com',
  'accept' => '*/*',
  'user-agent' => 'apifox/1.0.0 (https://www.apifox.cn)',
  'usertoken' => 'MDAwMDAwMDAwMIGEbXY',
  'token' => '3c72970bc0d2064ee7806fad2fb405b625dd5c61',
)
[ info ] [ PARAM ] array (
  'help_class_id' => '1',
)
[ info ] [ DB ] INIT mysql
[ info ] [ LOG ] INIT File	[ error ] [0]致命错误: Class 'app\common\services\user\UserTokenServices' not found[D:\www\shizhi\api\app\api\controller\Basic.php:34]
[2022-07-26 17:09:02.417] 127.0.0.1 POST www.shizhi.com/api/help/index	[runtime=0.031000s] [reqs=32.26req/s] [memory=3,240.27kb] [file=64]	[ info ] [ LANG ] D:\www\shizhi\api\thinkphp\lang\zh-cn.php
[ info ] [ ROUTE ] array (
  'type' => 'module',
  'module' => 
  array (
    0 => 'api',
    1 => 'help',
    2 => 'index',
  ),
)
[ info ] [ HEADER ] array (
  'content-length' => '169',
  'content-type' => 'multipart/form-data; boundary=--------------------------662334364573366997243126',
  'connection' => 'keep-alive',
  'accept-encoding' => 'gzip, deflate, br',
  'host' => 'www.shizhi.com',
  'accept' => '*/*',
  'user-agent' => 'apifox/1.0.0 (https://www.apifox.cn)',
  'usertoken' => 'MDAwMDAwMDAwMIGEbXY',
  'token' => '3c72970bc0d2064ee7806fad2fb405b625dd5c61',
)
[ info ] [ PARAM ] array (
  'help_class_id' => '1',
)
[ info ] [ DB ] INIT mysql
[ info ] [ RUN ] app\api\controller\Help->index[ D:\www\shizhi\api\app\api\controller\Help.php ]
[ info ] [ LOG ] INIT File	[ error ] [0]致命错误: Call to a member function post() on null[D:\www\shizhi\api\app\api\controller\Help.php:26]
[2022-07-26 17:11:10.466] 127.0.0.1 POST www.shizhi.com/api/help/index	[runtime=0.038000s] [reqs=26.32req/s] [memory=3,240.40kb] [file=64]	[ info ] [ LANG ] D:\www\shizhi\api\thinkphp\lang\zh-cn.php
[ info ] [ ROUTE ] array (
  'type' => 'module',
  'module' => 
  array (
    0 => 'api',
    1 => 'help',
    2 => 'index',
  ),
)
[ info ] [ HEADER ] array (
  'content-length' => '169',
  'content-type' => 'multipart/form-data; boundary=--------------------------831106413196599204325844',
  'connection' => 'keep-alive',
  'accept-encoding' => 'gzip, deflate, br',
  'host' => 'www.shizhi.com',
  'accept' => '*/*',
  'user-agent' => 'apifox/1.0.0 (https://www.apifox.cn)',
  'usertoken' => 'MDAwMDAwMDAwMIGEbXY',
  'token' => '3c72970bc0d2064ee7806fad2fb405b625dd5c61',
)
[ info ] [ PARAM ] array (
  'help_class_id' => '1',
)
[ info ] [ DB ] INIT mysql
[ info ] [ RUN ] app\api\controller\Help->index[ D:\www\shizhi\api\app\api\controller\Help.php ]
[ info ] [ LOG ] INIT File	[ error ] [0]致命错误: Call to a member function post() on null[D:\www\shizhi\api\app\api\controller\Help.php:26]
[2022-07-26 17:12:27.431] 127.0.0.1 POST www.shizhi.com/api/help/index	[runtime=0.027000s] [reqs=37.04req/s] [memory=2,971.67kb] [file=58]	[ info ] [ LANG ] D:\www\shizhi\api\thinkphp\lang\zh-cn.php
[ info ] [ ROUTE ] array (
  'type' => 'module',
  'module' => 
  array (
    0 => 'api',
    1 => 'help',
    2 => 'index',
  ),
)
[ info ] [ HEADER ] array (
  'content-length' => '169',
  'content-type' => 'multipart/form-data; boundary=--------------------------411957675322286048646966',
  'connection' => 'keep-alive',
  'accept-encoding' => 'gzip, deflate, br',
  'host' => 'www.shizhi.com',
  'accept' => '*/*',
  'user-agent' => 'apifox/1.0.0 (https://www.apifox.cn)',
  'usertoken' => 'MDAwMDAwMDAwMIGEbXY',
  'token' => '3c72970bc0d2064ee7806fad2fb405b625dd5c61',
)
[ info ] [ PARAM ] array (
  'help_class_id' => '1',
)
[ info ] [ DB ] INIT mysql
[ info ] [ RUN ] app\api\controller\Help->index[ D:\www\shizhi\api\app\api\controller\Help.php ]
[ info ] [ LOG ] INIT File
[2022-07-26 17:12:50.623] 127.0.0.1 POST www.shizhi.com/api/help/index	[runtime=0.028000s] [reqs=35.71req/s] [memory=3,240.40kb] [file=64]	[ info ] [ LANG ] D:\www\shizhi\api\thinkphp\lang\zh-cn.php
[ info ] [ ROUTE ] array (
  'type' => 'module',
  'module' => 
  array (
    0 => 'api',
    1 => 'help',
    2 => 'index',
  ),
)
[ info ] [ HEADER ] array (
  'content-length' => '169',
  'content-type' => 'multipart/form-data; boundary=--------------------------637893953651399469426621',
  'connection' => 'keep-alive',
  'accept-encoding' => 'gzip, deflate, br',
  'host' => 'www.shizhi.com',
  'accept' => '*/*',
  'user-agent' => 'apifox/1.0.0 (https://www.apifox.cn)',
  'usertoken' => 'MDAwMDAwMDAwMIGEbXY',
  'token' => '3c72970bc0d2064ee7806fad2fb405b625dd5c61',
)
[ info ] [ PARAM ] array (
  'help_class_id' => '1',
)
[ info ] [ DB ] INIT mysql
[ info ] [ RUN ] app\api\controller\Help->index[ D:\www\shizhi\api\app\api\controller\Help.php ]
[ info ] [ LOG ] INIT File	[ error ] [0]致命错误: Call to a member function post() on null[D:\www\shizhi\api\app\api\controller\Help.php:27]
[2022-07-26 17:13:10.12] 127.0.0.1 POST www.shizhi.com/api/help/index	[runtime=0.036000s] [reqs=27.78req/s] [memory=3,462.35kb] [file=68]	[ info ] [ LANG ] D:\www\shizhi\api\thinkphp\lang\zh-cn.php
[ info ] [ ROUTE ] array (
  'type' => 'module',
  'module' => 
  array (
    0 => 'api',
    1 => 'help',
    2 => 'index',
  ),
)
[ info ] [ HEADER ] array (
  'content-length' => '169',
  'content-type' => 'multipart/form-data; boundary=--------------------------127866638287265604480822',
  'connection' => 'keep-alive',
  'accept-encoding' => 'gzip, deflate, br',
  'host' => 'www.shizhi.com',
  'accept' => '*/*',
  'user-agent' => 'apifox/1.0.0 (https://www.apifox.cn)',
  'usertoken' => 'MDAwMDAwMDAwMIGEbXY',
  'token' => '3c72970bc0d2064ee7806fad2fb405b625dd5c61',
)
[ info ] [ PARAM ] array (
  'help_class_id' => '1',
)
[ info ] [ DB ] INIT mysql
[ info ] [ LOG ] INIT File	[ error ] [0]致命错误: Class 'app\common\services\user\UserTokenServices' not found[D:\www\shizhi\api\app\api\controller\Basic.php:34]
[2022-07-26 17:13:23.544] 127.0.0.1 POST www.shizhi.com/api/help/index	[runtime=0.035000s] [reqs=28.57req/s] [memory=3,001.59kb] [file=61]	[ info ] [ LANG ] D:\www\shizhi\api\thinkphp\lang\zh-cn.php
[ info ] [ ROUTE ] array (
  'type' => 'module',
  'module' => 
  array (
    0 => 'api',
    1 => 'help',
    2 => 'index',
  ),
)
[ info ] [ HEADER ] array (
  'content-length' => '169',
  'content-type' => 'multipart/form-data; boundary=--------------------------070054259542467053269904',
  'connection' => 'keep-alive',
  'accept-encoding' => 'gzip, deflate, br',
  'host' => 'www.shizhi.com',
  'accept' => '*/*',
  'user-agent' => 'apifox/1.0.0 (https://www.apifox.cn)',
  'usertoken' => 'MDAwMDAwMDAwMIGEbXY',
  'token' => '3c72970bc0d2064ee7806fad2fb405b625dd5c61',
)
[ info ] [ PARAM ] array (
  'help_class_id' => '1',
)
[ info ] [ DB ] INIT mysql
[ info ] [ LOG ] INIT File	[ error ] [0]致命错误: Cannot access parent:: when current class scope has no parent[D:\www\shizhi\api\app\api\controller\Help.php:20]
[2022-07-26 17:13:53.951] 127.0.0.1 POST www.shizhi.com/api/help/index	[runtime=0.030000s] [reqs=33.33req/s] [memory=3,341.62kb] [file=62]	[ info ] [ LANG ] D:\www\shizhi\api\thinkphp\lang\zh-cn.php
[ info ] [ ROUTE ] array (
  'type' => 'module',
  'module' => 
  array (
    0 => 'api',
    1 => 'help',
    2 => 'index',
  ),
)
[ info ] [ HEADER ] array (
  'content-length' => '169',
  'content-type' => 'multipart/form-data; boundary=--------------------------081410578724219694096338',
  'connection' => 'keep-alive',
  'accept-encoding' => 'gzip, deflate, br',
  'host' => 'www.shizhi.com',
  'accept' => '*/*',
  'user-agent' => 'apifox/1.0.0 (https://www.apifox.cn)',
  'usertoken' => 'MDAwMDAwMDAwMIGEbXY',
  'token' => '3c72970bc0d2064ee7806fad2fb405b625dd5c61',
)
[ info ] [ PARAM ] array (
  'help_class_id' => '1',
)
[ info ] [ DB ] INIT mysql
[ info ] [ RUN ] app\api\controller\Help->index[ D:\www\shizhi\api\app\api\controller\Help.php ]
[ info ] [ LOG ] INIT File
[2022-07-26 17:14:05.128] 127.0.0.1 POST www.shizhi.com/api/help/index	[runtime=0.290000s] [reqs=3.45req/s] [memory=3,645.49kb] [file=69]	[ info ] [ LANG ] D:\www\shizhi\api\thinkphp\lang\zh-cn.php
[ info ] [ ROUTE ] array (
  'type' => 'module',
  'module' => 
  array (
    0 => 'api',
    1 => 'help',
    2 => 'index',
  ),
)
[ info ] [ HEADER ] array (
  'content-length' => '169',
  'content-type' => 'multipart/form-data; boundary=--------------------------813987735011365522298457',
  'connection' => 'keep-alive',
  'accept-encoding' => 'gzip, deflate, br',
  'host' => 'www.shizhi.com',
  'accept' => '*/*',
  'user-agent' => 'apifox/1.0.0 (https://www.apifox.cn)',
  'usertoken' => 'MDAwMDAwMDAwMIGEbXY',
  'token' => '3c72970bc0d2064ee7806fad2fb405b625dd5c61',
)
[ info ] [ PARAM ] array (
  'help_class_id' => '1',
)
[ info ] [ DB ] INIT mysql
[ info ] [ RUN ] app\api\controller\Help->index[ D:\www\shizhi\api\app\api\controller\Help.php ]
[ info ] [ LOG ] INIT File	[ sql ] [ DB ] CONNECT:[ UseTime:0.052000s ] mysql:host=112.125.122.16;port=3306;dbname=jujiashizhi;charset=utf8mb4
[ sql ] [ SQL ] SHOW COLUMNS FROM `cx_help` [ RunTime:0.061000s ]
[ sql ] [ SQL ] SELECT `id`,`help_class_id`,`image`,`bigimage`,`create_time`,`sort` FROM `cx_help` WHERE  `help_class_id` = 1  AND `send_status` = 1  AND `is_del` = 1 ORDER BY `create_time` DESC LIMIT 0,10 [ RunTime:0.065000s ]
[ sql ] [ SQL ] SELECT COUNT(id) AS tp_count FROM `cx_help` WHERE  `is_del` = 1  AND `id` = 1 LIMIT 1 [ RunTime:0.076000s ]	[ error ] [0]类的属性不存在:app\common\model\Help->send_status[D:\www\shizhi\api\thinkphp\library\think\Model.php:626]
[2022-07-26 17:15:06.676] 127.0.0.1 POST www.shizhi.com/api/help/index	[runtime=0.225000s] [reqs=4.44req/s] [memory=3,471.86kb] [file=64]	[ info ] [ LANG ] D:\www\shizhi\api\thinkphp\lang\zh-cn.php
[ info ] [ ROUTE ] array (
  'type' => 'module',
  'module' => 
  array (
    0 => 'api',
    1 => 'help',
    2 => 'index',
  ),
)
[ info ] [ HEADER ] array (
  'content-length' => '169',
  'content-type' => 'multipart/form-data; boundary=--------------------------440753089008292804235755',
  'connection' => 'keep-alive',
  'accept-encoding' => 'gzip, deflate, br',
  'host' => 'www.shizhi.com',
  'accept' => '*/*',
  'user-agent' => 'apifox/1.0.0 (https://www.apifox.cn)',
  'usertoken' => 'MDAwMDAwMDAwMIGEbXY',
  'token' => '3c72970bc0d2064ee7806fad2fb405b625dd5c61',
)
[ info ] [ PARAM ] array (
  'help_class_id' => '1',
)
[ info ] [ DB ] INIT mysql
[ info ] [ RUN ] app\api\controller\Help->index[ D:\www\shizhi\api\app\api\controller\Help.php ]
[ info ] [ LOG ] INIT File	[ sql ] [ DB ] CONNECT:[ UseTime:0.084000s ] mysql:host=112.125.122.16;port=3306;dbname=jujiashizhi;charset=utf8mb4
[ sql ] [ SQL ] SHOW COLUMNS FROM `cx_help` [ RunTime:0.031000s ]
[ sql ] [ SQL ] SELECT `id`,`help_class_id`,`image`,`bigimage`,`create_time`,`sort` FROM `cx_help` WHERE  `help_class_id` = 1  AND `send_status` = 1  AND `is_del` = 1 ORDER BY `create_time` DESC LIMIT 0,10 [ RunTime:0.033000s ]
[ sql ] [ SQL ] SELECT COUNT(id) AS tp_count FROM `cx_help` WHERE  `is_del` = 1  AND `id` = 1 LIMIT 1 [ RunTime:0.045000s ]
[2022-07-26 17:23:50.316] 127.0.0.1 POST www.shizhi.com/api/help/index	[runtime=0.025000s] [reqs=40.00req/s] [memory=2,107.95kb] [file=53]	[ info ] [ LANG ] D:\www\shizhi\api\thinkphp\lang\zh-cn.php
[ info ] [ ROUTE ] array (
  'type' => 'module',
  'module' => 
  array (
    0 => 'api',
    1 => 'help',
    2 => 'index',
  ),
)
[ info ] [ HEADER ] array (
  'content-length' => '169',
  'content-type' => 'multipart/form-data; boundary=--------------------------476543012733381897485788',
  'connection' => 'keep-alive',
  'accept-encoding' => 'gzip, deflate, br',
  'host' => 'www.shizhi.com',
  'accept' => '*/*',
  'user-agent' => 'apifox/1.0.0 (https://www.apifox.cn)',
  'usertoken' => 'MDAwMDAwMDAwMIGEbXY',
  'token' => '3c72970bc0d2064ee7806fad2fb405b625dd5c61',
)
[ info ] [ PARAM ] array (
  'help_class_id' => '1',
)
[ info ] [ LOG ] INIT File	[ error ] [0]Class app\common\services\help\HelpServices does not exist[D:\www\shizhi\api\thinkphp\library\think\App.php:403]
[2022-07-26 17:24:26.525] 127.0.0.1 POST www.shizhi.com/api/help/index	[runtime=0.420000s] [reqs=2.38req/s] [memory=3,651.16kb] [file=70]	[ info ] [ LANG ] D:\www\shizhi\api\thinkphp\lang\zh-cn.php
[ info ] [ ROUTE ] array (
  'type' => 'module',
  'module' => 
  array (
    0 => 'api',
    1 => 'help',
    2 => 'index',
  ),
)
[ info ] [ HEADER ] array (
  'content-length' => '169',
  'content-type' => 'multipart/form-data; boundary=--------------------------537888663430942123466289',
  'connection' => 'keep-alive',
  'accept-encoding' => 'gzip, deflate, br',
  'host' => 'www.shizhi.com',
  'accept' => '*/*',
  'user-agent' => 'apifox/1.0.0 (https://www.apifox.cn)',
  'usertoken' => 'MDAwMDAwMDAwMIGEbXY',
  'token' => '3c72970bc0d2064ee7806fad2fb405b625dd5c61',
)
[ info ] [ PARAM ] array (
  'help_class_id' => '1',
)
[ info ] [ DB ] INIT mysql
[ info ] [ RUN ] app\api\controller\Help->index[ D:\www\shizhi\api\app\api\controller\Help.php ]
[ info ] [ LOG ] INIT File	[ sql ] [ DB ] CONNECT:[ UseTime:0.127000s ] mysql:host=112.125.122.16;port=3306;dbname=jujiashizhi;charset=utf8mb4
[ sql ] [ SQL ] SHOW COLUMNS FROM `cx_help` [ RunTime:0.092000s ]
[ sql ] [ SQL ] SELECT `id`,`help_class_id`,`image`,`bigimage`,`create_time`,`sort` FROM `cx_help` WHERE  `help_class_id` = 1  AND `send_status` = 1  AND `is_del` = 1 ORDER BY `create_time` DESC LIMIT 0,10 [ RunTime:0.094000s ]
[ sql ] [ SQL ] SELECT COUNT(id) AS tp_count FROM `cx_help` WHERE  `is_del` = 1  AND `id` = 1 LIMIT 1 [ RunTime:0.072000s ]	[ error ] [0]致命错误: Class 'app\common\services\help\ConfigModel' not found[D:\www\shizhi\api\app\common\services\help\HelpServices.php:186]
[2022-07-26 17:25:09.595] 127.0.0.1 POST www.shizhi.com/api/help/index	[runtime=0.220000s] [reqs=4.55req/s] [memory=3,651.16kb] [file=70]	[ info ] [ LANG ] D:\www\shizhi\api\thinkphp\lang\zh-cn.php
[ info ] [ ROUTE ] array (
  'type' => 'module',
  'module' => 
  array (
    0 => 'api',
    1 => 'help',
    2 => 'index',
  ),
)
[ info ] [ HEADER ] array (
  'content-length' => '169',
  'content-type' => 'multipart/form-data; boundary=--------------------------166189206266353510230556',
  'connection' => 'keep-alive',
  'accept-encoding' => 'gzip, deflate, br',
  'host' => 'www.shizhi.com',
  'accept' => '*/*',
  'user-agent' => 'apifox/1.0.0 (https://www.apifox.cn)',
  'usertoken' => 'MDAwMDAwMDAwMIGEbXY',
  'token' => '3c72970bc0d2064ee7806fad2fb405b625dd5c61',
)
[ info ] [ PARAM ] array (
  'help_class_id' => '1',
)
[ info ] [ DB ] INIT mysql
[ info ] [ RUN ] app\api\controller\Help->index[ D:\www\shizhi\api\app\api\controller\Help.php ]
[ info ] [ LOG ] INIT File	[ sql ] [ DB ] CONNECT:[ UseTime:0.079000s ] mysql:host=112.125.122.16;port=3306;dbname=jujiashizhi;charset=utf8mb4
[ sql ] [ SQL ] SHOW COLUMNS FROM `cx_help` [ RunTime:0.034000s ]
[ sql ] [ SQL ] SELECT `id`,`help_class_id`,`image`,`bigimage`,`create_time`,`sort` FROM `cx_help` WHERE  `help_class_id` = 1  AND `send_status` = 1  AND `is_del` = 1 ORDER BY `create_time` DESC LIMIT 0,10 [ RunTime:0.028000s ]
[ sql ] [ SQL ] SELECT COUNT(id) AS tp_count FROM `cx_help` WHERE  `is_del` = 1  AND `id` = 1 LIMIT 1 [ RunTime:0.047000s ]	[ error ] [0]致命错误: Class 'app\common\services\help\ConfigModel' not found[D:\www\shizhi\api\app\common\services\help\HelpServices.php:187]
[2022-07-26 17:27:13.559] 127.0.0.1 POST www.shizhi.com/api/help/index	[runtime=0.286000s] [reqs=3.50req/s] [memory=3,668.53kb] [file=73]	[ info ] [ LANG ] D:\www\shizhi\api\thinkphp\lang\zh-cn.php
[ info ] [ ROUTE ] array (
  'type' => 'module',
  'module' => 
  array (
    0 => 'api',
    1 => 'help',
    2 => 'index',
  ),
)
[ info ] [ HEADER ] array (
  'content-length' => '169',
  'content-type' => 'multipart/form-data; boundary=--------------------------218457636077662305320630',
  'connection' => 'keep-alive',
  'accept-encoding' => 'gzip, deflate, br',
  'host' => 'www.shizhi.com',
  'accept' => '*/*',
  'user-agent' => 'apifox/1.0.0 (https://www.apifox.cn)',
  'usertoken' => 'MDAwMDAwMDAwMIGEbXY',
  'token' => '3c72970bc0d2064ee7806fad2fb405b625dd5c61',
)
[ info ] [ PARAM ] array (
  'help_class_id' => '1',
)
[ info ] [ DB ] INIT mysql
[ info ] [ RUN ] app\api\controller\Help->index[ D:\www\shizhi\api\app\api\controller\Help.php ]
[ info ] [ LOG ] INIT File	[ sql ] [ DB ] CONNECT:[ UseTime:0.146000s ] mysql:host=112.125.122.16;port=3306;dbname=jujiashizhi;charset=utf8mb4
[ sql ] [ SQL ] SHOW COLUMNS FROM `cx_help` [ RunTime:0.026000s ]
[ sql ] [ SQL ] SELECT `id`,`help_class_id`,`image`,`bigimage`,`create_time`,`sort` FROM `cx_help` WHERE  `help_class_id` = 1  AND `send_status` = 1  AND `is_del` = 1 ORDER BY `create_time` DESC LIMIT 0,10 [ RunTime:0.035000s ]
[ sql ] [ SQL ] SELECT COUNT(id) AS tp_count FROM `cx_help` WHERE  `is_del` = 1  AND `id` = 1 LIMIT 1 [ RunTime:0.029000s ]	[ error ] [8]Undefined property: app\common\services\config\ConfigServices::$keys[D:\www\shizhi\api\app\common\services\help\HelpServices.php:189]
[2022-07-26 17:28:13.830] 127.0.0.1 POST www.shizhi.com/api/help/index	[runtime=0.243000s] [reqs=4.12req/s] [memory=3,668.57kb] [file=73]	[ info ] [ LANG ] D:\www\shizhi\api\thinkphp\lang\zh-cn.php
[ info ] [ ROUTE ] array (
  'type' => 'module',
  'module' => 
  array (
    0 => 'api',
    1 => 'help',
    2 => 'index',
  ),
)
[ info ] [ HEADER ] array (
  'content-length' => '169',
  'content-type' => 'multipart/form-data; boundary=--------------------------366737390851311022154102',
  'connection' => 'keep-alive',
  'accept-encoding' => 'gzip, deflate, br',
  'host' => 'www.shizhi.com',
  'accept' => '*/*',
  'user-agent' => 'apifox/1.0.0 (https://www.apifox.cn)',
  'usertoken' => 'MDAwMDAwMDAwMIGEbXY',
  'token' => '3c72970bc0d2064ee7806fad2fb405b625dd5c61',
)
[ info ] [ PARAM ] array (
  'help_class_id' => '1',
)
[ info ] [ DB ] INIT mysql
[ info ] [ RUN ] app\api\controller\Help->index[ D:\www\shizhi\api\app\api\controller\Help.php ]
[ info ] [ LOG ] INIT File	[ sql ] [ DB ] CONNECT:[ UseTime:0.069000s ] mysql:host=112.125.122.16;port=3306;dbname=jujiashizhi;charset=utf8mb4
[ sql ] [ SQL ] SHOW COLUMNS FROM `cx_help` [ RunTime:0.047000s ]
[ sql ] [ SQL ] SELECT `id`,`help_class_id`,`image`,`bigimage`,`create_time`,`sort` FROM `cx_help` WHERE  `help_class_id` = 1  AND `send_status` = 1  AND `is_del` = 1 ORDER BY `create_time` DESC LIMIT 0,10 [ RunTime:0.047000s ]
[ sql ] [ SQL ] SELECT COUNT(id) AS tp_count FROM `cx_help` WHERE  `is_del` = 1  AND `id` = 1 LIMIT 1 [ RunTime:0.048000s ]	[ error ] [8]Undefined property: app\common\services\config\ConfigServices::$keys[D:\www\shizhi\api\app\common\services\help\HelpServices.php:189]
[2022-07-26 17:29:44.767] 127.0.0.1 POST www.shizhi.com/api/help/index	[runtime=0.209000s] [reqs=4.78req/s] [memory=3,496.03kb] [file=66]	[ info ] [ LANG ] D:\www\shizhi\api\thinkphp\lang\zh-cn.php
[ info ] [ ROUTE ] array (
  'type' => 'module',
  'module' => 
  array (
    0 => 'api',
    1 => 'help',
    2 => 'index',
  ),
)
[ info ] [ HEADER ] array (
  'content-length' => '169',
  'content-type' => 'multipart/form-data; boundary=--------------------------796943681300415019640425',
  'connection' => 'keep-alive',
  'accept-encoding' => 'gzip, deflate, br',
  'host' => 'www.shizhi.com',
  'accept' => '*/*',
  'user-agent' => 'apifox/1.0.0 (https://www.apifox.cn)',
  'usertoken' => 'MDAwMDAwMDAwMIGEbXY',
  'token' => '3c72970bc0d2064ee7806fad2fb405b625dd5c61',
)
[ info ] [ PARAM ] array (
  'help_class_id' => '1',
)
[ info ] [ DB ] INIT mysql
[ info ] [ RUN ] app\api\controller\Help->index[ D:\www\shizhi\api\app\api\controller\Help.php ]
[ info ] [ LOG ] INIT File	[ sql ] [ DB ] CONNECT:[ UseTime:0.083000s ] mysql:host=112.125.122.16;port=3306;dbname=jujiashizhi;charset=utf8mb4
[ sql ] [ SQL ] SHOW COLUMNS FROM `cx_help` [ RunTime:0.036000s ]
[ sql ] [ SQL ] SELECT `id`,`help_class_id`,`image`,`bigimage`,`create_time`,`sort` FROM `cx_help` WHERE  `help_class_id` = 1  AND `send_status` = 1  AND `is_del` = 1 ORDER BY `create_time` DESC LIMIT 0,10 [ RunTime:0.029000s ]
[ sql ] [ SQL ] SELECT COUNT(id) AS tp_count FROM `cx_help` WHERE  `is_del` = 1  AND `id` = 1 LIMIT 1 [ RunTime:0.029000s ]
[2022-07-26 17:31:14.621] 127.0.0.1 POST www.shizhi.com/api/help/index	[runtime=0.323000s] [reqs=3.10req/s] [memory=3,501.84kb] [file=66]	[ info ] [ LANG ] D:\www\shizhi\api\thinkphp\lang\zh-cn.php
[ info ] [ ROUTE ] array (
  'type' => 'module',
  'module' => 
  array (
    0 => 'api',
    1 => 'help',
    2 => 'index',
  ),
)
[ info ] [ HEADER ] array (
  'content-length' => '169',
  'content-type' => 'multipart/form-data; boundary=--------------------------746894841219209880788294',
  'connection' => 'keep-alive',
  'accept-encoding' => 'gzip, deflate, br',
  'host' => 'www.shizhi.com',
  'accept' => '*/*',
  'user-agent' => 'apifox/1.0.0 (https://www.apifox.cn)',
  'usertoken' => 'MDAwMDAwMDAwMIGEbXY',
  'token' => '3c72970bc0d2064ee7806fad2fb405b625dd5c61',
)
[ info ] [ PARAM ] array (
  'help_class_id' => '1',
)
[ info ] [ DB ] INIT mysql
[ info ] [ RUN ] app\api\controller\Help->index[ D:\www\shizhi\api\app\api\controller\Help.php ]
[ info ] [ LOG ] INIT File	[ sql ] [ DB ] CONNECT:[ UseTime:0.059000s ] mysql:host=112.125.122.16;port=3306;dbname=jujiashizhi;charset=utf8mb4
[ sql ] [ SQL ] SHOW COLUMNS FROM `cx_help` [ RunTime:0.042000s ]
[ sql ] [ SQL ] SELECT `id`,`help_class_id`,`image`,`bigimage`,`create_time`,`sort` FROM `cx_help` WHERE  `help_class_id` = 1  AND `send_status` = 1  AND `is_del` = 1 ORDER BY `create_time` DESC LIMIT 0,10 [ RunTime:0.048000s ]
[ sql ] [ SQL ] SELECT COUNT(id) AS tp_count FROM `cx_help` WHERE  `is_del` = 1  AND `id` = 1 LIMIT 1 [ RunTime:0.051000s ]
[ sql ] [ SQL ] SHOW COLUMNS FROM `cx_config` [ RunTime:0.049000s ]
[ sql ] [ SQL ] SELECT `value` FROM `cx_config` WHERE  `key` = 'helpType' LIMIT 1 [ RunTime:0.048000s ]
[2022-07-26 17:31:30.692] 127.0.0.1 POST www.shizhi.com/api/help/index	[runtime=0.371000s] [reqs=2.70req/s] [memory=3,501.84kb] [file=66]	[ info ] [ LANG ] D:\www\shizhi\api\thinkphp\lang\zh-cn.php
[ info ] [ ROUTE ] array (
  'type' => 'module',
  'module' => 
  array (
    0 => 'api',
    1 => 'help',
    2 => 'index',
  ),
)
[ info ] [ HEADER ] array (
  'content-length' => '169',
  'content-type' => 'multipart/form-data; boundary=--------------------------036498067830698273666337',
  'connection' => 'keep-alive',
  'accept-encoding' => 'gzip, deflate, br',
  'host' => 'www.shizhi.com',
  'accept' => '*/*',
  'user-agent' => 'apifox/1.0.0 (https://www.apifox.cn)',
  'usertoken' => 'MDAwMDAwMDAwMIGEbXY',
  'token' => '3c72970bc0d2064ee7806fad2fb405b625dd5c61',
)
[ info ] [ PARAM ] array (
  'help_class_id' => '1',
)
[ info ] [ DB ] INIT mysql
[ info ] [ RUN ] app\api\controller\Help->index[ D:\www\shizhi\api\app\api\controller\Help.php ]
[ info ] [ LOG ] INIT File	[ sql ] [ DB ] CONNECT:[ UseTime:0.072000s ] mysql:host=112.125.122.16;port=3306;dbname=jujiashizhi;charset=utf8mb4
[ sql ] [ SQL ] SHOW COLUMNS FROM `cx_help` [ RunTime:0.053000s ]
[ sql ] [ SQL ] SELECT `id`,`help_class_id`,`image`,`bigimage`,`create_time`,`sort` FROM `cx_help` WHERE  `help_class_id` = 1  AND `send_status` = 1  AND `is_del` = 1 ORDER BY `create_time` DESC LIMIT 0,10 [ RunTime:0.054000s ]
[ sql ] [ SQL ] SELECT COUNT(id) AS tp_count FROM `cx_help` WHERE  `is_del` = 1  AND `id` = 1 LIMIT 1 [ RunTime:0.057000s ]
[ sql ] [ SQL ] SHOW COLUMNS FROM `cx_config` [ RunTime:0.055000s ]
[ sql ] [ SQL ] SELECT `value` FROM `cx_config` WHERE  `key` = 'helpType' LIMIT 1 [ RunTime:0.050000s ]
[2022-07-26 17:32:16.214] 127.0.0.1 POST www.shizhi.com/api/help/index	[runtime=0.559000s] [reqs=1.79req/s] [memory=3,501.79kb] [file=66]	[ info ] [ LANG ] D:\www\shizhi\api\thinkphp\lang\zh-cn.php
[ info ] [ ROUTE ] array (
  'type' => 'module',
  'module' => 
  array (
    0 => 'api',
    1 => 'help',
    2 => 'index',
  ),
)
[ info ] [ HEADER ] array (
  'content-length' => '169',
  'content-type' => 'multipart/form-data; boundary=--------------------------568750277262267215768311',
  'connection' => 'keep-alive',
  'accept-encoding' => 'gzip, deflate, br',
  'host' => 'www.shizhi.com',
  'accept' => '*/*',
  'user-agent' => 'apifox/1.0.0 (https://www.apifox.cn)',
  'usertoken' => 'MDAwMDAwMDAwMIGEbXY',
  'token' => '3c72970bc0d2064ee7806fad2fb405b625dd5c61',
)
[ info ] [ PARAM ] array (
  'help_class_id' => '1',
)
[ info ] [ DB ] INIT mysql
[ info ] [ RUN ] app\api\controller\Help->index[ D:\www\shizhi\api\app\api\controller\Help.php ]
[ info ] [ LOG ] INIT File	[ sql ] [ DB ] CONNECT:[ UseTime:0.215000s ] mysql:host=112.125.122.16;port=3306;dbname=jujiashizhi;charset=utf8mb4
[ sql ] [ SQL ] SHOW COLUMNS FROM `cx_help` [ RunTime:0.102000s ]
[ sql ] [ SQL ] SELECT `id`,`help_class_id`,`image`,`bigimage`,`create_time`,`sort` FROM `cx_help` WHERE  `help_class_id` = 1  AND `send_status` = 1  AND `is_del` = 1 ORDER BY `create_time` DESC LIMIT 0,10 [ RunTime:0.054000s ]
[ sql ] [ SQL ] SELECT COUNT(id) AS tp_count FROM `cx_help` WHERE  `is_del` = 1  AND `id` = 1 LIMIT 1 [ RunTime:0.043000s ]
[ sql ] [ SQL ] SHOW COLUMNS FROM `cx_config` [ RunTime:0.070000s ]
[ sql ] [ SQL ] SELECT `value` FROM `cx_config` WHERE  `key` = 'helpType' LIMIT 1 [ RunTime:0.036000s ]
[2022-07-26 17:55:45.747] 127.0.0.1 POST www.shizhi.com/api/help/index	[runtime=0.177000s] [reqs=5.65req/s] [memory=3,501.79kb] [file=66]	[ info ] [ LANG ] D:\www\shizhi\api\thinkphp\lang\zh-cn.php
[ info ] [ ROUTE ] array (
  'type' => 'module',
  'module' => 
  array (
    0 => 'api',
    1 => 'help',
    2 => 'index',
  ),
)
[ info ] [ HEADER ] array (
  'content-length' => '169',
  'content-type' => 'multipart/form-data; boundary=--------------------------396187875393173021439321',
  'connection' => 'keep-alive',
  'accept-encoding' => 'gzip, deflate, br',
  'host' => 'www.shizhi.com',
  'accept' => '*/*',
  'user-agent' => 'apifox/1.0.0 (https://www.apifox.cn)',
  'usertoken' => 'MDAwMDAwMDAwMIGEbXY',
  'token' => '3c72970bc0d2064ee7806fad2fb405b625dd5c61',
)
[ info ] [ PARAM ] array (
  'help_class_id' => '1',
)
[ info ] [ DB ] INIT mysql
[ info ] [ RUN ] app\api\controller\Help->index[ D:\www\shizhi\api\app\api\controller\Help.php ]
[ info ] [ LOG ] INIT File	[ sql ] [ DB ] CONNECT:[ UseTime:0.050000s ] mysql:host=112.125.122.16;port=3306;dbname=jujiashizhi;charset=utf8mb4
[ sql ] [ SQL ] SHOW COLUMNS FROM `cx_help` [ RunTime:0.024000s ]
[ sql ] [ SQL ] SELECT `id`,`help_class_id`,`image`,`bigimage`,`create_time`,`sort` FROM `cx_help` WHERE  `help_class_id` = 1  AND `send_status` = 1  AND `is_del` = 1 ORDER BY `create_time` DESC LIMIT 0,10 [ RunTime:0.017000s ]
[ sql ] [ SQL ] SELECT COUNT(id) AS tp_count FROM `cx_help` WHERE  `is_del` = 1  AND `id` = 1 LIMIT 1 [ RunTime:0.017000s ]
[ sql ] [ SQL ] SHOW COLUMNS FROM `cx_config` [ RunTime:0.017000s ]
[ sql ] [ SQL ] SELECT `value` FROM `cx_config` WHERE  `key` = 'helpType' LIMIT 1 [ RunTime:0.015000s ]
[2022-07-26 17:56:53.412] 127.0.0.1 POST www.shizhi.com/api/help/index	[runtime=0.163000s] [reqs=6.13req/s] [memory=3,501.79kb] [file=66]	[ info ] [ LANG ] D:\www\shizhi\api\thinkphp\lang\zh-cn.php
[ info ] [ ROUTE ] array (
  'type' => 'module',
  'module' => 
  array (
    0 => 'api',
    1 => 'help',
    2 => 'index',
  ),
)
[ info ] [ HEADER ] array (
  'content-length' => '169',
  'content-type' => 'multipart/form-data; boundary=--------------------------031370046952683144471812',
  'connection' => 'keep-alive',
  'accept-encoding' => 'gzip, deflate, br',
  'host' => 'www.shizhi.com',
  'accept' => '*/*',
  'user-agent' => 'apifox/1.0.0 (https://www.apifox.cn)',
  'usertoken' => 'MDAwMDAwMDAwMIGEbXY',
  'token' => '3c72970bc0d2064ee7806fad2fb405b625dd5c61',
)
[ info ] [ PARAM ] array (
  'help_class_id' => '1',
)
[ info ] [ DB ] INIT mysql
[ info ] [ RUN ] app\api\controller\Help->index[ D:\www\shizhi\api\app\api\controller\Help.php ]
[ info ] [ LOG ] INIT File	[ sql ] [ DB ] CONNECT:[ UseTime:0.029000s ] mysql:host=112.125.122.16;port=3306;dbname=jujiashizhi;charset=utf8mb4
[ sql ] [ SQL ] SHOW COLUMNS FROM `cx_help` [ RunTime:0.017000s ]
[ sql ] [ SQL ] SELECT `id`,`help_class_id`,`image`,`bigimage`,`create_time`,`sort` FROM `cx_help` WHERE  `help_class_id` = 1  AND `send_status` = 1  AND `is_del` = 1 ORDER BY `create_time` DESC LIMIT 0,10 [ RunTime:0.024000s ]
[ sql ] [ SQL ] SELECT COUNT(id) AS tp_count FROM `cx_help` WHERE  `is_del` = 1  AND `id` = 1 LIMIT 1 [ RunTime:0.016000s ]
[ sql ] [ SQL ] SHOW COLUMNS FROM `cx_config` [ RunTime:0.024000s ]
[ sql ] [ SQL ] SELECT `value` FROM `cx_config` WHERE  `key` = 'helpType' LIMIT 1 [ RunTime:0.020000s ]
[2022-07-26 17:56:57.515] 127.0.0.1 POST www.shizhi.com/api/help/index	[runtime=0.092000s] [reqs=10.87req/s] [memory=3,467.28kb] [file=63]	[ info ] [ LANG ] D:\www\shizhi\api\thinkphp\lang\zh-cn.php
[ info ] [ ROUTE ] array (
  'type' => 'module',
  'module' => 
  array (
    0 => 'api',
    1 => 'help',
    2 => 'index',
  ),
)
[ info ] [ HEADER ] array (
  'content-length' => '170',
  'content-type' => 'multipart/form-data; boundary=--------------------------477692730625938245855258',
  'connection' => 'keep-alive',
  'accept-encoding' => 'gzip, deflate, br',
  'host' => 'www.shizhi.com',
  'accept' => '*/*',
  'user-agent' => 'apifox/1.0.0 (https://www.apifox.cn)',
  'usertoken' => 'MDAwMDAwMDAwMIGEbXY',
  'token' => '3c72970bc0d2064ee7806fad2fb405b625dd5c61',
)
[ info ] [ PARAM ] array (
  'help_class_id' => '12',
)
[ info ] [ DB ] INIT mysql
[ info ] [ RUN ] app\api\controller\Help->index[ D:\www\shizhi\api\app\api\controller\Help.php ]
[ info ] [ LOG ] INIT File	[ sql ] [ DB ] CONNECT:[ UseTime:0.029000s ] mysql:host=112.125.122.16;port=3306;dbname=jujiashizhi;charset=utf8mb4
[ sql ] [ SQL ] SHOW COLUMNS FROM `cx_help` [ RunTime:0.016000s ]
[ sql ] [ SQL ] SELECT `id`,`help_class_id`,`image`,`bigimage`,`create_time`,`sort` FROM `cx_help` WHERE  `help_class_id` = 12  AND `send_status` = 1  AND `is_del` = 1 ORDER BY `create_time` DESC LIMIT 0,10 [ RunTime:0.018000s ]
[2022-07-26 17:57:00.533] 127.0.0.1 POST www.shizhi.com/api/help/index	[runtime=0.115000s] [reqs=8.70req/s] [memory=3,467.28kb] [file=63]	[ info ] [ LANG ] D:\www\shizhi\api\thinkphp\lang\zh-cn.php
[ info ] [ ROUTE ] array (
  'type' => 'module',
  'module' => 
  array (
    0 => 'api',
    1 => 'help',
    2 => 'index',
  ),
)
[ info ] [ HEADER ] array (
  'content-length' => '169',
  'content-type' => 'multipart/form-data; boundary=--------------------------777908408591744021532428',
  'connection' => 'keep-alive',
  'accept-encoding' => 'gzip, deflate, br',
  'host' => 'www.shizhi.com',
  'accept' => '*/*',
  'user-agent' => 'apifox/1.0.0 (https://www.apifox.cn)',
  'usertoken' => 'MDAwMDAwMDAwMIGEbXY',
  'token' => '3c72970bc0d2064ee7806fad2fb405b625dd5c61',
)
[ info ] [ PARAM ] array (
  'help_class_id' => '2',
)
[ info ] [ DB ] INIT mysql
[ info ] [ RUN ] app\api\controller\Help->index[ D:\www\shizhi\api\app\api\controller\Help.php ]
[ info ] [ LOG ] INIT File	[ sql ] [ DB ] CONNECT:[ UseTime:0.024000s ] mysql:host=112.125.122.16;port=3306;dbname=jujiashizhi;charset=utf8mb4
[ sql ] [ SQL ] SHOW COLUMNS FROM `cx_help` [ RunTime:0.016000s ]
[ sql ] [ SQL ] SELECT `id`,`help_class_id`,`image`,`bigimage`,`create_time`,`sort` FROM `cx_help` WHERE  `help_class_id` = 2  AND `send_status` = 1  AND `is_del` = 1 ORDER BY `create_time` DESC LIMIT 0,10 [ RunTime:0.031000s ]
[2022-07-26 17:57:03.383] 127.0.0.1 POST www.shizhi.com/api/help/index	[runtime=0.146000s] [reqs=6.85req/s] [memory=3,501.79kb] [file=66]	[ info ] [ LANG ] D:\www\shizhi\api\thinkphp\lang\zh-cn.php
[ info ] [ ROUTE ] array (
  'type' => 'module',
  'module' => 
  array (
    0 => 'api',
    1 => 'help',
    2 => 'index',
  ),
)
[ info ] [ HEADER ] array (
  'content-length' => '169',
  'content-type' => 'multipart/form-data; boundary=--------------------------067820704421025153776120',
  'connection' => 'keep-alive',
  'accept-encoding' => 'gzip, deflate, br',
  'host' => 'www.shizhi.com',
  'accept' => '*/*',
  'user-agent' => 'apifox/1.0.0 (https://www.apifox.cn)',
  'usertoken' => 'MDAwMDAwMDAwMIGEbXY',
  'token' => '3c72970bc0d2064ee7806fad2fb405b625dd5c61',
)
[ info ] [ PARAM ] array (
  'help_class_id' => '1',
)
[ info ] [ DB ] INIT mysql
[ info ] [ RUN ] app\api\controller\Help->index[ D:\www\shizhi\api\app\api\controller\Help.php ]
[ info ] [ LOG ] INIT File	[ sql ] [ DB ] CONNECT:[ UseTime:0.029000s ] mysql:host=112.125.122.16;port=3306;dbname=jujiashizhi;charset=utf8mb4
[ sql ] [ SQL ] SHOW COLUMNS FROM `cx_help` [ RunTime:0.017000s ]
[ sql ] [ SQL ] SELECT `id`,`help_class_id`,`image`,`bigimage`,`create_time`,`sort` FROM `cx_help` WHERE  `help_class_id` = 1  AND `send_status` = 1  AND `is_del` = 1 ORDER BY `create_time` DESC LIMIT 0,10 [ RunTime:0.014000s ]
[ sql ] [ SQL ] SELECT COUNT(id) AS tp_count FROM `cx_help` WHERE  `is_del` = 1  AND `id` = 1 LIMIT 1 [ RunTime:0.018000s ]
[ sql ] [ SQL ] SHOW COLUMNS FROM `cx_config` [ RunTime:0.014000s ]
[ sql ] [ SQL ] SELECT `value` FROM `cx_config` WHERE  `key` = 'helpType' LIMIT 1 [ RunTime:0.019000s ]
