[2022-07-25 12:12:56.995] 127.0.0.1 POST www.shizhi.com/admin/login/login	[ sql ] [ DB ] CONNECT:[ UseTime:0.034000s ] mysql:host=112.125.122.16;port=3306;dbname=jujiashizhi;charset=utf8mb4	[ error ] [10501]SQLSTATE[42S02]: Base table or view not found: 1146 Table 'jujiashizhi.cx_system_manager' doesn't exist
[2022-07-25 12:14:01.630] 127.0.0.1 POST www.shizhi.com/admin/login/login	[runtime=0.081000s] [reqs=12.35req/s] [memory=3,609.87kb] [file=69]	[ info ] [ LANG ] D:\www\shizhi\api\thinkphp\lang\zh-cn.php
[ info ] [ ROUTE ] array (
  'type' => 'module',
  'module' => 
  array (
    0 => 'admin',
    1 => 'login',
    2 => 'login',
  ),
)
[ info ] [ HEADER ] array (
  'content-length' => '283',
  'content-type' => 'multipart/form-data; boundary=--------------------------425865204806511786095959',
  'connection' => 'keep-alive',
  'accept-encoding' => 'gzip, deflate, br',
  'host' => 'www.shizhi.com',
  'accept' => '*/*',
  'user-agent' => 'apifox/1.0.0 (https://www.apifox.cn)',
  'usertoken' => '',
  'token' => '',
)
[ info ] [ PARAM ] array (
  'user_name' => 'admin',
  'pass_word' => '111111',
)
[ info ] [ RUN ] app\admin\controller\Login->login[ D:\www\shizhi\api\app\admin\controller\Login.php ]
[ info ] [ DB ] INIT mysql
[ info ] [ LOG ] INIT File	[ sql ] [ DB ] CONNECT:[ UseTime:0.030000s ] mysql:host=112.125.122.16;port=3306;dbname=jujiashizhi;charset=utf8mb4	[ error ] [10501]SQLSTATE[42S02]: Base table or view not found: 1146 Table 'jujiashizhi.cx_system_manager' doesn't exist[D:\www\shizhi\api\thinkphp\library\think\db\Connection.php:385]
[2022-07-25 12:15:08.862] 127.0.0.1 POST www.shizhi.com/admin/login/login	[runtime=0.147000s] [reqs=6.80req/s] [memory=3,631.73kb] [file=67]	[ info ] [ LANG ] D:\www\shizhi\api\thinkphp\lang\zh-cn.php
[ info ] [ ROUTE ] array (
  'type' => 'module',
  'module' => 
  array (
    0 => 'admin',
    1 => 'login',
    2 => 'login',
  ),
)
[ info ] [ HEADER ] array (
  'content-length' => '283',
  'content-type' => 'multipart/form-data; boundary=--------------------------290618654301638720520948',
  'connection' => 'keep-alive',
  'accept-encoding' => 'gzip, deflate, br',
  'host' => 'www.shizhi.com',
  'accept' => '*/*',
  'user-agent' => 'apifox/1.0.0 (https://www.apifox.cn)',
  'usertoken' => '',
  'token' => '',
)
[ info ] [ PARAM ] array (
  'user_name' => 'admin',
  'pass_word' => '111111',
)
[ info ] [ RUN ] app\admin\controller\Login->login[ D:\www\shizhi\api\app\admin\controller\Login.php ]
[ info ] [ DB ] INIT mysql
[ info ] [ LOG ] INIT File	[ sql ] [ DB ] CONNECT:[ UseTime:0.028000s ] mysql:host=112.125.122.16;port=3306;dbname=jujiashizhi;charset=utf8mb4
[ sql ] [ SQL ] SHOW COLUMNS FROM `cn_system_manager` [ RunTime:0.017000s ]
[ sql ] [ SQL ] SELECT * FROM `cn_system_manager` WHERE  `username` = 'admin'  AND `password` = 'fd571203974ba9afe270fe62151ae967eca5e0aa'  AND `status` <> 0 LIMIT 1 [ RunTime:0.021000s ]	[ error ] [0]致命错误: Class 'app\common\model\LoginRecord' not found[D:\www\shizhi\api\app\admin\controller\Login.php:41]
[2022-07-25 12:16:12.432] 127.0.0.1 POST www.shizhi.com/admin/login/login	[runtime=0.106000s] [reqs=9.43req/s] [memory=3,629.88kb] [file=70]	[ info ] [ LANG ] D:\www\shizhi\api\thinkphp\lang\zh-cn.php
[ info ] [ ROUTE ] array (
  'type' => 'module',
  'module' => 
  array (
    0 => 'admin',
    1 => 'login',
    2 => 'login',
  ),
)
[ info ] [ HEADER ] array (
  'content-length' => '283',
  'content-type' => 'multipart/form-data; boundary=--------------------------454108253983056803618338',
  'connection' => 'keep-alive',
  'accept-encoding' => 'gzip, deflate, br',
  'host' => 'www.shizhi.com',
  'accept' => '*/*',
  'user-agent' => 'apifox/1.0.0 (https://www.apifox.cn)',
  'usertoken' => '',
  'token' => '',
)
[ info ] [ PARAM ] array (
  'user_name' => 'admin',
  'pass_word' => '111111',
)
[ info ] [ RUN ] app\admin\controller\Login->login[ D:\www\shizhi\api\app\admin\controller\Login.php ]
[ info ] [ DB ] INIT mysql
[ info ] [ LOG ] INIT File	[ sql ] [ DB ] CONNECT:[ UseTime:0.028000s ] mysql:host=112.125.122.16;port=3306;dbname=jujiashizhi;charset=utf8mb4
[ sql ] [ SQL ] SHOW COLUMNS FROM `cn_system_manager` [ RunTime:0.014000s ]
[ sql ] [ SQL ] SELECT * FROM `cn_system_manager` WHERE  `username` = 'admin'  AND `password` = 'fd571203974ba9afe270fe62151ae967eca5e0aa'  AND `status` <> 0 LIMIT 1 [ RunTime:0.016000s ]	[ error ] [10501]SQLSTATE[42S02]: Base table or view not found: 1146 Table 'jujiashizhi.cx_login_record' doesn't exist[D:\www\shizhi\api\thinkphp\library\think\db\Connection.php:385]
[2022-07-25 12:19:53.599] 127.0.0.1 POST www.shizhi.com/admin/login/login	[runtime=0.162000s] [reqs=6.17req/s] [memory=3,609.18kb] [file=67]	[ info ] [ LANG ] D:\www\shizhi\api\thinkphp\lang\zh-cn.php
[ info ] [ ROUTE ] array (
  'type' => 'module',
  'module' => 
  array (
    0 => 'admin',
    1 => 'login',
    2 => 'login',
  ),
)
[ info ] [ HEADER ] array (
  'content-length' => '283',
  'content-type' => 'multipart/form-data; boundary=--------------------------289576614218640047523025',
  'connection' => 'keep-alive',
  'accept-encoding' => 'gzip, deflate, br',
  'host' => 'www.shizhi.com',
  'accept' => '*/*',
  'user-agent' => 'apifox/1.0.0 (https://www.apifox.cn)',
  'usertoken' => '',
  'token' => '',
)
[ info ] [ PARAM ] array (
  'user_name' => 'admin',
  'pass_word' => '111111',
)
[ info ] [ RUN ] app\admin\controller\Login->login[ D:\www\shizhi\api\app\admin\controller\Login.php ]
[ info ] [ DB ] INIT mysql
[ info ] [ LOG ] INIT File	[ sql ] [ DB ] CONNECT:[ UseTime:0.047000s ] mysql:host=112.125.122.16;port=3306;dbname=jujiashizhi;charset=utf8mb4
[ sql ] [ SQL ] SHOW COLUMNS FROM `cx_system_manager` [ RunTime:0.020000s ]
[ sql ] [ SQL ] SELECT * FROM `cx_system_manager` WHERE  `username` = 'admin'  AND `password` = 'fd571203974ba9afe270fe62151ae967eca5e0aa'  AND `status` <> 0 LIMIT 1 [ RunTime:0.019000s ]
[ sql ] [ SQL ] SHOW COLUMNS FROM `cx_login_record` [ RunTime:0.022000s ]
[ sql ] [ SQL ] INSERT INTO `cx_login_record` (`type` , `pid` , `time` , `ip`) VALUES (1 , 1 , 1658722793 , '127.0.0.1') [ RunTime:0.017000s ]	[ error ] [0]类的属性不存在:app\admin\model\SystemManager->pic[D:\www\shizhi\api\thinkphp\library\think\Model.php:626]
[2022-07-25 12:20:25.47] 127.0.0.1 POST www.shizhi.com/admin/login/login	[runtime=0.133000s] [reqs=7.52req/s] [memory=3,609.18kb] [file=67]	[ info ] [ LANG ] D:\www\shizhi\api\thinkphp\lang\zh-cn.php
[ info ] [ ROUTE ] array (
  'type' => 'module',
  'module' => 
  array (
    0 => 'admin',
    1 => 'login',
    2 => 'login',
  ),
)
[ info ] [ HEADER ] array (
  'content-length' => '283',
  'content-type' => 'multipart/form-data; boundary=--------------------------139296234507071131319118',
  'connection' => 'keep-alive',
  'accept-encoding' => 'gzip, deflate, br',
  'host' => 'www.shizhi.com',
  'accept' => '*/*',
  'user-agent' => 'apifox/1.0.0 (https://www.apifox.cn)',
  'usertoken' => '',
  'token' => '',
)
[ info ] [ PARAM ] array (
  'user_name' => 'admin',
  'pass_word' => '111111',
)
[ info ] [ RUN ] app\admin\controller\Login->login[ D:\www\shizhi\api\app\admin\controller\Login.php ]
[ info ] [ DB ] INIT mysql
[ info ] [ LOG ] INIT File	[ sql ] [ DB ] CONNECT:[ UseTime:0.024000s ] mysql:host=112.125.122.16;port=3306;dbname=jujiashizhi;charset=utf8mb4
[ sql ] [ SQL ] SHOW COLUMNS FROM `cx_system_manager` [ RunTime:0.017000s ]
[ sql ] [ SQL ] SELECT * FROM `cx_system_manager` WHERE  `username` = 'admin'  AND `password` = 'fd571203974ba9afe270fe62151ae967eca5e0aa'  AND `status` <> 0 LIMIT 1 [ RunTime:0.023000s ]
[ sql ] [ SQL ] SHOW COLUMNS FROM `cx_login_record` [ RunTime:0.020000s ]
[ sql ] [ SQL ] INSERT INTO `cx_login_record` (`type` , `pid` , `time` , `ip`) VALUES (1 , 1 , 1658722825 , '127.0.0.1') [ RunTime:0.018000s ]	[ error ] [0]类的属性不存在:app\admin\model\SystemManager->pic[D:\www\shizhi\api\thinkphp\library\think\Model.php:626]
[2022-07-25 12:21:31.968] 127.0.0.1 POST www.shizhi.com/admin/login/login	[runtime=0.870000s] [reqs=1.15req/s] [memory=3,609.23kb] [file=67]	[ info ] [ LANG ] D:\www\shizhi\api\thinkphp\lang\zh-cn.php
[ info ] [ ROUTE ] array (
  'type' => 'module',
  'module' => 
  array (
    0 => 'admin',
    1 => 'login',
    2 => 'login',
  ),
)
[ info ] [ HEADER ] array (
  'content-length' => '283',
  'content-type' => 'multipart/form-data; boundary=--------------------------348195536313376411340155',
  'connection' => 'keep-alive',
  'accept-encoding' => 'gzip, deflate, br',
  'host' => 'www.shizhi.com',
  'accept' => '*/*',
  'user-agent' => 'apifox/1.0.0 (https://www.apifox.cn)',
  'usertoken' => '',
  'token' => '',
)
[ info ] [ PARAM ] array (
  'user_name' => 'admin',
  'pass_word' => '111111',
)
[ info ] [ RUN ] app\admin\controller\Login->login[ D:\www\shizhi\api\app\admin\controller\Login.php ]
[ info ] [ DB ] INIT mysql
[ info ] [ LOG ] INIT File	[ sql ] [ DB ] CONNECT:[ UseTime:0.701000s ] mysql:host=112.125.122.16;port=3306;dbname=jujiashizhi;charset=utf8mb4
[ sql ] [ SQL ] SHOW COLUMNS FROM `cx_system_manager` [ RunTime:0.071000s ]
[ sql ] [ SQL ] SELECT * FROM `cx_system_manager` WHERE  `username` = 'admin'  AND `password` = 'fd571203974ba9afe270fe62151ae967eca5e0aa'  AND `status` <> 0 LIMIT 1 [ RunTime:0.022000s ]
[ sql ] [ SQL ] SHOW COLUMNS FROM `cx_login_record` [ RunTime:0.021000s ]
[ sql ] [ SQL ] INSERT INTO `cx_login_record` (`type` , `pid` , `time` , `ip`) VALUES (1 , 1 , 1658722891 , '127.0.0.1') [ RunTime:0.022000s ]	[ error ] [0]类的属性不存在:app\admin\model\SystemManager->pic[D:\www\shizhi\api\thinkphp\library\think\Model.php:626]
[2022-07-25 12:21:52.950] 127.0.0.1 POST www.shizhi.com/admin/login/login	[runtime=0.209000s] [reqs=4.78req/s] [memory=3,613.23kb] [file=67]	[ info ] [ LANG ] D:\www\shizhi\api\thinkphp\lang\zh-cn.php
[ info ] [ ROUTE ] array (
  'type' => 'module',
  'module' => 
  array (
    0 => 'admin',
    1 => 'login',
    2 => 'login',
  ),
)
[ info ] [ HEADER ] array (
  'content-length' => '283',
  'content-type' => 'multipart/form-data; boundary=--------------------------169905443666205379019074',
  'connection' => 'keep-alive',
  'accept-encoding' => 'gzip, deflate, br',
  'host' => 'www.shizhi.com',
  'accept' => '*/*',
  'user-agent' => 'apifox/1.0.0 (https://www.apifox.cn)',
  'usertoken' => '',
  'token' => '',
)
[ info ] [ PARAM ] array (
  'user_name' => 'admin',
  'pass_word' => '111111',
)
[ info ] [ RUN ] app\admin\controller\Login->login[ D:\www\shizhi\api\app\admin\controller\Login.php ]
[ info ] [ DB ] INIT mysql
[ info ] [ LOG ] INIT File	[ sql ] [ DB ] CONNECT:[ UseTime:0.068000s ] mysql:host=112.125.122.16;port=3306;dbname=jujiashizhi;charset=utf8mb4
[ sql ] [ SQL ] SHOW COLUMNS FROM `cx_system_manager` [ RunTime:0.024000s ]
[ sql ] [ SQL ] SELECT * FROM `cx_system_manager` WHERE  `username` = 'admin'  AND `password` = 'fd571203974ba9afe270fe62151ae967eca5e0aa'  AND `status` <> 0 LIMIT 1 [ RunTime:0.018000s ]
[ sql ] [ SQL ] SHOW COLUMNS FROM `cx_login_record` [ RunTime:0.050000s ]
[ sql ] [ SQL ] INSERT INTO `cx_login_record` (`type` , `pid` , `time` , `ip`) VALUES (1 , 1 , 1658722912 , '127.0.0.1') [ RunTime:0.019000s ]	[ error ] [0]类的属性不存在:app\admin\model\SystemManager->pic[D:\www\shizhi\api\thinkphp\library\think\Model.php:626]
[2022-07-25 12:22:18.702] 127.0.0.1 POST www.shizhi.com/admin/login/login	[runtime=0.026000s] [reqs=38.46req/s] [memory=2,230.15kb] [file=52]	[ info ] [ LANG ] D:\www\shizhi\api\thinkphp\lang\zh-cn.php
[ info ] [ ROUTE ] array (
  'type' => 'module',
  'module' => 
  array (
    0 => 'admin',
    1 => 'login',
    2 => 'login',
  ),
)
[ info ] [ HEADER ] array (
  'content-length' => '283',
  'content-type' => 'multipart/form-data; boundary=--------------------------884560341660955088665779',
  'connection' => 'keep-alive',
  'accept-encoding' => 'gzip, deflate, br',
  'host' => 'www.shizhi.com',
  'accept' => '*/*',
  'user-agent' => 'apifox/1.0.0 (https://www.apifox.cn)',
  'usertoken' => '',
  'token' => '',
)
[ info ] [ PARAM ] array (
  'user_name' => 'admin',
  'pass_word' => '111111',
)
[ info ] [ LOG ] INIT File
[2022-07-25 12:23:12.733] 127.0.0.1 POST www.shizhi.com/admin/login/login	[runtime=1.348000s] [reqs=0.74req/s] [memory=3,609.18kb] [file=67]	[ info ] [ LANG ] D:\www\shizhi\api\thinkphp\lang\zh-cn.php
[ info ] [ ROUTE ] array (
  'type' => 'module',
  'module' => 
  array (
    0 => 'admin',
    1 => 'login',
    2 => 'login',
  ),
)
[ info ] [ HEADER ] array (
  'content-length' => '283',
  'content-type' => 'multipart/form-data; boundary=--------------------------286675705479135286936873',
  'connection' => 'keep-alive',
  'accept-encoding' => 'gzip, deflate, br',
  'host' => 'www.shizhi.com',
  'accept' => '*/*',
  'user-agent' => 'apifox/1.0.0 (https://www.apifox.cn)',
  'usertoken' => '',
  'token' => '',
)
[ info ] [ PARAM ] array (
  'user_name' => 'admin',
  'pass_word' => '111111',
)
[ info ] [ RUN ] app\admin\controller\Login->login[ D:\www\shizhi\api\app\admin\controller\Login.php ]
[ info ] [ DB ] INIT mysql
[ info ] [ LOG ] INIT File	[ sql ] [ DB ] CONNECT:[ UseTime:1.228000s ] mysql:host=112.125.122.16;port=3306;dbname=jujiashizhi;charset=utf8mb4
[ sql ] [ SQL ] SHOW COLUMNS FROM `cx_system_manager` [ RunTime:0.020000s ]
[ sql ] [ SQL ] SELECT * FROM `cx_system_manager` WHERE  `username` = 'admin'  AND `password` = 'fd571203974ba9afe270fe62151ae967eca5e0aa'  AND `status` <> 0 LIMIT 1 [ RunTime:0.020000s ]
[ sql ] [ SQL ] SHOW COLUMNS FROM `cx_login_record` [ RunTime:0.030000s ]
[ sql ] [ SQL ] INSERT INTO `cx_login_record` (`type` , `pid` , `time` , `ip`) VALUES (1 , 1 , 1658722992 , '127.0.0.1') [ RunTime:0.019000s ]	[ error ] [0]类的属性不存在:app\admin\model\SystemManager->pic[D:\www\shizhi\api\thinkphp\library\think\Model.php:626]
[2022-07-25 12:24:37.966] 127.0.0.1 POST www.shizhi.com/admin/login/login	[runtime=0.024000s] [reqs=41.67req/s] [memory=2,226.16kb] [file=52]	[ info ] [ LANG ] D:\www\shizhi\api\thinkphp\lang\zh-cn.php
[ info ] [ ROUTE ] array (
  'type' => 'module',
  'module' => 
  array (
    0 => 'admin',
    1 => 'login',
    2 => 'login',
  ),
)
[ info ] [ HEADER ] array (
  'content-length' => '283',
  'content-type' => 'multipart/form-data; boundary=--------------------------723546234701546376538807',
  'connection' => 'keep-alive',
  'accept-encoding' => 'gzip, deflate, br',
  'host' => 'www.shizhi.com',
  'accept' => '*/*',
  'user-agent' => 'apifox/1.0.0 (https://www.apifox.cn)',
  'usertoken' => '',
  'token' => '',
)
[ info ] [ PARAM ] array (
  'user_name' => 'admin',
  'pass_word' => '111111',
)
[ info ] [ LOG ] INIT File
[2022-07-25 12:25:10.103] 127.0.0.1 POST www.shizhi.com/admin/login/login	[runtime=0.021000s] [reqs=47.62req/s] [memory=2,230.16kb] [file=52]	[ info ] [ LANG ] D:\www\shizhi\api\thinkphp\lang\zh-cn.php
[ info ] [ ROUTE ] array (
  'type' => 'module',
  'module' => 
  array (
    0 => 'admin',
    1 => 'login',
    2 => 'login',
  ),
)
[ info ] [ HEADER ] array (
  'content-length' => '283',
  'content-type' => 'multipart/form-data; boundary=--------------------------910155458549529032828600',
  'connection' => 'keep-alive',
  'accept-encoding' => 'gzip, deflate, br',
  'host' => 'www.shizhi.com',
  'accept' => '*/*',
  'user-agent' => 'apifox/1.0.0 (https://www.apifox.cn)',
  'usertoken' => '',
  'token' => '',
)
[ info ] [ PARAM ] array (
  'user_name' => 'admin',
  'pass_word' => '111111',
)
[ info ] [ LOG ] INIT File
[2022-07-25 12:25:27.239] 127.0.0.1 POST www.shizhi.com/admin/login/login	[runtime=0.021000s] [reqs=47.62req/s] [memory=2,254.79kb] [file=53]	[ info ] [ LANG ] D:\www\shizhi\api\thinkphp\lang\zh-cn.php
[ info ] [ ROUTE ] array (
  'type' => 'module',
  'module' => 
  array (
    0 => 'admin',
    1 => 'login',
    2 => 'login',
  ),
)
[ info ] [ HEADER ] array (
  'content-length' => '283',
  'content-type' => 'multipart/form-data; boundary=--------------------------951682702340185479710910',
  'connection' => 'keep-alive',
  'accept-encoding' => 'gzip, deflate, br',
  'host' => 'www.shizhi.com',
  'accept' => '*/*',
  'user-agent' => 'apifox/1.0.0 (https://www.apifox.cn)',
  'usertoken' => '',
  'token' => '',
)
[ info ] [ PARAM ] array (
  'user_name' => 'admin',
  'pass_word' => '111111',
)
[ info ] [ LOG ] INIT File
[2022-07-25 12:26:00.553] 127.0.0.1 POST www.shizhi.com/admin/login/login	[runtime=0.147000s] [reqs=6.80req/s] [memory=3,613.23kb] [file=67]	[ info ] [ LANG ] D:\www\shizhi\api\thinkphp\lang\zh-cn.php
[ info ] [ ROUTE ] array (
  'type' => 'module',
  'module' => 
  array (
    0 => 'admin',
    1 => 'login',
    2 => 'login',
  ),
)
[ info ] [ HEADER ] array (
  'content-length' => '283',
  'content-type' => 'multipart/form-data; boundary=--------------------------226078885920830416383208',
  'connection' => 'keep-alive',
  'accept-encoding' => 'gzip, deflate, br',
  'host' => 'www.shizhi.com',
  'accept' => '*/*',
  'user-agent' => 'apifox/1.0.0 (https://www.apifox.cn)',
  'usertoken' => '',
  'token' => '',
)
[ info ] [ PARAM ] array (
  'user_name' => 'admin',
  'pass_word' => '111111',
)
[ info ] [ RUN ] app\admin\controller\Login->login[ D:\www\shizhi\api\app\admin\controller\Login.php ]
[ info ] [ DB ] INIT mysql
[ info ] [ LOG ] INIT File	[ sql ] [ DB ] CONNECT:[ UseTime:0.034000s ] mysql:host=112.125.122.16;port=3306;dbname=jujiashizhi;charset=utf8mb4
[ sql ] [ SQL ] SHOW COLUMNS FROM `cx_system_manager` [ RunTime:0.018000s ]
[ sql ] [ SQL ] SELECT * FROM `cx_system_manager` WHERE  `username` = 'admin'  AND `password` = 'fd571203974ba9afe270fe62151ae967eca5e0aa'  AND `status` <> 0 LIMIT 1 [ RunTime:0.021000s ]
[ sql ] [ SQL ] SHOW COLUMNS FROM `cx_login_record` [ RunTime:0.018000s ]
[ sql ] [ SQL ] INSERT INTO `cx_login_record` (`type` , `pid` , `time` , `ip`) VALUES (1 , 1 , 1658723160 , '127.0.0.1') [ RunTime:0.021000s ]	[ error ] [0]类的属性不存在:app\admin\model\SystemManager->pic[D:\www\shizhi\api\thinkphp\library\think\Model.php:626]
[2022-07-25 12:26:16.828] 127.0.0.1 POST www.shizhi.com/admin/login/login	[runtime=0.045000s] [reqs=22.22req/s] [memory=2,340.98kb] [file=59]	[ info ] [ LANG ] D:\www\shizhi\api\thinkphp\lang\zh-cn.php
[ info ] [ ROUTE ] array (
  'type' => 'module',
  'module' => 
  array (
    0 => 'admin',
    1 => 'login',
    2 => 'login',
  ),
)
[ info ] [ HEADER ] array (
  'content-length' => '283',
  'content-type' => 'multipart/form-data; boundary=--------------------------227639403979477836234288',
  'connection' => 'keep-alive',
  'accept-encoding' => 'gzip, deflate, br',
  'host' => 'www.shizhi.com',
  'accept' => '*/*',
  'user-agent' => 'apifox/1.0.0 (https://www.apifox.cn)',
  'usertoken' => '',
  'token' => '',
)
[ info ] [ PARAM ] array (
  'user_name' => 'admin',
  'pass_word' => '111111',
)
[ info ] [ LOG ] INIT File	[ error ] [8]未定义变量: array_action[D:\www\shizhi\api\app\admin\controller\Basic.php:38]
[2022-07-25 12:26:27.507] 127.0.0.1 POST www.shizhi.com/admin/login/login	[runtime=0.020000s] [reqs=50.00req/s] [memory=2,254.33kb] [file=53]	[ info ] [ LANG ] D:\www\shizhi\api\thinkphp\lang\zh-cn.php
[ info ] [ ROUTE ] array (
  'type' => 'module',
  'module' => 
  array (
    0 => 'admin',
    1 => 'login',
    2 => 'login',
  ),
)
[ info ] [ HEADER ] array (
  'content-length' => '283',
  'content-type' => 'multipart/form-data; boundary=--------------------------618016521695271521452130',
  'connection' => 'keep-alive',
  'accept-encoding' => 'gzip, deflate, br',
  'host' => 'www.shizhi.com',
  'accept' => '*/*',
  'user-agent' => 'apifox/1.0.0 (https://www.apifox.cn)',
  'usertoken' => '',
  'token' => '',
)
[ info ] [ PARAM ] array (
  'user_name' => 'admin',
  'pass_word' => '111111',
)
[ info ] [ LOG ] INIT File
[2022-07-25 12:26:46.1] 127.0.0.1 POST www.shizhi.com/admin/login/login	[runtime=0.612000s] [reqs=1.63req/s] [memory=3,613.23kb] [file=67]	[ info ] [ LANG ] D:\www\shizhi\api\thinkphp\lang\zh-cn.php
[ info ] [ ROUTE ] array (
  'type' => 'module',
  'module' => 
  array (
    0 => 'admin',
    1 => 'login',
    2 => 'login',
  ),
)
[ info ] [ HEADER ] array (
  'content-length' => '283',
  'content-type' => 'multipart/form-data; boundary=--------------------------155609560917887725722810',
  'connection' => 'keep-alive',
  'accept-encoding' => 'gzip, deflate, br',
  'host' => 'www.shizhi.com',
  'accept' => '*/*',
  'user-agent' => 'apifox/1.0.0 (https://www.apifox.cn)',
  'usertoken' => '',
  'token' => '',
)
[ info ] [ PARAM ] array (
  'user_name' => 'admin',
  'pass_word' => '111111',
)
[ info ] [ RUN ] app\admin\controller\Login->login[ D:\www\shizhi\api\app\admin\controller\Login.php ]
[ info ] [ DB ] INIT mysql
[ info ] [ LOG ] INIT File	[ sql ] [ DB ] CONNECT:[ UseTime:0.028000s ] mysql:host=112.125.122.16;port=3306;dbname=jujiashizhi;charset=utf8mb4
[ sql ] [ SQL ] SHOW COLUMNS FROM `cx_system_manager` [ RunTime:0.478000s ]
[ sql ] [ SQL ] SELECT * FROM `cx_system_manager` WHERE  `username` = 'admin'  AND `password` = 'fd571203974ba9afe270fe62151ae967eca5e0aa'  AND `status` <> 0 LIMIT 1 [ RunTime:0.023000s ]
[ sql ] [ SQL ] SHOW COLUMNS FROM `cx_login_record` [ RunTime:0.017000s ]
[ sql ] [ SQL ] INSERT INTO `cx_login_record` (`type` , `pid` , `time` , `ip`) VALUES (1 , 1 , 1658723205 , '127.0.0.1') [ RunTime:0.021000s ]	[ error ] [0]类的属性不存在:app\admin\model\SystemManager->pic[D:\www\shizhi\api\thinkphp\library\think\Model.php:626]
[2022-07-25 13:55:12.712] 127.0.0.1 POST www.shizhi.com/admin/login/login	[runtime=0.129000s] [reqs=7.75req/s] [memory=3,616.08kb] [file=68]	[ info ] [ LANG ] D:\www\shizhi\api\thinkphp\lang\zh-cn.php
[ info ] [ ROUTE ] array (
  'type' => 'module',
  'module' => 
  array (
    0 => 'admin',
    1 => 'login',
    2 => 'login',
  ),
)
[ info ] [ HEADER ] array (
  'content-length' => '283',
  'content-type' => 'multipart/form-data; boundary=--------------------------119099938786063578065064',
  'connection' => 'keep-alive',
  'accept-encoding' => 'gzip, deflate, br',
  'host' => 'www.shizhi.com',
  'accept' => '*/*',
  'user-agent' => 'apifox/1.0.0 (https://www.apifox.cn)',
  'usertoken' => '',
  'token' => '',
)
[ info ] [ PARAM ] array (
  'user_name' => 'admin',
  'pass_word' => '111111',
)
[ info ] [ RUN ] app\admin\controller\Login->login[ D:\www\shizhi\api\app\admin\controller\Login.php ]
[ info ] [ DB ] INIT mysql
[ info ] [ LOG ] INIT File	[ sql ] [ DB ] CONNECT:[ UseTime:0.022000s ] mysql:host=112.125.122.16;port=3306;dbname=jujiashizhi;charset=utf8mb4
[ sql ] [ SQL ] SHOW COLUMNS FROM `cx_system_manager` [ RunTime:0.015000s ]
[ sql ] [ SQL ] SELECT * FROM `cx_system_manager` WHERE  `username` = 'admin'  AND `password` = 'fd571203974ba9afe270fe62151ae967eca5e0aa'  AND `status` <> 0 LIMIT 1 [ RunTime:0.019000s ]
[ sql ] [ SQL ] SHOW COLUMNS FROM `cx_login_record` [ RunTime:0.014000s ]
[ sql ] [ SQL ] INSERT INTO `cx_login_record` (`type` , `pid` , `time` , `ip`) VALUES (1 , 1 , 1658728512 , '127.0.0.1') [ RunTime:0.016000s ]	[ error ] [0]数据表字段不存在:[token_exp_time][D:\www\shizhi\api\thinkphp\library\think\db\Builder.php:115]
[2022-07-25 13:56:42.567] 127.0.0.1 POST www.shizhi.com/admin/login/login	[runtime=0.126000s] [reqs=7.94req/s] [memory=3,620.09kb] [file=69]	[ info ] [ LANG ] D:\www\shizhi\api\thinkphp\lang\zh-cn.php
[ info ] [ ROUTE ] array (
  'type' => 'module',
  'module' => 
  array (
    0 => 'admin',
    1 => 'login',
    2 => 'login',
  ),
)
[ info ] [ HEADER ] array (
  'content-length' => '283',
  'content-type' => 'multipart/form-data; boundary=--------------------------972506291743645152353237',
  'connection' => 'keep-alive',
  'accept-encoding' => 'gzip, deflate, br',
  'host' => 'www.shizhi.com',
  'accept' => '*/*',
  'user-agent' => 'apifox/1.0.0 (https://www.apifox.cn)',
  'usertoken' => '',
  'token' => '',
)
[ info ] [ PARAM ] array (
  'user_name' => 'admin',
  'pass_word' => '111111',
)
[ info ] [ RUN ] app\admin\controller\Login->login[ D:\www\shizhi\api\app\admin\controller\Login.php ]
[ info ] [ DB ] INIT mysql
[ info ] [ LOG ] INIT File	[ sql ] [ DB ] CONNECT:[ UseTime:0.031000s ] mysql:host=112.125.122.16;port=3306;dbname=jujiashizhi;charset=utf8mb4
[ sql ] [ SQL ] SHOW COLUMNS FROM `cx_system_manager` [ RunTime:0.019000s ]
[ sql ] [ SQL ] SELECT * FROM `cx_system_manager` WHERE  `username` = 'admin'  AND `password` = 'fd571203974ba9afe270fe62151ae967eca5e0aa'  AND `status` <> 0 LIMIT 1 [ RunTime:0.012000s ]
[ sql ] [ SQL ] SHOW COLUMNS FROM `cx_login_record` [ RunTime:0.015000s ]
[ sql ] [ SQL ] INSERT INTO `cx_login_record` (`type` , `pid` , `time` , `ip`) VALUES (1 , 1 , 1658728602 , '127.0.0.1') [ RunTime:0.017000s ]	[ error ] [8]未定义数组索引: token_exp_time[D:\www\shizhi\api\app\admin\controller\Login.php:54]
[2022-07-25 13:57:07.198] 127.0.0.1 POST www.shizhi.com/admin/login/login	[runtime=0.151000s] [reqs=6.62req/s] [memory=3,617.27kb] [file=68]	[ info ] [ LANG ] D:\www\shizhi\api\thinkphp\lang\zh-cn.php
[ info ] [ ROUTE ] array (
  'type' => 'module',
  'module' => 
  array (
    0 => 'admin',
    1 => 'login',
    2 => 'login',
  ),
)
[ info ] [ HEADER ] array (
  'content-length' => '283',
  'content-type' => 'multipart/form-data; boundary=--------------------------565884305758093262638934',
  'connection' => 'keep-alive',
  'accept-encoding' => 'gzip, deflate, br',
  'host' => 'www.shizhi.com',
  'accept' => '*/*',
  'user-agent' => 'apifox/1.0.0 (https://www.apifox.cn)',
  'usertoken' => '',
  'token' => '',
)
[ info ] [ PARAM ] array (
  'user_name' => 'admin',
  'pass_word' => '111111',
)
[ info ] [ RUN ] app\admin\controller\Login->login[ D:\www\shizhi\api\app\admin\controller\Login.php ]
[ info ] [ DB ] INIT mysql
[ info ] [ LOG ] INIT File	[ sql ] [ DB ] CONNECT:[ UseTime:0.030000s ] mysql:host=112.125.122.16;port=3306;dbname=jujiashizhi;charset=utf8mb4
[ sql ] [ SQL ] SHOW COLUMNS FROM `cx_system_manager` [ RunTime:0.024000s ]
[ sql ] [ SQL ] SELECT * FROM `cx_system_manager` WHERE  `username` = 'admin'  AND `password` = 'fd571203974ba9afe270fe62151ae967eca5e0aa'  AND `status` <> 0 LIMIT 1 [ RunTime:0.019000s ]
[ sql ] [ SQL ] SHOW COLUMNS FROM `cx_login_record` [ RunTime:0.029000s ]
[ sql ] [ SQL ] INSERT INTO `cx_login_record` (`type` , `pid` , `time` , `ip`) VALUES (1 , 1 , 1658728627 , '127.0.0.1') [ RunTime:0.019000s ]	[ error ] [0]数据表字段不存在:[login_time][D:\www\shizhi\api\thinkphp\library\think\db\Builder.php:115]
[2022-07-25 13:58:09.882] 127.0.0.1 POST www.shizhi.com/admin/login/login	[runtime=0.159000s] [reqs=6.29req/s] [memory=3,441.55kb] [file=62]	[ info ] [ LANG ] D:\www\shizhi\api\thinkphp\lang\zh-cn.php
[ info ] [ ROUTE ] array (
  'type' => 'module',
  'module' => 
  array (
    0 => 'admin',
    1 => 'login',
    2 => 'login',
  ),
)
[ info ] [ HEADER ] array (
  'content-length' => '283',
  'content-type' => 'multipart/form-data; boundary=--------------------------159816444899756364840538',
  'connection' => 'keep-alive',
  'accept-encoding' => 'gzip, deflate, br',
  'host' => 'www.shizhi.com',
  'accept' => '*/*',
  'user-agent' => 'apifox/1.0.0 (https://www.apifox.cn)',
  'usertoken' => '',
  'token' => '',
)
[ info ] [ PARAM ] array (
  'user_name' => 'admin',
  'pass_word' => '111111',
)
[ info ] [ RUN ] app\admin\controller\Login->login[ D:\www\shizhi\api\app\admin\controller\Login.php ]
[ info ] [ DB ] INIT mysql
[ info ] [ LOG ] INIT File	[ sql ] [ DB ] CONNECT:[ UseTime:0.025000s ] mysql:host=112.125.122.16;port=3306;dbname=jujiashizhi;charset=utf8mb4
[ sql ] [ SQL ] SHOW COLUMNS FROM `cx_system_manager` [ RunTime:0.018000s ]
[ sql ] [ SQL ] SELECT * FROM `cx_system_manager` WHERE  `username` = 'admin'  AND `password` = 'fd571203974ba9afe270fe62151ae967eca5e0aa'  AND `status` <> 0 LIMIT 1 [ RunTime:0.019000s ]
[ sql ] [ SQL ] SHOW COLUMNS FROM `cx_login_record` [ RunTime:0.027000s ]
[ sql ] [ SQL ] INSERT INTO `cx_login_record` (`type` , `pid` , `time` , `ip`) VALUES (1 , 1 , 1658728689 , '127.0.0.1') [ RunTime:0.017000s ]
[ sql ] [ SQL ] UPDATE `cx_system_manager`  SET `token_exp_time`=1658734689,`token`='3c72970bc0d2064ee7806fad2fb405b625dd5c61',`login_time`=1658728689  WHERE  `username` = 'admin'  AND `password` = 'fd571203974ba9afe270fe62151ae967eca5e0aa'  AND `status` <> 0 [ RunTime:0.021000s ]
[2022-07-25 14:17:30.273] 127.0.0.1 GET www.shizhi.com/admin/help/index	[runtime=0.025000s] [reqs=40.00req/s] [memory=2,113.98kb] [file=53]	[ info ] [ LANG ] D:\www\shizhi\api\thinkphp\lang\zh-cn.php
[ info ] [ ROUTE ] array (
  'type' => 'module',
  'module' => 
  array (
    0 => 'admin',
    1 => 'help',
    2 => 'index',
  ),
)
[ info ] [ HEADER ] array (
  'content-length' => '266',
  'content-type' => 'multipart/form-data; boundary=--------------------------825632050991174626603900',
  'connection' => 'keep-alive',
  'accept-encoding' => 'gzip, deflate, br',
  'host' => 'www.shizhi.com',
  'accept' => '*/*',
  'user-agent' => 'apifox/1.0.0 (https://www.apifox.cn)',
  'usertoken' => 'MDAwMDAwMDAwMIGEbXY',
  'token' => '3c72970bc0d2064ee7806fad2fb405b625dd5c61',
)
[ info ] [ PARAM ] array (
)
[ info ] [ LOG ] INIT File	[ error ] [0]Class app\admin\controller\Request does not exist[D:\www\shizhi\api\thinkphp\library\think\App.php:403]
[2022-07-25 14:18:01.80] 127.0.0.1 GET www.shizhi.com/admin/help/index	[runtime=0.033000s] [reqs=30.30req/s] [memory=3,325.40kb] [file=62]	[ info ] [ LANG ] D:\www\shizhi\api\thinkphp\lang\zh-cn.php
[ info ] [ ROUTE ] array (
  'type' => 'module',
  'module' => 
  array (
    0 => 'admin',
    1 => 'help',
    2 => 'index',
  ),
)
[ info ] [ HEADER ] array (
  'content-length' => '266',
  'content-type' => 'multipart/form-data; boundary=--------------------------720791181491674290783980',
  'connection' => 'keep-alive',
  'accept-encoding' => 'gzip, deflate, br',
  'host' => 'www.shizhi.com',
  'accept' => '*/*',
  'user-agent' => 'apifox/1.0.0 (https://www.apifox.cn)',
  'usertoken' => 'MDAwMDAwMDAwMIGEbXY',
  'token' => '3c72970bc0d2064ee7806fad2fb405b625dd5c61',
)
[ info ] [ PARAM ] array (
)
[ info ] [ DB ] INIT mysql
[ info ] [ LOG ] INIT File
[2022-07-25 14:19:03.388] 127.0.0.1 GET www.shizhi.com/admin/help/index	[runtime=0.031000s] [reqs=32.26req/s] [memory=3,349.77kb] [file=63]	[ info ] [ LANG ] D:\www\shizhi\api\thinkphp\lang\zh-cn.php
[ info ] [ ROUTE ] array (
  'type' => 'module',
  'module' => 
  array (
    0 => 'admin',
    1 => 'help',
    2 => 'index',
  ),
)
[ info ] [ HEADER ] array (
  'content-length' => '266',
  'content-type' => 'multipart/form-data; boundary=--------------------------147625595262104519821202',
  'connection' => 'keep-alive',
  'accept-encoding' => 'gzip, deflate, br',
  'host' => 'www.shizhi.com',
  'accept' => '*/*',
  'user-agent' => 'apifox/1.0.0 (https://www.apifox.cn)',
  'usertoken' => 'MDAwMDAwMDAwMIGEbXY',
  'token' => '3c72970bc0d2064ee7806fad2fb405b625dd5c61',
)
[ info ] [ PARAM ] array (
)
[ info ] [ DB ] INIT mysql
[ info ] [ LOG ] INIT File
[2022-07-25 14:19:24.704] 127.0.0.1 GET www.shizhi.com/admin/help/index	[runtime=0.097000s] [reqs=10.31req/s] [memory=3,654.83kb] [file=71]	[ info ] [ LANG ] D:\www\shizhi\api\thinkphp\lang\zh-cn.php
[ info ] [ ROUTE ] array (
  'type' => 'module',
  'module' => 
  array (
    0 => 'admin',
    1 => 'help',
    2 => 'index',
  ),
)
[ info ] [ HEADER ] array (
  'content-length' => '266',
  'content-type' => 'multipart/form-data; boundary=--------------------------550771458044571863163277',
  'connection' => 'keep-alive',
  'accept-encoding' => 'gzip, deflate, br',
  'host' => 'www.shizhi.com',
  'accept' => '*/*',
  'user-agent' => 'apifox/1.0.0 (https://www.apifox.cn)',
  'usertoken' => 'MDAwMDAwMDAwMIGEbXY',
  'token' => '3c72970bc0d2064ee7806fad2fb405b625dd5c61',
)
[ info ] [ PARAM ] array (
)
[ info ] [ DB ] INIT mysql
[ info ] [ LOG ] INIT File	[ sql ] [ DB ] CONNECT:[ UseTime:0.024000s ] mysql:host=112.125.122.16;port=3306;dbname=jujiashizhi;charset=utf8mb4
[ sql ] [ SQL ] SHOW COLUMNS FROM `cx_system_manager` [ RunTime:0.018000s ]
[ sql ] [ SQL ] SELECT * FROM `cx_system_manager` WHERE  `token` = '3c72970bc0d2064ee7806fad2fb405b625dd5c61'  AND `id` = 1 LIMIT 1 [ RunTime:0.019000s ]	[ error ] [8]Trying to get property '{"id":1,"role_id":"1","identity":1,"username":"admin","truename":"admin","password":"fd571203974ba9afe270fe62151ae967eca5e0aa","mobile":"15210148389","register_time":1445673993,"token":"3c72970bc0d2064ee7806fad2fb405b625dd5c61","token_exp_time":1658734689,"register_ip":"127.0.0.1","login_time":1658728689,"status":1,"pic":null}' of non-object[D:\www\shizhi\api\app\admin\controller\Basic.php:45]
[2022-07-25 14:19:45.537] 127.0.0.1 GET www.shizhi.com/admin/help/index	[runtime=0.111000s] [reqs=9.01req/s] [memory=3,654.83kb] [file=71]	[ info ] [ LANG ] D:\www\shizhi\api\thinkphp\lang\zh-cn.php
[ info ] [ ROUTE ] array (
  'type' => 'module',
  'module' => 
  array (
    0 => 'admin',
    1 => 'help',
    2 => 'index',
  ),
)
[ info ] [ HEADER ] array (
  'content-length' => '266',
  'content-type' => 'multipart/form-data; boundary=--------------------------032987289334465495089566',
  'connection' => 'keep-alive',
  'accept-encoding' => 'gzip, deflate, br',
  'host' => 'www.shizhi.com',
  'accept' => '*/*',
  'user-agent' => 'apifox/1.0.0 (https://www.apifox.cn)',
  'usertoken' => 'MDAwMDAwMDAwMIGEbXY',
  'token' => '3c72970bc0d2064ee7806fad2fb405b625dd5c61',
)
[ info ] [ PARAM ] array (
)
[ info ] [ DB ] INIT mysql
[ info ] [ LOG ] INIT File	[ sql ] [ DB ] CONNECT:[ UseTime:0.030000s ] mysql:host=112.125.122.16;port=3306;dbname=jujiashizhi;charset=utf8mb4
[ sql ] [ SQL ] SHOW COLUMNS FROM `cx_system_manager` [ RunTime:0.021000s ]
[ sql ] [ SQL ] SELECT * FROM `cx_system_manager` WHERE  `token` = '3c72970bc0d2064ee7806fad2fb405b625dd5c61'  AND `id` = 1 LIMIT 1 [ RunTime:0.024000s ]	[ error ] [8]Trying to get property '{"id":1,"role_id":"1","identity":1,"username":"admin","truename":"admin","password":"fd571203974ba9afe270fe62151ae967eca5e0aa","mobile":"15210148389","register_time":1445673993,"token":"3c72970bc0d2064ee7806fad2fb405b625dd5c61","token_exp_time":1658734689,"register_ip":"127.0.0.1","login_time":1658728689,"status":1,"pic":null}' of non-object[D:\www\shizhi\api\app\admin\controller\Basic.php:45]
[2022-07-25 14:20:14.316] 127.0.0.1 GET www.shizhi.com/admin/help/index	[runtime=0.110000s] [reqs=9.09req/s] [memory=3,473.22kb] [file=64]	[ info ] [ LANG ] D:\www\shizhi\api\thinkphp\lang\zh-cn.php
[ info ] [ ROUTE ] array (
  'type' => 'module',
  'module' => 
  array (
    0 => 'admin',
    1 => 'help',
    2 => 'index',
  ),
)
[ info ] [ HEADER ] array (
  'content-length' => '266',
  'content-type' => 'multipart/form-data; boundary=--------------------------689076649613143599061224',
  'connection' => 'keep-alive',
  'accept-encoding' => 'gzip, deflate, br',
  'host' => 'www.shizhi.com',
  'accept' => '*/*',
  'user-agent' => 'apifox/1.0.0 (https://www.apifox.cn)',
  'usertoken' => 'MDAwMDAwMDAwMIGEbXY',
  'token' => '3c72970bc0d2064ee7806fad2fb405b625dd5c61',
)
[ info ] [ PARAM ] array (
)
[ info ] [ DB ] INIT mysql
[ info ] [ LOG ] INIT File	[ sql ] [ DB ] CONNECT:[ UseTime:0.037000s ] mysql:host=112.125.122.16;port=3306;dbname=jujiashizhi;charset=utf8mb4
[ sql ] [ SQL ] SHOW COLUMNS FROM `cx_system_manager` [ RunTime:0.021000s ]
[ sql ] [ SQL ] SELECT * FROM `cx_system_manager` WHERE  `token` = '3c72970bc0d2064ee7806fad2fb405b625dd5c61'  AND `id` = 1 LIMIT 1 [ RunTime:0.019000s ]
[2022-07-25 14:20:36.322] 127.0.0.1 GET www.shizhi.com/admin/help/index	[runtime=0.095000s] [reqs=10.53req/s] [memory=3,654.83kb] [file=71]	[ info ] [ LANG ] D:\www\shizhi\api\thinkphp\lang\zh-cn.php
[ info ] [ ROUTE ] array (
  'type' => 'module',
  'module' => 
  array (
    0 => 'admin',
    1 => 'help',
    2 => 'index',
  ),
)
[ info ] [ HEADER ] array (
  'content-length' => '266',
  'content-type' => 'multipart/form-data; boundary=--------------------------602262880505062288796591',
  'connection' => 'keep-alive',
  'accept-encoding' => 'gzip, deflate, br',
  'host' => 'www.shizhi.com',
  'accept' => '*/*',
  'user-agent' => 'apifox/1.0.0 (https://www.apifox.cn)',
  'usertoken' => 'MDAwMDAwMDAwMIGEbXY',
  'token' => '3c72970bc0d2064ee7806fad2fb405b625dd5c61',
)
[ info ] [ PARAM ] array (
)
[ info ] [ DB ] INIT mysql
[ info ] [ LOG ] INIT File	[ sql ] [ DB ] CONNECT:[ UseTime:0.030000s ] mysql:host=112.125.122.16;port=3306;dbname=jujiashizhi;charset=utf8mb4
[ sql ] [ SQL ] SHOW COLUMNS FROM `cx_system_manager` [ RunTime:0.019000s ]
[ sql ] [ SQL ] SELECT * FROM `cx_system_manager` WHERE  `token` = '3c72970bc0d2064ee7806fad2fb405b625dd5c61'  AND `id` = 1 LIMIT 1 [ RunTime:0.017000s ]	[ error ] [8]Trying to get property '{"id":1,"role_id":"1","identity":1,"username":"admin","truename":"admin","password":"fd571203974ba9afe270fe62151ae967eca5e0aa","mobile":"15210148389","register_time":1445673993,"token":"3c72970bc0d2064ee7806fad2fb405b625dd5c61","token_exp_time":1658734689,"register_ip":"127.0.0.1","login_time":1658728689,"status":1,"pic":null}' of non-object[D:\www\shizhi\api\app\admin\controller\Basic.php:46]
[2022-07-25 14:21:07.837] 127.0.0.1 GET www.shizhi.com/admin/help/index	[runtime=0.121000s] [reqs=8.26req/s] [memory=3,602.90kb] [file=66]	[ info ] [ LANG ] D:\www\shizhi\api\thinkphp\lang\zh-cn.php
[ info ] [ ROUTE ] array (
  'type' => 'module',
  'module' => 
  array (
    0 => 'admin',
    1 => 'help',
    2 => 'index',
  ),
)
[ info ] [ HEADER ] array (
  'content-length' => '266',
  'content-type' => 'multipart/form-data; boundary=--------------------------425562358562783079919688',
  'connection' => 'keep-alive',
  'accept-encoding' => 'gzip, deflate, br',
  'host' => 'www.shizhi.com',
  'accept' => '*/*',
  'user-agent' => 'apifox/1.0.0 (https://www.apifox.cn)',
  'usertoken' => 'MDAwMDAwMDAwMIGEbXY',
  'token' => '3c72970bc0d2064ee7806fad2fb405b625dd5c61',
)
[ info ] [ PARAM ] array (
)
[ info ] [ DB ] INIT mysql
[ info ] [ RUN ] app\admin\controller\Help->index[ D:\www\shizhi\api\app\admin\controller\Help.php ]
[ info ] [ LOG ] INIT File	[ sql ] [ DB ] CONNECT:[ UseTime:0.024000s ] mysql:host=112.125.122.16;port=3306;dbname=jujiashizhi;charset=utf8mb4
[ sql ] [ SQL ] SHOW COLUMNS FROM `cx_system_manager` [ RunTime:0.021000s ]
[ sql ] [ SQL ] SELECT * FROM `cx_system_manager` WHERE  `token` = '3c72970bc0d2064ee7806fad2fb405b625dd5c61'  AND `id` = 1 LIMIT 1 [ RunTime:0.046000s ]
[2022-07-25 14:21:20.766] 127.0.0.1 GET www.shizhi.com/admin/help/index	[runtime=0.094000s] [reqs=10.64req/s] [memory=3,538.79kb] [file=66]	[ info ] [ LANG ] D:\www\shizhi\api\thinkphp\lang\zh-cn.php
[ info ] [ ROUTE ] array (
  'type' => 'module',
  'module' => 
  array (
    0 => 'admin',
    1 => 'help',
    2 => 'index',
  ),
)
[ info ] [ HEADER ] array (
  'content-length' => '266',
  'content-type' => 'multipart/form-data; boundary=--------------------------081688181028731734413168',
  'connection' => 'keep-alive',
  'accept-encoding' => 'gzip, deflate, br',
  'host' => 'www.shizhi.com',
  'accept' => '*/*',
  'user-agent' => 'apifox/1.0.0 (https://www.apifox.cn)',
  'usertoken' => 'MDAwMDAwMDAwMIGEbXY',
  'token' => '3c72970bc0d2064ee7806fad2fb405b625dd5c61',
)
[ info ] [ PARAM ] array (
)
[ info ] [ DB ] INIT mysql
[ info ] [ RUN ] app\admin\controller\Help->index[ D:\www\shizhi\api\app\admin\controller\Help.php ]
[ info ] [ LOG ] INIT File	[ sql ] [ DB ] CONNECT:[ UseTime:0.030000s ] mysql:host=112.125.122.16;port=3306;dbname=jujiashizhi;charset=utf8mb4
[ sql ] [ SQL ] SHOW COLUMNS FROM `cx_system_manager` [ RunTime:0.016000s ]
[ sql ] [ SQL ] SELECT * FROM `cx_system_manager` WHERE  `token` = '3c72970bc0d2064ee7806fad2fb405b625dd5c61'  AND `id` = 1 LIMIT 1 [ RunTime:0.015000s ]
[2022-07-25 17:50:18.568] 127.0.0.1 POST www.shizhi.com/admin/helpclass/index	[runtime=0.038000s] [reqs=26.32req/s] [memory=2,029.59kb] [file=51]	[ info ] [ LANG ] D:\www\shizhi\api\thinkphp\lang\zh-cn.php
[ info ] [ ROUTE ] array (
  'type' => 'module',
  'module' => 
  array (
    0 => 'admin',
    1 => 'helpclass',
    2 => 'index',
  ),
)
[ info ] [ HEADER ] array (
  'content-length' => '0',
  'connection' => 'keep-alive',
  'accept-encoding' => 'gzip, deflate, br',
  'host' => 'www.shizhi.com',
  'accept' => '*/*',
  'user-agent' => 'apifox/1.0.0 (https://www.apifox.cn)',
  'usertoken' => 'MDAwMDAwMDAwMIGEbXY',
  'token' => '3c72970bc0d2064ee7806fad2fb405b625dd5c61',
  'content-type' => '',
)
[ info ] [ PARAM ] array (
)
[ info ] [ LOG ] INIT File
[2022-07-25 17:50:51.131] 127.0.0.1 POST www.shizhi.com/admin/help_class/index	[runtime=0.022000s] [reqs=45.45req/s] [memory=2,108.42kb] [file=53]	[ info ] [ LANG ] D:\www\shizhi\api\thinkphp\lang\zh-cn.php
[ info ] [ ROUTE ] array (
  'type' => 'module',
  'module' => 
  array (
    0 => 'admin',
    1 => 'help_class',
    2 => 'index',
  ),
)
[ info ] [ HEADER ] array (
  'content-length' => '0',
  'connection' => 'keep-alive',
  'accept-encoding' => 'gzip, deflate, br',
  'host' => 'www.shizhi.com',
  'accept' => '*/*',
  'user-agent' => 'apifox/1.0.0 (https://www.apifox.cn)',
  'usertoken' => 'MDAwMDAwMDAwMIGEbXY',
  'token' => '3c72970bc0d2064ee7806fad2fb405b625dd5c61',
  'content-type' => '',
)
[ info ] [ PARAM ] array (
)
[ info ] [ LOG ] INIT File	[ error ] [0]Class app\admin\controller\HelpServices does not exist[D:\www\shizhi\api\thinkphp\library\think\App.php:403]
[2022-07-25 17:55:43.545] 127.0.0.1 POST www.shizhi.com/admin/help_class/index	[runtime=0.096000s] [reqs=10.42req/s] [memory=3,537.05kb] [file=66]	[ info ] [ LANG ] D:\www\shizhi\api\thinkphp\lang\zh-cn.php
[ info ] [ ROUTE ] array (
  'type' => 'module',
  'module' => 
  array (
    0 => 'admin',
    1 => 'help_class',
    2 => 'index',
  ),
)
[ info ] [ HEADER ] array (
  'content-length' => '0',
  'connection' => 'keep-alive',
  'accept-encoding' => 'gzip, deflate, br',
  'host' => 'www.shizhi.com',
  'accept' => '*/*',
  'user-agent' => 'apifox/1.0.0 (https://www.apifox.cn)',
  'usertoken' => 'MDAwMDAwMDAwMIGEbXY',
  'token' => '3c72970bc0d2064ee7806fad2fb405b625dd5c61',
  'content-type' => '',
)
[ info ] [ PARAM ] array (
)
[ info ] [ DB ] INIT mysql
[ info ] [ RUN ] app\admin\controller\HelpClass->index[ D:\www\shizhi\api\app\admin\controller\HelpClass.php ]
[ info ] [ LOG ] INIT File	[ sql ] [ DB ] CONNECT:[ UseTime:0.028000s ] mysql:host=112.125.122.16;port=3306;dbname=jujiashizhi;charset=utf8mb4
[ sql ] [ SQL ] SHOW COLUMNS FROM `cx_system_manager` [ RunTime:0.016000s ]
[ sql ] [ SQL ] SELECT * FROM `cx_system_manager` WHERE  `token` = '3c72970bc0d2064ee7806fad2fb405b625dd5c61'  AND `id` = 1 LIMIT 1 [ RunTime:0.014000s ]
[2022-07-25 17:55:59.589] 127.0.0.1 POST www.shizhi.com/admin/help_class/index	[runtime=0.456000s] [reqs=2.19req/s] [memory=3,537.09kb] [file=66]	[ info ] [ LANG ] D:\www\shizhi\api\thinkphp\lang\zh-cn.php
[ info ] [ ROUTE ] array (
  'type' => 'module',
  'module' => 
  array (
    0 => 'admin',
    1 => 'help_class',
    2 => 'index',
  ),
)
[ info ] [ HEADER ] array (
  'content-length' => '0',
  'connection' => 'keep-alive',
  'accept-encoding' => 'gzip, deflate, br',
  'host' => 'www.shizhi.com',
  'accept' => '*/*',
  'user-agent' => 'apifox/1.0.0 (https://www.apifox.cn)',
  'usertoken' => 'MDAwMDAwMDAwMIGEbXY',
  'token' => '3c72970bc0d2064ee7806fad2fb405b625dd5c61',
  'content-type' => '',
)
[ info ] [ PARAM ] array (
)
[ info ] [ DB ] INIT mysql
[ info ] [ RUN ] app\admin\controller\HelpClass->index[ D:\www\shizhi\api\app\admin\controller\HelpClass.php ]
[ info ] [ LOG ] INIT File	[ sql ] [ DB ] CONNECT:[ UseTime:0.380000s ] mysql:host=112.125.122.16;port=3306;dbname=jujiashizhi;charset=utf8mb4
[ sql ] [ SQL ] SHOW COLUMNS FROM `cx_system_manager` [ RunTime:0.021000s ]
[ sql ] [ SQL ] SELECT * FROM `cx_system_manager` WHERE  `token` = '3c72970bc0d2064ee7806fad2fb405b625dd5c61'  AND `id` = 1 LIMIT 1 [ RunTime:0.020000s ]
[2022-07-25 17:59:57.555] 127.0.0.1 POST www.shizhi.com/admin/help_class/index	[runtime=0.027000s] [reqs=37.04req/s] [memory=2,127.48kb] [file=55]	[ info ] [ LANG ] D:\www\shizhi\api\thinkphp\lang\zh-cn.php
[ info ] [ ROUTE ] array (
  'type' => 'module',
  'module' => 
  array (
    0 => 'admin',
    1 => 'help_class',
    2 => 'index',
  ),
)
[ info ] [ HEADER ] array (
  'content-length' => '0',
  'connection' => 'keep-alive',
  'accept-encoding' => 'gzip, deflate, br',
  'host' => 'www.shizhi.com',
  'accept' => '*/*',
  'user-agent' => 'apifox/1.0.0 (https://www.apifox.cn)',
  'usertoken' => 'MDAwMDAwMDAwMIGEbXY',
  'token' => '3c72970bc0d2064ee7806fad2fb405b625dd5c61',
  'content-type' => '',
)
[ info ] [ PARAM ] array (
)
[ info ] [ LOG ] INIT File	[ error ] [0]Class app\common\services\helpclass\HelpClassServices does not exist[D:\www\shizhi\api\thinkphp\library\think\App.php:403]
[2022-07-25 18:00:21.460] 127.0.0.1 POST www.shizhi.com/admin/help_class/index	[runtime=0.022000s] [reqs=45.45req/s] [memory=2,127.52kb] [file=55]	[ info ] [ LANG ] D:\www\shizhi\api\thinkphp\lang\zh-cn.php
[ info ] [ ROUTE ] array (
  'type' => 'module',
  'module' => 
  array (
    0 => 'admin',
    1 => 'help_class',
    2 => 'index',
  ),
)
[ info ] [ HEADER ] array (
  'content-length' => '0',
  'connection' => 'keep-alive',
  'accept-encoding' => 'gzip, deflate, br',
  'host' => 'www.shizhi.com',
  'accept' => '*/*',
  'user-agent' => 'apifox/1.0.0 (https://www.apifox.cn)',
  'usertoken' => 'MDAwMDAwMDAwMIGEbXY',
  'token' => '3c72970bc0d2064ee7806fad2fb405b625dd5c61',
  'content-type' => '',
)
[ info ] [ PARAM ] array (
)
[ info ] [ LOG ] INIT File	[ error ] [0]Class app\common\services\helpclass\HelpClassServices does not exist[D:\www\shizhi\api\thinkphp\library\think\App.php:403]
[2022-07-25 18:06:30.589] 127.0.0.1 POST www.shizhi.com/admin/help_class/index	[runtime=0.154000s] [reqs=6.49req/s] [memory=3,600.75kb] [file=66]	[ info ] [ LANG ] D:\www\shizhi\api\thinkphp\lang\zh-cn.php
[ info ] [ ROUTE ] array (
  'type' => 'module',
  'module' => 
  array (
    0 => 'admin',
    1 => 'help_class',
    2 => 'index',
  ),
)
[ info ] [ HEADER ] array (
  'content-length' => '0',
  'connection' => 'keep-alive',
  'accept-encoding' => 'gzip, deflate, br',
  'host' => 'www.shizhi.com',
  'accept' => '*/*',
  'user-agent' => 'apifox/1.0.0 (https://www.apifox.cn)',
  'usertoken' => 'MDAwMDAwMDAwMIGEbXY',
  'token' => '3c72970bc0d2064ee7806fad2fb405b625dd5c61',
  'content-type' => '',
)
[ info ] [ PARAM ] array (
)
[ info ] [ DB ] INIT mysql
[ info ] [ RUN ] app\admin\controller\HelpClass->index[ D:\www\shizhi\api\app\admin\controller\HelpClass.php ]
[ info ] [ LOG ] INIT File	[ sql ] [ DB ] CONNECT:[ UseTime:0.032000s ] mysql:host=112.125.122.16;port=3306;dbname=jujiashizhi;charset=utf8mb4
[ sql ] [ SQL ] SHOW COLUMNS FROM `cx_system_manager` [ RunTime:0.019000s ]
[ sql ] [ SQL ] SELECT * FROM `cx_system_manager` WHERE  `token` = '3c72970bc0d2064ee7806fad2fb405b625dd5c61'  AND `id` = 1 LIMIT 1 [ RunTime:0.020000s ]
[ sql ] [ SQL ] SHOW COLUMNS FROM `cx_help_class` [ RunTime:0.025000s ]
[ sql ] [ SQL ] SELECT * FROM `cx_help_class` [ RunTime:0.020000s ]
[2022-07-25 18:15:33.275] 127.0.0.1 POST www.shizhi.com/admin/help_class/index	[runtime=0.180000s] [reqs=5.56req/s] [memory=3,476.72kb] [file=64]	[ info ] [ LANG ] D:\www\shizhi\api\thinkphp\lang\zh-cn.php
[ info ] [ ROUTE ] array (
  'type' => 'module',
  'module' => 
  array (
    0 => 'admin',
    1 => 'help_class',
    2 => 'index',
  ),
)
[ info ] [ HEADER ] array (
  'content-length' => '0',
  'connection' => 'keep-alive',
  'accept-encoding' => 'gzip, deflate, br',
  'host' => 'www.shizhi.com',
  'accept' => '*/*',
  'user-agent' => 'apifox/1.0.0 (https://www.apifox.cn)',
  'usertoken' => 'MDAwMDAwMDAwMIGEbXY',
  'token' => '3c72970bc0d2064ee7806fad2fb405b625dd5c61',
  'content-type' => '',
)
[ info ] [ PARAM ] array (
)
[ info ] [ DB ] INIT mysql
[ info ] [ RUN ] app\admin\controller\HelpClass->index[ D:\www\shizhi\api\app\admin\controller\HelpClass.php ]
[ info ] [ LOG ] INIT File	[ sql ] [ DB ] CONNECT:[ UseTime:0.053000s ] mysql:host=112.125.122.16;port=3306;dbname=jujiashizhi;charset=utf8mb4
[ sql ] [ SQL ] SHOW COLUMNS FROM `cx_system_manager` [ RunTime:0.019000s ]
[ sql ] [ SQL ] SELECT * FROM `cx_system_manager` WHERE  `token` = '3c72970bc0d2064ee7806fad2fb405b625dd5c61'  AND `id` = 1 LIMIT 1 [ RunTime:0.022000s ]
[ sql ] [ SQL ] SHOW COLUMNS FROM `cx_help_class` [ RunTime:0.030000s ]
[ sql ] [ SQL ] SELECT * FROM `cx_help_class` [ RunTime:0.020000s ]
[2022-07-25 18:16:30.573] 127.0.0.1 POST www.shizhi.com/admin/help_class/index	[runtime=1.330000s] [reqs=0.75req/s] [memory=3,468.73kb] [file=64]	[ info ] [ LANG ] D:\www\shizhi\api\thinkphp\lang\zh-cn.php
[ info ] [ ROUTE ] array (
  'type' => 'module',
  'module' => 
  array (
    0 => 'admin',
    1 => 'help_class',
    2 => 'index',
  ),
)
[ info ] [ HEADER ] array (
  'content-length' => '0',
  'connection' => 'keep-alive',
  'accept-encoding' => 'gzip, deflate, br',
  'host' => 'www.shizhi.com',
  'accept' => '*/*',
  'user-agent' => 'apifox/1.0.0 (https://www.apifox.cn)',
  'usertoken' => 'MDAwMDAwMDAwMIGEbXY',
  'token' => '3c72970bc0d2064ee7806fad2fb405b625dd5c61',
  'content-type' => '',
)
[ info ] [ PARAM ] array (
)
[ info ] [ DB ] INIT mysql
[ info ] [ RUN ] app\admin\controller\HelpClass->index[ D:\www\shizhi\api\app\admin\controller\HelpClass.php ]
[ info ] [ LOG ] INIT File	[ sql ] [ DB ] CONNECT:[ UseTime:1.228000s ] mysql:host=112.125.122.16;port=3306;dbname=jujiashizhi;charset=utf8mb4
[ sql ] [ SQL ] SHOW COLUMNS FROM `cx_system_manager` [ RunTime:0.015000s ]
[ sql ] [ SQL ] SELECT * FROM `cx_system_manager` WHERE  `token` = '3c72970bc0d2064ee7806fad2fb405b625dd5c61'  AND `id` = 1 LIMIT 1 [ RunTime:0.019000s ]
[ sql ] [ SQL ] SHOW COLUMNS FROM `cx_help_class` [ RunTime:0.015000s ]
[ sql ] [ SQL ] SELECT * FROM `cx_help_class` [ RunTime:0.022000s ]
[2022-07-25 18:16:57.999] 127.0.0.1 POST www.shizhi.com/admin/help_class/index	[runtime=1.148000s] [reqs=0.87req/s] [memory=3,653.31kb] [file=71]	[ info ] [ LANG ] D:\www\shizhi\api\thinkphp\lang\zh-cn.php
[ info ] [ ROUTE ] array (
  'type' => 'module',
  'module' => 
  array (
    0 => 'admin',
    1 => 'help_class',
    2 => 'index',
  ),
)
[ info ] [ HEADER ] array (
  'content-length' => '0',
  'connection' => 'keep-alive',
  'accept-encoding' => 'gzip, deflate, br',
  'host' => 'www.shizhi.com',
  'accept' => '*/*',
  'user-agent' => 'apifox/1.0.0 (https://www.apifox.cn)',
  'usertoken' => 'MDAwMDAwMDAwMIGEbXY',
  'token' => '3c72970bc0d2064ee7806fad2fb405b625dd5c61',
  'content-type' => '',
)
[ info ] [ PARAM ] array (
)
[ info ] [ DB ] INIT mysql
[ info ] [ RUN ] app\admin\controller\HelpClass->index[ D:\www\shizhi\api\app\admin\controller\HelpClass.php ]
[ info ] [ LOG ] INIT File	[ sql ] [ DB ] CONNECT:[ UseTime:1.040000s ] mysql:host=112.125.122.16;port=3306;dbname=jujiashizhi;charset=utf8mb4
[ sql ] [ SQL ] SHOW COLUMNS FROM `cx_system_manager` [ RunTime:0.015000s ]
[ sql ] [ SQL ] SELECT * FROM `cx_system_manager` WHERE  `token` = '3c72970bc0d2064ee7806fad2fb405b625dd5c61'  AND `id` = 1 LIMIT 1 [ RunTime:0.016000s ]
[ sql ] [ SQL ] SHOW COLUMNS FROM `cx_help_class` [ RunTime:0.023000s ]
[ sql ] [ SQL ] SELECT * FROM `cx_help_class` [ RunTime:0.016000s ]	[ error ] [8]未定义变量: data[D:\www\shizhi\api\app\common\services\helpclass\HelpClassServices.php:29]
[2022-07-25 18:17:09.486] 127.0.0.1 POST www.shizhi.com/admin/help_class/index	[runtime=2.709000s] [reqs=0.37req/s] [memory=3,468.16kb] [file=64]	[ info ] [ LANG ] D:\www\shizhi\api\thinkphp\lang\zh-cn.php
[ info ] [ ROUTE ] array (
  'type' => 'module',
  'module' => 
  array (
    0 => 'admin',
    1 => 'help_class',
    2 => 'index',
  ),
)
[ info ] [ HEADER ] array (
  'content-length' => '0',
  'connection' => 'keep-alive',
  'accept-encoding' => 'gzip, deflate, br',
  'host' => 'www.shizhi.com',
  'accept' => '*/*',
  'user-agent' => 'apifox/1.0.0 (https://www.apifox.cn)',
  'usertoken' => 'MDAwMDAwMDAwMIGEbXY',
  'token' => '3c72970bc0d2064ee7806fad2fb405b625dd5c61',
  'content-type' => '',
)
[ info ] [ PARAM ] array (
)
[ info ] [ DB ] INIT mysql
[ info ] [ RUN ] app\admin\controller\HelpClass->index[ D:\www\shizhi\api\app\admin\controller\HelpClass.php ]
[ info ] [ LOG ] INIT File	[ sql ] [ DB ] CONNECT:[ UseTime:2.345000s ] mysql:host=112.125.122.16;port=3306;dbname=jujiashizhi;charset=utf8mb4
[ sql ] [ SQL ] SHOW COLUMNS FROM `cx_system_manager` [ RunTime:0.046000s ]
[ sql ] [ SQL ] SELECT * FROM `cx_system_manager` WHERE  `token` = '3c72970bc0d2064ee7806fad2fb405b625dd5c61'  AND `id` = 1 LIMIT 1 [ RunTime:0.022000s ]
[ sql ] [ SQL ] SHOW COLUMNS FROM `cx_help_class` [ RunTime:0.039000s ]
[ sql ] [ SQL ] SELECT * FROM `cx_help_class` [ RunTime:0.232000s ]
[2022-07-25 18:17:27.295] 127.0.0.1 POST www.shizhi.com/admin/help_class/index	[runtime=0.127000s] [reqs=7.87req/s] [memory=3,468.16kb] [file=64]	[ info ] [ LANG ] D:\www\shizhi\api\thinkphp\lang\zh-cn.php
[ info ] [ ROUTE ] array (
  'type' => 'module',
  'module' => 
  array (
    0 => 'admin',
    1 => 'help_class',
    2 => 'index',
  ),
)
[ info ] [ HEADER ] array (
  'content-length' => '0',
  'connection' => 'keep-alive',
  'accept-encoding' => 'gzip, deflate, br',
  'host' => 'www.shizhi.com',
  'accept' => '*/*',
  'user-agent' => 'apifox/1.0.0 (https://www.apifox.cn)',
  'usertoken' => 'MDAwMDAwMDAwMIGEbXY',
  'token' => '3c72970bc0d2064ee7806fad2fb405b625dd5c61',
  'content-type' => '',
)
[ info ] [ PARAM ] array (
)
[ info ] [ DB ] INIT mysql
[ info ] [ RUN ] app\admin\controller\HelpClass->index[ D:\www\shizhi\api\app\admin\controller\HelpClass.php ]
[ info ] [ LOG ] INIT File	[ sql ] [ DB ] CONNECT:[ UseTime:0.023000s ] mysql:host=112.125.122.16;port=3306;dbname=jujiashizhi;charset=utf8mb4
[ sql ] [ SQL ] SHOW COLUMNS FROM `cx_system_manager` [ RunTime:0.017000s ]
[ sql ] [ SQL ] SELECT * FROM `cx_system_manager` WHERE  `token` = '3c72970bc0d2064ee7806fad2fb405b625dd5c61'  AND `id` = 1 LIMIT 1 [ RunTime:0.018000s ]
[ sql ] [ SQL ] SHOW COLUMNS FROM `cx_help_class` [ RunTime:0.021000s ]
[ sql ] [ SQL ] SELECT * FROM `cx_help_class` [ RunTime:0.017000s ]
[2022-07-25 18:18:18.889] 127.0.0.1 POST www.shizhi.com/admin/help_class/index	[runtime=0.133000s] [reqs=7.52req/s] [memory=3,476.09kb] [file=64]	[ info ] [ LANG ] D:\www\shizhi\api\thinkphp\lang\zh-cn.php
[ info ] [ ROUTE ] array (
  'type' => 'module',
  'module' => 
  array (
    0 => 'admin',
    1 => 'help_class',
    2 => 'index',
  ),
)
[ info ] [ HEADER ] array (
  'content-length' => '0',
  'connection' => 'keep-alive',
  'accept-encoding' => 'gzip, deflate, br',
  'host' => 'www.shizhi.com',
  'accept' => '*/*',
  'user-agent' => 'apifox/1.0.0 (https://www.apifox.cn)',
  'usertoken' => 'MDAwMDAwMDAwMIGEbXY',
  'token' => '3c72970bc0d2064ee7806fad2fb405b625dd5c61',
  'content-type' => '',
)
[ info ] [ PARAM ] array (
)
[ info ] [ DB ] INIT mysql
[ info ] [ RUN ] app\admin\controller\HelpClass->index[ D:\www\shizhi\api\app\admin\controller\HelpClass.php ]
[ info ] [ LOG ] INIT File	[ sql ] [ DB ] CONNECT:[ UseTime:0.028000s ] mysql:host=112.125.122.16;port=3306;dbname=jujiashizhi;charset=utf8mb4
[ sql ] [ SQL ] SHOW COLUMNS FROM `cx_system_manager` [ RunTime:0.015000s ]
[ sql ] [ SQL ] SELECT * FROM `cx_system_manager` WHERE  `token` = '3c72970bc0d2064ee7806fad2fb405b625dd5c61'  AND `id` = 1 LIMIT 1 [ RunTime:0.021000s ]
[ sql ] [ SQL ] SHOW COLUMNS FROM `cx_help_class` [ RunTime:0.019000s ]
[ sql ] [ SQL ] SELECT * FROM `cx_help_class` [ RunTime:0.014000s ]
[2022-07-25 19:06:11.657] 127.0.0.1 POST www.shizhi.com/admin/help/save	[runtime=0.177000s] [reqs=5.65req/s] [memory=3,457.34kb] [file=64]	[ info ] [ LANG ] D:\www\shizhi\api\thinkphp\lang\zh-cn.php
[ info ] [ ROUTE ] array (
  'type' => 'module',
  'module' => 
  array (
    0 => 'admin',
    1 => 'help',
    2 => 'save',
  ),
)
[ info ] [ HEADER ] array (
  'content-length' => '964',
  'content-type' => 'multipart/form-data; boundary=--------------------------486561016036341417416377',
  'connection' => 'keep-alive',
  'accept-encoding' => 'gzip, deflate, br',
  'host' => 'www.shizhi.com',
  'accept' => '*/*',
  'user-agent' => 'apifox/1.0.0 (https://www.apifox.cn)',
  'usertoken' => 'MDAwMDAwMDAwMIGEbXY',
  'token' => '3c72970bc0d2064ee7806fad2fb405b625dd5c61',
)
[ info ] [ PARAM ] array (
  'help_id' => '',
  'help_class_id' => '1',
  'title' => '标题',
  'small_img' => '小图',
  'big_img' => '大图',
  'content' => '内容内容',
  'send_status' => '1',
  'create_time' => '2022-8-9 09:00',
)
[ info ] [ DB ] INIT mysql
[ info ] [ RUN ] app\admin\controller\Help->save[ D:\www\shizhi\api\app\admin\controller\Help.php ]
[ info ] [ LOG ] INIT File	[ sql ] [ DB ] CONNECT:[ UseTime:0.029000s ] mysql:host=112.125.122.16;port=3306;dbname=jujiashizhi;charset=utf8mb4
[ sql ] [ SQL ] SHOW COLUMNS FROM `cx_system_manager` [ RunTime:0.025000s ]
[ sql ] [ SQL ] SELECT * FROM `cx_system_manager` WHERE  `token` = '3c72970bc0d2064ee7806fad2fb405b625dd5c61'  AND `id` = 1 LIMIT 1 [ RunTime:0.022000s ]
[ sql ] [ SQL ] SHOW COLUMNS FROM `cx_help` [ RunTime:0.044000s ]
[ sql ] [ SQL ] INSERT INTO `cx_help` (`title` , `help_class_id` , `image` , `bigimage` , `content` , `sort` , `send_status` , `create_time`) VALUES ('标题' , 1 , '小图' , '大图' , '内容内容' , 0 , 1 , 1658747171) [ RunTime:0.026000s ]
[2022-07-25 19:07:01.40] 127.0.0.1 POST www.shizhi.com/admin/help/save	[runtime=0.166000s] [reqs=6.02req/s] [memory=3,457.71kb] [file=64]	[ info ] [ LANG ] D:\www\shizhi\api\thinkphp\lang\zh-cn.php
[ info ] [ ROUTE ] array (
  'type' => 'module',
  'module' => 
  array (
    0 => 'admin',
    1 => 'help',
    2 => 'save',
  ),
)
[ info ] [ HEADER ] array (
  'content-length' => '1068',
  'content-type' => 'multipart/form-data; boundary=--------------------------939878538360448971270695',
  'connection' => 'keep-alive',
  'accept-encoding' => 'gzip, deflate, br',
  'host' => 'www.shizhi.com',
  'accept' => '*/*',
  'user-agent' => 'apifox/1.0.0 (https://www.apifox.cn)',
  'usertoken' => 'MDAwMDAwMDAwMIGEbXY',
  'token' => '3c72970bc0d2064ee7806fad2fb405b625dd5c61',
)
[ info ] [ PARAM ] array (
  'help_id' => '',
  'help_class_id' => '1',
  'title' => '标题',
  'small_img' => '小图',
  'big_img' => '大图',
  'content' => '内容内容',
  'send_status' => '1',
  'create_time' => '2022-8-9 09:00',
  'sort' => '1',
)
[ info ] [ DB ] INIT mysql
[ info ] [ RUN ] app\admin\controller\Help->save[ D:\www\shizhi\api\app\admin\controller\Help.php ]
[ info ] [ LOG ] INIT File	[ sql ] [ DB ] CONNECT:[ UseTime:0.059000s ] mysql:host=112.125.122.16;port=3306;dbname=jujiashizhi;charset=utf8mb4
[ sql ] [ SQL ] SHOW COLUMNS FROM `cx_system_manager` [ RunTime:0.021000s ]
[ sql ] [ SQL ] SELECT * FROM `cx_system_manager` WHERE  `token` = '3c72970bc0d2064ee7806fad2fb405b625dd5c61'  AND `id` = 1 LIMIT 1 [ RunTime:0.019000s ]
[ sql ] [ SQL ] SHOW COLUMNS FROM `cx_help` [ RunTime:0.019000s ]
[ sql ] [ SQL ] INSERT INTO `cx_help` (`title` , `help_class_id` , `image` , `bigimage` , `content` , `sort` , `send_status` , `create_time`) VALUES ('标题' , 1 , '小图' , '大图' , '内容内容' , 1 , 1 , 1658747221) [ RunTime:0.018000s ]
[2022-07-25 19:09:46.414] 127.0.0.1 POST www.shizhi.com/admin/help/save	[runtime=0.196000s] [reqs=5.10req/s] [memory=3,595.89kb] [file=67]	[ info ] [ LANG ] D:\www\shizhi\api\thinkphp\lang\zh-cn.php
[ info ] [ ROUTE ] array (
  'type' => 'module',
  'module' => 
  array (
    0 => 'admin',
    1 => 'help',
    2 => 'save',
  ),
)
[ info ] [ HEADER ] array (
  'content-length' => '1069',
  'content-type' => 'multipart/form-data; boundary=--------------------------067243859200791528891171',
  'connection' => 'keep-alive',
  'accept-encoding' => 'gzip, deflate, br',
  'host' => 'www.shizhi.com',
  'accept' => '*/*',
  'user-agent' => 'apifox/1.0.0 (https://www.apifox.cn)',
  'usertoken' => 'MDAwMDAwMDAwMIGEbXY',
  'token' => '3c72970bc0d2064ee7806fad2fb405b625dd5c61',
)
[ info ] [ PARAM ] array (
  'help_id' => '3',
  'help_class_id' => '1',
  'title' => '标题',
  'small_img' => '小图',
  'big_img' => '大图',
  'content' => '内容内容',
  'send_status' => '1',
  'create_time' => '2022-8-9 09:00',
  'sort' => '1',
)
[ info ] [ DB ] INIT mysql
[ info ] [ RUN ] app\admin\controller\Help->save[ D:\www\shizhi\api\app\admin\controller\Help.php ]
[ info ] [ CACHE ] INIT File
[ info ] [ LOG ] INIT File	[ sql ] [ DB ] CONNECT:[ UseTime:0.029000s ] mysql:host=112.125.122.16;port=3306;dbname=jujiashizhi;charset=utf8mb4
[ sql ] [ SQL ] SHOW COLUMNS FROM `cx_system_manager` [ RunTime:0.020000s ]
[ sql ] [ SQL ] SELECT * FROM `cx_system_manager` WHERE  `token` = '3c72970bc0d2064ee7806fad2fb405b625dd5c61'  AND `id` = 1 LIMIT 1 [ RunTime:0.024000s ]
[ sql ] [ SQL ] SHOW COLUMNS FROM `cx_help` [ RunTime:0.019000s ]
[ sql ] [ SQL ] SELECT * FROM `cx_help` WHERE  `id` = 3 LIMIT 1 [ RunTime:0.016000s ]
[ sql ] [ SQL ] UPDATE `cx_help`  SET `title`='标题',`help_class_id`=1,`image`='小图',`bigimage`='大图',`content`='内容内容',`sort`=1,`send_status`=1  WHERE  `id` = 3 [ RunTime:0.020000s ]
[2022-07-25 19:10:17.31] 127.0.0.1 POST www.shizhi.com/admin/help/save	[runtime=0.134000s] [reqs=7.46req/s] [memory=3,485.95kb] [file=64]	[ info ] [ LANG ] D:\www\shizhi\api\thinkphp\lang\zh-cn.php
[ info ] [ ROUTE ] array (
  'type' => 'module',
  'module' => 
  array (
    0 => 'admin',
    1 => 'help',
    2 => 'save',
  ),
)
[ info ] [ HEADER ] array (
  'content-length' => '1069',
  'content-type' => 'multipart/form-data; boundary=--------------------------677988541359770461341993',
  'connection' => 'keep-alive',
  'accept-encoding' => 'gzip, deflate, br',
  'host' => 'www.shizhi.com',
  'accept' => '*/*',
  'user-agent' => 'apifox/1.0.0 (https://www.apifox.cn)',
  'usertoken' => 'MDAwMDAwMDAwMIGEbXY',
  'token' => '3c72970bc0d2064ee7806fad2fb405b625dd5c61',
)
[ info ] [ PARAM ] array (
  'help_id' => '3',
  'help_class_id' => '1',
  'title' => '标题',
  'small_img' => '小图',
  'big_img' => '大图',
  'content' => '内容内容',
  'send_status' => '1',
  'create_time' => '2022-8-9 09:00',
  'sort' => '1',
)
[ info ] [ DB ] INIT mysql
[ info ] [ RUN ] app\admin\controller\Help->save[ D:\www\shizhi\api\app\admin\controller\Help.php ]
[ info ] [ LOG ] INIT File	[ sql ] [ DB ] CONNECT:[ UseTime:0.030000s ] mysql:host=112.125.122.16;port=3306;dbname=jujiashizhi;charset=utf8mb4
[ sql ] [ SQL ] SHOW COLUMNS FROM `cx_system_manager` [ RunTime:0.020000s ]
[ sql ] [ SQL ] SELECT * FROM `cx_system_manager` WHERE  `token` = '3c72970bc0d2064ee7806fad2fb405b625dd5c61'  AND `id` = 1 LIMIT 1 [ RunTime:0.020000s ]
[ sql ] [ SQL ] SHOW COLUMNS FROM `cx_help` [ RunTime:0.019000s ]
[ sql ] [ SQL ] SELECT * FROM `cx_help` WHERE  `id` = 3 LIMIT 1 [ RunTime:0.019000s ]
[2022-07-25 19:10:39.312] 127.0.0.1 POST www.shizhi.com/admin/help/save	[runtime=0.102000s] [reqs=9.80req/s] [memory=3,483.83kb] [file=64]	[ info ] [ LANG ] D:\www\shizhi\api\thinkphp\lang\zh-cn.php
[ info ] [ ROUTE ] array (
  'type' => 'module',
  'module' => 
  array (
    0 => 'admin',
    1 => 'help',
    2 => 'save',
  ),
)
[ info ] [ HEADER ] array (
  'content-length' => '1073',
  'content-type' => 'multipart/form-data; boundary=--------------------------665229534304802759933511',
  'connection' => 'keep-alive',
  'accept-encoding' => 'gzip, deflate, br',
  'host' => 'www.shizhi.com',
  'accept' => '*/*',
  'user-agent' => 'apifox/1.0.0 (https://www.apifox.cn)',
  'usertoken' => 'MDAwMDAwMDAwMIGEbXY',
  'token' => '3c72970bc0d2064ee7806fad2fb405b625dd5c61',
)
[ info ] [ PARAM ] array (
  'help_id' => '2',
  'help_class_id' => '1',
  'title' => '标题1',
  'small_img' => '小图1',
  'big_img' => '大图1',
  'content' => '内容内容1',
  'send_status' => '2',
  'create_time' => '2022-8-9 09:00',
  'sort' => '2',
)
[ info ] [ DB ] INIT mysql
[ info ] [ RUN ] app\admin\controller\Help->save[ D:\www\shizhi\api\app\admin\controller\Help.php ]
[ info ] [ LOG ] INIT File	[ sql ] [ DB ] CONNECT:[ UseTime:0.027000s ] mysql:host=112.125.122.16;port=3306;dbname=jujiashizhi;charset=utf8mb4
[ sql ] [ SQL ] SHOW COLUMNS FROM `cx_system_manager` [ RunTime:0.028000s ]
[ sql ] [ SQL ] SELECT * FROM `cx_system_manager` WHERE  `token` = '3c72970bc0d2064ee7806fad2fb405b625dd5c61'  AND `id` = 1 LIMIT 1 [ RunTime:0.019000s ]
[2022-07-25 19:10:48.574] 127.0.0.1 POST www.shizhi.com/admin/help/save	[runtime=0.108000s] [reqs=9.26req/s] [memory=3,483.83kb] [file=64]	[ info ] [ LANG ] D:\www\shizhi\api\thinkphp\lang\zh-cn.php
[ info ] [ ROUTE ] array (
  'type' => 'module',
  'module' => 
  array (
    0 => 'admin',
    1 => 'help',
    2 => 'save',
  ),
)
[ info ] [ HEADER ] array (
  'content-length' => '1075',
  'content-type' => 'multipart/form-data; boundary=--------------------------242709747833942027093252',
  'connection' => 'keep-alive',
  'accept-encoding' => 'gzip, deflate, br',
  'host' => 'www.shizhi.com',
  'accept' => '*/*',
  'user-agent' => 'apifox/1.0.0 (https://www.apifox.cn)',
  'usertoken' => 'MDAwMDAwMDAwMIGEbXY',
  'token' => '3c72970bc0d2064ee7806fad2fb405b625dd5c61',
)
[ info ] [ PARAM ] array (
  'help_id' => '2',
  'help_class_id' => '1',
  'title' => '标题1',
  'small_img' => '小图1',
  'big_img' => '大图1',
  'content' => '内容内容1',
  'send_status' => '2',
  'create_time' => '2022-08-09 09:00',
  'sort' => '2',
)
[ info ] [ DB ] INIT mysql
[ info ] [ RUN ] app\admin\controller\Help->save[ D:\www\shizhi\api\app\admin\controller\Help.php ]
[ info ] [ LOG ] INIT File	[ sql ] [ DB ] CONNECT:[ UseTime:0.037000s ] mysql:host=112.125.122.16;port=3306;dbname=jujiashizhi;charset=utf8mb4
[ sql ] [ SQL ] SHOW COLUMNS FROM `cx_system_manager` [ RunTime:0.027000s ]
[ sql ] [ SQL ] SELECT * FROM `cx_system_manager` WHERE  `token` = '3c72970bc0d2064ee7806fad2fb405b625dd5c61'  AND `id` = 1 LIMIT 1 [ RunTime:0.015000s ]
[2022-07-25 19:11:28.745] 127.0.0.1 POST www.shizhi.com/admin/help/save	[runtime=0.614000s] [reqs=1.63req/s] [memory=3,596.95kb] [file=67]	[ info ] [ LANG ] D:\www\shizhi\api\thinkphp\lang\zh-cn.php
[ info ] [ ROUTE ] array (
  'type' => 'module',
  'module' => 
  array (
    0 => 'admin',
    1 => 'help',
    2 => 'save',
  ),
)
[ info ] [ HEADER ] array (
  'content-length' => '1073',
  'content-type' => 'multipart/form-data; boundary=--------------------------319144933769686278430444',
  'connection' => 'keep-alive',
  'accept-encoding' => 'gzip, deflate, br',
  'host' => 'www.shizhi.com',
  'accept' => '*/*',
  'user-agent' => 'apifox/1.0.0 (https://www.apifox.cn)',
  'usertoken' => 'MDAwMDAwMDAwMIGEbXY',
  'token' => '3c72970bc0d2064ee7806fad2fb405b625dd5c61',
)
[ info ] [ PARAM ] array (
  'help_id' => '2',
  'help_class_id' => '1',
  'title' => '标题1',
  'small_img' => '小图1',
  'big_img' => '大图1',
  'content' => '内容内容1',
  'send_status' => '2',
  'send_time' => '2022-08-09 09:00',
  'sort' => '2',
)
[ info ] [ DB ] INIT mysql
[ info ] [ RUN ] app\admin\controller\Help->save[ D:\www\shizhi\api\app\admin\controller\Help.php ]
[ info ] [ CACHE ] INIT File
[ info ] [ LOG ] INIT File	[ sql ] [ DB ] CONNECT:[ UseTime:0.478000s ] mysql:host=112.125.122.16;port=3306;dbname=jujiashizhi;charset=utf8mb4
[ sql ] [ SQL ] SHOW COLUMNS FROM `cx_system_manager` [ RunTime:0.015000s ]
[ sql ] [ SQL ] SELECT * FROM `cx_system_manager` WHERE  `token` = '3c72970bc0d2064ee7806fad2fb405b625dd5c61'  AND `id` = 1 LIMIT 1 [ RunTime:0.016000s ]
[ sql ] [ SQL ] SHOW COLUMNS FROM `cx_help` [ RunTime:0.016000s ]
[ sql ] [ SQL ] SELECT * FROM `cx_help` WHERE  `id` = 2 LIMIT 1 [ RunTime:0.015000s ]
[ sql ] [ SQL ] UPDATE `cx_help`  SET `title`='标题1',`help_class_id`=1,`image`='小图1',`bigimage`='大图1',`content`='内容内容1',`sort`=2,`send_status`=2,`create_time`=1660006800  WHERE  `id` = 2 [ RunTime:0.025000s ]
[2022-07-25 19:11:42.686] 127.0.0.1 POST www.shizhi.com/admin/help/save	[runtime=0.139000s] [reqs=7.19req/s] [memory=3,596.95kb] [file=67]	[ info ] [ LANG ] D:\www\shizhi\api\thinkphp\lang\zh-cn.php
[ info ] [ ROUTE ] array (
  'type' => 'module',
  'module' => 
  array (
    0 => 'admin',
    1 => 'help',
    2 => 'save',
  ),
)
[ info ] [ HEADER ] array (
  'content-length' => '1073',
  'content-type' => 'multipart/form-data; boundary=--------------------------109581502298139206696028',
  'connection' => 'keep-alive',
  'accept-encoding' => 'gzip, deflate, br',
  'host' => 'www.shizhi.com',
  'accept' => '*/*',
  'user-agent' => 'apifox/1.0.0 (https://www.apifox.cn)',
  'usertoken' => 'MDAwMDAwMDAwMIGEbXY',
  'token' => '3c72970bc0d2064ee7806fad2fb405b625dd5c61',
)
[ info ] [ PARAM ] array (
  'help_id' => '2',
  'help_class_id' => '1',
  'title' => '标题1',
  'small_img' => '小图1',
  'big_img' => '大图1',
  'content' => '内容内容1',
  'send_status' => '2',
  'send_time' => '2022-08-09 09:00',
  'sort' => '2',
)
[ info ] [ DB ] INIT mysql
[ info ] [ RUN ] app\admin\controller\Help->save[ D:\www\shizhi\api\app\admin\controller\Help.php ]
[ info ] [ CACHE ] INIT File
[ info ] [ LOG ] INIT File	[ sql ] [ DB ] CONNECT:[ UseTime:0.022000s ] mysql:host=112.125.122.16;port=3306;dbname=jujiashizhi;charset=utf8mb4
[ sql ] [ SQL ] SHOW COLUMNS FROM `cx_system_manager` [ RunTime:0.016000s ]
[ sql ] [ SQL ] SELECT * FROM `cx_system_manager` WHERE  `token` = '3c72970bc0d2064ee7806fad2fb405b625dd5c61'  AND `id` = 1 LIMIT 1 [ RunTime:0.018000s ]
[ sql ] [ SQL ] SHOW COLUMNS FROM `cx_help` [ RunTime:0.018000s ]
[ sql ] [ SQL ] SELECT * FROM `cx_help` WHERE  `id` = 2 LIMIT 1 [ RunTime:0.020000s ]
[ sql ] [ SQL ] UPDATE `cx_help`  SET `title`='标题1',`help_class_id`=1,`image`='小图1',`bigimage`='大图1',`content`='内容内容1',`sort`=2,`send_status`=2,`create_time`=1660006800  WHERE  `id` = 2 [ RunTime:0.016000s ]
[2022-07-25 19:11:44.999] 127.0.0.1 POST www.shizhi.com/admin/help/save	[runtime=0.338000s] [reqs=2.96req/s] [memory=3,596.95kb] [file=67]	[ info ] [ LANG ] D:\www\shizhi\api\thinkphp\lang\zh-cn.php
[ info ] [ ROUTE ] array (
  'type' => 'module',
  'module' => 
  array (
    0 => 'admin',
    1 => 'help',
    2 => 'save',
  ),
)
[ info ] [ HEADER ] array (
  'content-length' => '1073',
  'content-type' => 'multipart/form-data; boundary=--------------------------345429995711144074970132',
  'connection' => 'keep-alive',
  'accept-encoding' => 'gzip, deflate, br',
  'host' => 'www.shizhi.com',
  'accept' => '*/*',
  'user-agent' => 'apifox/1.0.0 (https://www.apifox.cn)',
  'usertoken' => 'MDAwMDAwMDAwMIGEbXY',
  'token' => '3c72970bc0d2064ee7806fad2fb405b625dd5c61',
)
[ info ] [ PARAM ] array (
  'help_id' => '2',
  'help_class_id' => '1',
  'title' => '标题1',
  'small_img' => '小图1',
  'big_img' => '大图1',
  'content' => '内容内容1',
  'send_status' => '2',
  'send_time' => '2022-08-09 09:00',
  'sort' => '2',
)
[ info ] [ DB ] INIT mysql
[ info ] [ RUN ] app\admin\controller\Help->save[ D:\www\shizhi\api\app\admin\controller\Help.php ]
[ info ] [ CACHE ] INIT File
[ info ] [ LOG ] INIT File	[ sql ] [ DB ] CONNECT:[ UseTime:0.045000s ] mysql:host=112.125.122.16;port=3306;dbname=jujiashizhi;charset=utf8mb4
[ sql ] [ SQL ] SHOW COLUMNS FROM `cx_system_manager` [ RunTime:0.174000s ]
[ sql ] [ SQL ] SELECT * FROM `cx_system_manager` WHERE  `token` = '3c72970bc0d2064ee7806fad2fb405b625dd5c61'  AND `id` = 1 LIMIT 1 [ RunTime:0.024000s ]
[ sql ] [ SQL ] SHOW COLUMNS FROM `cx_help` [ RunTime:0.019000s ]
[ sql ] [ SQL ] SELECT * FROM `cx_help` WHERE  `id` = 2 LIMIT 1 [ RunTime:0.024000s ]
[ sql ] [ SQL ] UPDATE `cx_help`  SET `title`='标题1',`help_class_id`=1,`image`='小图1',`bigimage`='大图1',`content`='内容内容1',`sort`=2,`send_status`=2,`create_time`=1660006800  WHERE  `id` = 2 [ RunTime:0.017000s ]
[2022-07-25 19:34:59.384] 127.0.0.1 POST www.shizhi.com/admin/help_class/index	[runtime=0.158000s] [reqs=6.33req/s] [memory=3,476.09kb] [file=64]	[ info ] [ LANG ] D:\www\shizhi\api\thinkphp\lang\zh-cn.php
[ info ] [ ROUTE ] array (
  'type' => 'module',
  'module' => 
  array (
    0 => 'admin',
    1 => 'help_class',
    2 => 'index',
  ),
)
[ info ] [ HEADER ] array (
  'content-length' => '0',
  'connection' => 'keep-alive',
  'accept-encoding' => 'gzip, deflate, br',
  'host' => 'www.shizhi.com',
  'accept' => '*/*',
  'user-agent' => 'apifox/1.0.0 (https://www.apifox.cn)',
  'usertoken' => 'MDAwMDAwMDAwMIGEbXY',
  'token' => '3c72970bc0d2064ee7806fad2fb405b625dd5c61',
  'content-type' => '',
)
[ info ] [ PARAM ] array (
)
[ info ] [ DB ] INIT mysql
[ info ] [ RUN ] app\admin\controller\HelpClass->index[ D:\www\shizhi\api\app\admin\controller\HelpClass.php ]
[ info ] [ LOG ] INIT File	[ sql ] [ DB ] CONNECT:[ UseTime:0.043000s ] mysql:host=112.125.122.16;port=3306;dbname=jujiashizhi;charset=utf8mb4
[ sql ] [ SQL ] SHOW COLUMNS FROM `cx_system_manager` [ RunTime:0.021000s ]
[ sql ] [ SQL ] SELECT * FROM `cx_system_manager` WHERE  `token` = '3c72970bc0d2064ee7806fad2fb405b625dd5c61'  AND `id` = 1 LIMIT 1 [ RunTime:0.019000s ]
[ sql ] [ SQL ] SHOW COLUMNS FROM `cx_help_class` [ RunTime:0.020000s ]
[ sql ] [ SQL ] SELECT * FROM `cx_help_class` [ RunTime:0.018000s ]
[2022-07-25 19:35:14.326] 127.0.0.1 POST www.shizhi.com/admin/help/index	[runtime=0.085000s] [reqs=11.76req/s] [memory=3,671.94kb] [file=70]	[ info ] [ LANG ] D:\www\shizhi\api\thinkphp\lang\zh-cn.php
[ info ] [ ROUTE ] array (
  'type' => 'module',
  'module' => 
  array (
    0 => 'admin',
    1 => 'help',
    2 => 'index',
  ),
)
[ info ] [ HEADER ] array (
  'content-length' => '480',
  'content-type' => 'multipart/form-data; boundary=--------------------------089873241870896023719628',
  'connection' => 'keep-alive',
  'accept-encoding' => 'gzip, deflate, br',
  'host' => 'www.shizhi.com',
  'accept' => '*/*',
  'user-agent' => 'apifox/1.0.0 (https://www.apifox.cn)',
  'usertoken' => 'MDAwMDAwMDAwMIGEbXY',
  'token' => '3c72970bc0d2064ee7806fad2fb405b625dd5c61',
)
[ info ] [ PARAM ] array (
  'page' => '1',
  'limit' => '20',
  'help_class_id' => '',
  'key' => '',
)
[ info ] [ DB ] INIT mysql
[ info ] [ RUN ] app\admin\controller\Help->index[ D:\www\shizhi\api\app\admin\controller\Help.php ]
[ info ] [ LOG ] INIT File	[ sql ] [ DB ] CONNECT:[ UseTime:0.022000s ] mysql:host=112.125.122.16;port=3306;dbname=jujiashizhi;charset=utf8mb4
[ sql ] [ SQL ] SHOW COLUMNS FROM `cx_system_manager` [ RunTime:0.015000s ]
[ sql ] [ SQL ] SELECT * FROM `cx_system_manager` WHERE  `token` = '3c72970bc0d2064ee7806fad2fb405b625dd5c61'  AND `id` = 1 LIMIT 1 [ RunTime:0.016000s ]	[ error ] [0]致命错误: Call to undefined method app\admin\controller\Help::get_list()[D:\www\shizhi\api\app\admin\controller\Help.php:34]
[2022-07-25 19:35:44.135] 127.0.0.1 POST www.shizhi.com/admin/help/index	[runtime=0.129000s] [reqs=7.75req/s] [memory=3,679.00kb] [file=72]	[ info ] [ LANG ] D:\www\shizhi\api\thinkphp\lang\zh-cn.php
[ info ] [ ROUTE ] array (
  'type' => 'module',
  'module' => 
  array (
    0 => 'admin',
    1 => 'help',
    2 => 'index',
  ),
)
[ info ] [ HEADER ] array (
  'content-length' => '480',
  'content-type' => 'multipart/form-data; boundary=--------------------------270167277381923934653096',
  'connection' => 'keep-alive',
  'accept-encoding' => 'gzip, deflate, br',
  'host' => 'www.shizhi.com',
  'accept' => '*/*',
  'user-agent' => 'apifox/1.0.0 (https://www.apifox.cn)',
  'usertoken' => 'MDAwMDAwMDAwMIGEbXY',
  'token' => '3c72970bc0d2064ee7806fad2fb405b625dd5c61',
)
[ info ] [ PARAM ] array (
  'page' => '1',
  'limit' => '20',
  'help_class_id' => '',
  'key' => '',
)
[ info ] [ DB ] INIT mysql
[ info ] [ RUN ] app\admin\controller\Help->index[ D:\www\shizhi\api\app\admin\controller\Help.php ]
[ info ] [ LOG ] INIT File	[ sql ] [ DB ] CONNECT:[ UseTime:0.031000s ] mysql:host=112.125.122.16;port=3306;dbname=jujiashizhi;charset=utf8mb4
[ sql ] [ SQL ] SHOW COLUMNS FROM `cx_system_manager` [ RunTime:0.017000s ]
[ sql ] [ SQL ] SELECT * FROM `cx_system_manager` WHERE  `token` = '3c72970bc0d2064ee7806fad2fb405b625dd5c61'  AND `id` = 1 LIMIT 1 [ RunTime:0.016000s ]
[ sql ] [ SQL ] SHOW COLUMNS FROM `cx_help` [ RunTime:0.023000s ]	[ error ] [10501]SQLSTATE[42S22]: Column not found: 1054 Unknown column 'is_to_examine' in 'where clause'[D:\www\shizhi\api\thinkphp\library\think\db\Connection.php:385]
[2022-07-25 19:36:37.107] 127.0.0.1 POST www.shizhi.com/admin/help/index	[runtime=0.191000s] [reqs=5.24req/s] [memory=3,513.68kb] [file=65]	[ info ] [ LANG ] D:\www\shizhi\api\thinkphp\lang\zh-cn.php
[ info ] [ ROUTE ] array (
  'type' => 'module',
  'module' => 
  array (
    0 => 'admin',
    1 => 'help',
    2 => 'index',
  ),
)
[ info ] [ HEADER ] array (
  'content-length' => '480',
  'content-type' => 'multipart/form-data; boundary=--------------------------787357257047628610750340',
  'connection' => 'keep-alive',
  'accept-encoding' => 'gzip, deflate, br',
  'host' => 'www.shizhi.com',
  'accept' => '*/*',
  'user-agent' => 'apifox/1.0.0 (https://www.apifox.cn)',
  'usertoken' => 'MDAwMDAwMDAwMIGEbXY',
  'token' => '3c72970bc0d2064ee7806fad2fb405b625dd5c61',
)
[ info ] [ PARAM ] array (
  'page' => '1',
  'limit' => '20',
  'help_class_id' => '',
  'key' => '',
)
[ info ] [ DB ] INIT mysql
[ info ] [ RUN ] app\admin\controller\Help->index[ D:\www\shizhi\api\app\admin\controller\Help.php ]
[ info ] [ LOG ] INIT File	[ sql ] [ DB ] CONNECT:[ UseTime:0.044000s ] mysql:host=112.125.122.16;port=3306;dbname=jujiashizhi;charset=utf8mb4
[ sql ] [ SQL ] SHOW COLUMNS FROM `cx_system_manager` [ RunTime:0.019000s ]
[ sql ] [ SQL ] SELECT * FROM `cx_system_manager` WHERE  `token` = '3c72970bc0d2064ee7806fad2fb405b625dd5c61'  AND `id` = 1 LIMIT 1 [ RunTime:0.021000s ]
[ sql ] [ SQL ] SHOW COLUMNS FROM `cx_help` [ RunTime:0.028000s ]
[ sql ] [ SQL ] SELECT `id`,`help_class_id`,`image`,`bigimage`,`create_time`,`send_status` FROM `cx_help` WHERE  `is_del` = 1 ORDER BY `create_time` DESC LIMIT 0,20 [ RunTime:0.024000s ]
[ sql ] [ SQL ] SELECT COUNT(id) AS tp_count FROM `cx_help` WHERE  `is_del` = 1 LIMIT 1 [ RunTime:0.019000s ]
[2022-07-25 19:37:01.344] 127.0.0.1 POST www.shizhi.com/admin/help/index	[runtime=0.147000s] [reqs=6.80req/s] [memory=3,491.61kb] [file=64]	[ info ] [ LANG ] D:\www\shizhi\api\thinkphp\lang\zh-cn.php
[ info ] [ ROUTE ] array (
  'type' => 'module',
  'module' => 
  array (
    0 => 'admin',
    1 => 'help',
    2 => 'index',
  ),
)
[ info ] [ HEADER ] array (
  'content-length' => '480',
  'content-type' => 'multipart/form-data; boundary=--------------------------099875382233312714571852',
  'connection' => 'keep-alive',
  'accept-encoding' => 'gzip, deflate, br',
  'host' => 'www.shizhi.com',
  'accept' => '*/*',
  'user-agent' => 'apifox/1.0.0 (https://www.apifox.cn)',
  'usertoken' => 'MDAwMDAwMDAwMIGEbXY',
  'token' => '3c72970bc0d2064ee7806fad2fb405b625dd5c61',
)
[ info ] [ PARAM ] array (
  'page' => '2',
  'limit' => '20',
  'help_class_id' => '',
  'key' => '',
)
[ info ] [ DB ] INIT mysql
[ info ] [ RUN ] app\admin\controller\Help->index[ D:\www\shizhi\api\app\admin\controller\Help.php ]
[ info ] [ LOG ] INIT File	[ sql ] [ DB ] CONNECT:[ UseTime:0.031000s ] mysql:host=112.125.122.16;port=3306;dbname=jujiashizhi;charset=utf8mb4
[ sql ] [ SQL ] SHOW COLUMNS FROM `cx_system_manager` [ RunTime:0.019000s ]
[ sql ] [ SQL ] SELECT * FROM `cx_system_manager` WHERE  `token` = '3c72970bc0d2064ee7806fad2fb405b625dd5c61'  AND `id` = 1 LIMIT 1 [ RunTime:0.021000s ]
[ sql ] [ SQL ] SHOW COLUMNS FROM `cx_help` [ RunTime:0.019000s ]
[ sql ] [ SQL ] SELECT `id`,`help_class_id`,`image`,`bigimage`,`create_time`,`send_status` FROM `cx_help` WHERE  `is_del` = 1 ORDER BY `create_time` DESC LIMIT 20,20 [ RunTime:0.019000s ]
[2022-07-25 19:44:00.467] 127.0.0.1 POST www.shizhi.com/admin/help/index	[runtime=0.233000s] [reqs=4.29req/s] [memory=3,516.53kb] [file=65]	[ info ] [ LANG ] D:\www\shizhi\api\thinkphp\lang\zh-cn.php
[ info ] [ ROUTE ] array (
  'type' => 'module',
  'module' => 
  array (
    0 => 'admin',
    1 => 'help',
    2 => 'index',
  ),
)
[ info ] [ HEADER ] array (
  'content-length' => '480',
  'content-type' => 'multipart/form-data; boundary=--------------------------233899638004244393249078',
  'connection' => 'keep-alive',
  'accept-encoding' => 'gzip, deflate, br',
  'host' => 'www.shizhi.com',
  'accept' => '*/*',
  'user-agent' => 'apifox/1.0.0 (https://www.apifox.cn)',
  'usertoken' => 'MDAwMDAwMDAwMIGEbXY',
  'token' => '3c72970bc0d2064ee7806fad2fb405b625dd5c61',
)
[ info ] [ PARAM ] array (
  'page' => '1',
  'limit' => '20',
  'help_class_id' => '',
  'key' => '',
)
[ info ] [ DB ] INIT mysql
[ info ] [ RUN ] app\admin\controller\Help->index[ D:\www\shizhi\api\app\admin\controller\Help.php ]
[ info ] [ LOG ] INIT File	[ sql ] [ DB ] CONNECT:[ UseTime:0.094000s ] mysql:host=112.125.122.16;port=3306;dbname=jujiashizhi;charset=utf8mb4
[ sql ] [ SQL ] SHOW COLUMNS FROM `cx_system_manager` [ RunTime:0.018000s ]
[ sql ] [ SQL ] SELECT * FROM `cx_system_manager` WHERE  `token` = '3c72970bc0d2064ee7806fad2fb405b625dd5c61'  AND `id` = 1 LIMIT 1 [ RunTime:0.027000s ]
[ sql ] [ SQL ] SHOW COLUMNS FROM `cx_help` [ RunTime:0.016000s ]
[ sql ] [ SQL ] SELECT `id`,`help_class_id`,`image`,`bigimage`,`create_time`,`send_status` FROM `cx_help` WHERE  `is_del` = 1 ORDER BY `create_time` DESC LIMIT 0,20 [ RunTime:0.021000s ]
[ sql ] [ SQL ] SELECT COUNT(id) AS tp_count FROM `cx_help` WHERE  `is_del` = 1 LIMIT 1 [ RunTime:0.018000s ]
[2022-07-25 19:45:36.105] 127.0.0.1 POST www.shizhi.com/admin/help/helpshow	[runtime=0.090000s] [reqs=11.11req/s] [memory=3,671.45kb] [file=70]	[ info ] [ LANG ] D:\www\shizhi\api\thinkphp\lang\zh-cn.php
[ info ] [ ROUTE ] array (
  'type' => 'module',
  'module' => 
  array (
    0 => 'admin',
    1 => 'help',
    2 => 'helpshow',
  ),
)
[ info ] [ HEADER ] array (
  'content-length' => '163',
  'content-type' => 'multipart/form-data; boundary=--------------------------356106030228258951881601',
  'connection' => 'keep-alive',
  'accept-encoding' => 'gzip, deflate, br',
  'host' => 'www.shizhi.com',
  'accept' => '*/*',
  'user-agent' => 'apifox/1.0.0 (https://www.apifox.cn)',
  'usertoken' => 'MDAwMDAwMDAwMIGEbXY',
  'token' => '3c72970bc0d2064ee7806fad2fb405b625dd5c61',
)
[ info ] [ PARAM ] array (
  'help_id' => '2',
)
[ info ] [ DB ] INIT mysql
[ info ] [ LOG ] INIT File	[ sql ] [ DB ] CONNECT:[ UseTime:0.025000s ] mysql:host=112.125.122.16;port=3306;dbname=jujiashizhi;charset=utf8mb4
[ sql ] [ SQL ] SHOW COLUMNS FROM `cx_system_manager` [ RunTime:0.016000s ]
[ sql ] [ SQL ] SELECT * FROM `cx_system_manager` WHERE  `token` = '3c72970bc0d2064ee7806fad2fb405b625dd5c61'  AND `id` = 1 LIMIT 1 [ RunTime:0.016000s ]
[2022-07-25 19:45:52.441] 127.0.0.1 POST www.shizhi.com/admin/help/helpshow	[runtime=0.138000s] [reqs=7.25req/s] [memory=3,498.45kb] [file=64]	[ info ] [ LANG ] D:\www\shizhi\api\thinkphp\lang\zh-cn.php
[ info ] [ ROUTE ] array (
  'type' => 'module',
  'module' => 
  array (
    0 => 'admin',
    1 => 'help',
    2 => 'helpshow',
  ),
)
[ info ] [ HEADER ] array (
  'content-length' => '163',
  'content-type' => 'multipart/form-data; boundary=--------------------------673320335347342375439783',
  'connection' => 'keep-alive',
  'accept-encoding' => 'gzip, deflate, br',
  'host' => 'www.shizhi.com',
  'accept' => '*/*',
  'user-agent' => 'apifox/1.0.0 (https://www.apifox.cn)',
  'usertoken' => 'MDAwMDAwMDAwMIGEbXY',
  'token' => '3c72970bc0d2064ee7806fad2fb405b625dd5c61',
)
[ info ] [ PARAM ] array (
  'help_id' => '2',
)
[ info ] [ DB ] INIT mysql
[ info ] [ RUN ] app\admin\controller\Help->helpShow[ D:\www\shizhi\api\app\admin\controller\Help.php ]
[ info ] [ LOG ] INIT File	[ sql ] [ DB ] CONNECT:[ UseTime:0.025000s ] mysql:host=112.125.122.16;port=3306;dbname=jujiashizhi;charset=utf8mb4
[ sql ] [ SQL ] SHOW COLUMNS FROM `cx_system_manager` [ RunTime:0.021000s ]
[ sql ] [ SQL ] SELECT * FROM `cx_system_manager` WHERE  `token` = '3c72970bc0d2064ee7806fad2fb405b625dd5c61'  AND `id` = 1 LIMIT 1 [ RunTime:0.020000s ]
[ sql ] [ SQL ] SHOW COLUMNS FROM `cx_help` [ RunTime:0.029000s ]
[ sql ] [ SQL ] SELECT * FROM `cx_help` WHERE  `id` = 2 LIMIT 1 [ RunTime:0.017000s ]
[2022-07-25 19:47:54.511] 127.0.0.1 POST www.shizhi.com/admin/help/helpshow	[runtime=0.151000s] [reqs=6.62req/s] [memory=3,501.23kb] [file=64]	[ info ] [ LANG ] D:\www\shizhi\api\thinkphp\lang\zh-cn.php
[ info ] [ ROUTE ] array (
  'type' => 'module',
  'module' => 
  array (
    0 => 'admin',
    1 => 'help',
    2 => 'helpshow',
  ),
)
[ info ] [ HEADER ] array (
  'content-length' => '163',
  'content-type' => 'multipart/form-data; boundary=--------------------------142166258151677727610328',
  'connection' => 'keep-alive',
  'accept-encoding' => 'gzip, deflate, br',
  'host' => 'www.shizhi.com',
  'accept' => '*/*',
  'user-agent' => 'apifox/1.0.0 (https://www.apifox.cn)',
  'usertoken' => 'MDAwMDAwMDAwMIGEbXY',
  'token' => '3c72970bc0d2064ee7806fad2fb405b625dd5c61',
)
[ info ] [ PARAM ] array (
  'help_id' => '2',
)
[ info ] [ DB ] INIT mysql
[ info ] [ RUN ] app\admin\controller\Help->helpShow[ D:\www\shizhi\api\app\admin\controller\Help.php ]
[ info ] [ LOG ] INIT File	[ sql ] [ DB ] CONNECT:[ UseTime:0.033000s ] mysql:host=112.125.122.16;port=3306;dbname=jujiashizhi;charset=utf8mb4
[ sql ] [ SQL ] SHOW COLUMNS FROM `cx_system_manager` [ RunTime:0.021000s ]
[ sql ] [ SQL ] SELECT * FROM `cx_system_manager` WHERE  `token` = '3c72970bc0d2064ee7806fad2fb405b625dd5c61'  AND `id` = 1 LIMIT 1 [ RunTime:0.019000s ]
[ sql ] [ SQL ] SHOW COLUMNS FROM `cx_help` [ RunTime:0.027000s ]
[ sql ] [ SQL ] SELECT * FROM `cx_help` WHERE  `id` = 2  AND `is_del` = 1 LIMIT 1 [ RunTime:0.016000s ]
[2022-07-25 19:48:42.636] 127.0.0.1 POST www.shizhi.com/admin/help/helpshow	[runtime=1.120000s] [reqs=0.89req/s] [memory=3,500.89kb] [file=64]	[ info ] [ LANG ] D:\www\shizhi\api\thinkphp\lang\zh-cn.php
[ info ] [ ROUTE ] array (
  'type' => 'module',
  'module' => 
  array (
    0 => 'admin',
    1 => 'help',
    2 => 'helpshow',
  ),
)
[ info ] [ HEADER ] array (
  'content-length' => '163',
  'content-type' => 'multipart/form-data; boundary=--------------------------241049652443676957103919',
  'connection' => 'keep-alive',
  'accept-encoding' => 'gzip, deflate, br',
  'host' => 'www.shizhi.com',
  'accept' => '*/*',
  'user-agent' => 'apifox/1.0.0 (https://www.apifox.cn)',
  'usertoken' => 'MDAwMDAwMDAwMIGEbXY',
  'token' => '3c72970bc0d2064ee7806fad2fb405b625dd5c61',
)
[ info ] [ PARAM ] array (
  'help_id' => '2',
)
[ info ] [ DB ] INIT mysql
[ info ] [ RUN ] app\admin\controller\Help->helpShow[ D:\www\shizhi\api\app\admin\controller\Help.php ]
[ info ] [ LOG ] INIT File	[ sql ] [ DB ] CONNECT:[ UseTime:1.026000s ] mysql:host=112.125.122.16;port=3306;dbname=jujiashizhi;charset=utf8mb4
[ sql ] [ SQL ] SHOW COLUMNS FROM `cx_system_manager` [ RunTime:0.016000s ]
[ sql ] [ SQL ] SELECT * FROM `cx_system_manager` WHERE  `token` = '3c72970bc0d2064ee7806fad2fb405b625dd5c61'  AND `id` = 1 LIMIT 1 [ RunTime:0.018000s ]
[ sql ] [ SQL ] SHOW COLUMNS FROM `cx_help` [ RunTime:0.015000s ]
[ sql ] [ SQL ] SELECT `id`,`help_class_id`,`image`,`bigimage`,`create_time`,`send_status`,`sort` FROM `cx_help` WHERE  `id` = 2  AND `is_del` = 1 LIMIT 1 [ RunTime:0.014000s ]
[2022-07-25 19:48:53.398] 127.0.0.1 POST www.shizhi.com/admin/help/helpshow	[runtime=0.554000s] [reqs=1.81req/s] [memory=3,495.26kb] [file=64]	[ info ] [ LANG ] D:\www\shizhi\api\thinkphp\lang\zh-cn.php
[ info ] [ ROUTE ] array (
  'type' => 'module',
  'module' => 
  array (
    0 => 'admin',
    1 => 'help',
    2 => 'helpshow',
  ),
)
[ info ] [ HEADER ] array (
  'content-length' => '163',
  'content-type' => 'multipart/form-data; boundary=--------------------------991218224008749870087210',
  'connection' => 'keep-alive',
  'accept-encoding' => 'gzip, deflate, br',
  'host' => 'www.shizhi.com',
  'accept' => '*/*',
  'user-agent' => 'apifox/1.0.0 (https://www.apifox.cn)',
  'usertoken' => 'MDAwMDAwMDAwMIGEbXY',
  'token' => '3c72970bc0d2064ee7806fad2fb405b625dd5c61',
)
[ info ] [ PARAM ] array (
  'help_id' => '3',
)
[ info ] [ DB ] INIT mysql
[ info ] [ RUN ] app\admin\controller\Help->helpShow[ D:\www\shizhi\api\app\admin\controller\Help.php ]
[ info ] [ LOG ] INIT File	[ sql ] [ DB ] CONNECT:[ UseTime:0.444000s ] mysql:host=112.125.122.16;port=3306;dbname=jujiashizhi;charset=utf8mb4
[ sql ] [ SQL ] SHOW COLUMNS FROM `cx_system_manager` [ RunTime:0.022000s ]
[ sql ] [ SQL ] SELECT * FROM `cx_system_manager` WHERE  `token` = '3c72970bc0d2064ee7806fad2fb405b625dd5c61'  AND `id` = 1 LIMIT 1 [ RunTime:0.024000s ]
[ sql ] [ SQL ] SHOW COLUMNS FROM `cx_help` [ RunTime:0.015000s ]
[ sql ] [ SQL ] SELECT `id`,`help_class_id`,`image`,`bigimage`,`create_time`,`send_status`,`sort` FROM `cx_help` WHERE  `id` = 3  AND `is_del` = 1 LIMIT 1 [ RunTime:0.016000s ]
[2022-07-25 19:48:57.941] 127.0.0.1 POST www.shizhi.com/admin/help/helpshow	[runtime=0.179000s] [reqs=5.59req/s] [memory=3,500.89kb] [file=64]	[ info ] [ LANG ] D:\www\shizhi\api\thinkphp\lang\zh-cn.php
[ info ] [ ROUTE ] array (
  'type' => 'module',
  'module' => 
  array (
    0 => 'admin',
    1 => 'help',
    2 => 'helpshow',
  ),
)
[ info ] [ HEADER ] array (
  'content-length' => '163',
  'content-type' => 'multipart/form-data; boundary=--------------------------670305329396524643124497',
  'connection' => 'keep-alive',
  'accept-encoding' => 'gzip, deflate, br',
  'host' => 'www.shizhi.com',
  'accept' => '*/*',
  'user-agent' => 'apifox/1.0.0 (https://www.apifox.cn)',
  'usertoken' => 'MDAwMDAwMDAwMIGEbXY',
  'token' => '3c72970bc0d2064ee7806fad2fb405b625dd5c61',
)
[ info ] [ PARAM ] array (
  'help_id' => '2',
)
[ info ] [ DB ] INIT mysql
[ info ] [ RUN ] app\admin\controller\Help->helpShow[ D:\www\shizhi\api\app\admin\controller\Help.php ]
[ info ] [ LOG ] INIT File	[ sql ] [ DB ] CONNECT:[ UseTime:0.029000s ] mysql:host=112.125.122.16;port=3306;dbname=jujiashizhi;charset=utf8mb4
[ sql ] [ SQL ] SHOW COLUMNS FROM `cx_system_manager` [ RunTime:0.021000s ]
[ sql ] [ SQL ] SELECT * FROM `cx_system_manager` WHERE  `token` = '3c72970bc0d2064ee7806fad2fb405b625dd5c61'  AND `id` = 1 LIMIT 1 [ RunTime:0.023000s ]
[ sql ] [ SQL ] SHOW COLUMNS FROM `cx_help` [ RunTime:0.015000s ]
[ sql ] [ SQL ] SELECT `id`,`help_class_id`,`image`,`bigimage`,`create_time`,`send_status`,`sort` FROM `cx_help` WHERE  `id` = 2  AND `is_del` = 1 LIMIT 1 [ RunTime:0.061000s ]
[2022-07-25 19:58:06.979] 127.0.0.1 POST www.shizhi.com/admin/help/del	[runtime=0.256000s] [reqs=3.91req/s] [memory=3,501.02kb] [file=64]	[ info ] [ LANG ] D:\www\shizhi\api\thinkphp\lang\zh-cn.php
[ info ] [ ROUTE ] array (
  'type' => 'module',
  'module' => 
  array (
    0 => 'admin',
    1 => 'help',
    2 => 'del',
  ),
)
[ info ] [ HEADER ] array (
  'content-length' => '163',
  'content-type' => 'multipart/form-data; boundary=--------------------------793064981207948702933650',
  'connection' => 'keep-alive',
  'accept-encoding' => 'gzip, deflate, br',
  'host' => 'www.shizhi.com',
  'accept' => '*/*',
  'user-agent' => 'apifox/1.0.0 (https://www.apifox.cn)',
  'usertoken' => 'MDAwMDAwMDAwMIGEbXY',
  'token' => '3c72970bc0d2064ee7806fad2fb405b625dd5c61',
)
[ info ] [ PARAM ] array (
  'help_id' => '2',
)
[ info ] [ DB ] INIT mysql
[ info ] [ RUN ] app\admin\controller\Help->del[ D:\www\shizhi\api\app\admin\controller\Help.php ]
[ info ] [ LOG ] INIT File	[ sql ] [ DB ] CONNECT:[ UseTime:0.049000s ] mysql:host=112.125.122.16;port=3306;dbname=jujiashizhi;charset=utf8mb4
[ sql ] [ SQL ] SHOW COLUMNS FROM `cx_system_manager` [ RunTime:0.051000s ]
[ sql ] [ SQL ] SELECT * FROM `cx_system_manager` WHERE  `token` = '3c72970bc0d2064ee7806fad2fb405b625dd5c61'  AND `id` = 1 LIMIT 1 [ RunTime:0.051000s ]
[ sql ] [ SQL ] SHOW COLUMNS FROM `cx_help` [ RunTime:0.037000s ]
[ sql ] [ SQL ] SELECT * FROM `cx_help` WHERE  `id` IN (0,0) LIMIT 1 [ RunTime:0.032000s ]
[2022-07-25 19:59:06.114] 127.0.0.1 POST www.shizhi.com/admin/help/del	[runtime=0.232000s] [reqs=4.31req/s] [memory=3,500.52kb] [file=64]	[ info ] [ LANG ] D:\www\shizhi\api\thinkphp\lang\zh-cn.php
[ info ] [ ROUTE ] array (
  'type' => 'module',
  'module' => 
  array (
    0 => 'admin',
    1 => 'help',
    2 => 'del',
  ),
)
[ info ] [ HEADER ] array (
  'content-length' => '163',
  'content-type' => 'multipart/form-data; boundary=--------------------------986417382349733422357300',
  'connection' => 'keep-alive',
  'accept-encoding' => 'gzip, deflate, br',
  'host' => 'www.shizhi.com',
  'accept' => '*/*',
  'user-agent' => 'apifox/1.0.0 (https://www.apifox.cn)',
  'usertoken' => 'MDAwMDAwMDAwMIGEbXY',
  'token' => '3c72970bc0d2064ee7806fad2fb405b625dd5c61',
)
[ info ] [ PARAM ] array (
  'help_id' => '2',
)
[ info ] [ DB ] INIT mysql
[ info ] [ RUN ] app\admin\controller\Help->del[ D:\www\shizhi\api\app\admin\controller\Help.php ]
[ info ] [ LOG ] INIT File	[ sql ] [ DB ] CONNECT:[ UseTime:0.048000s ] mysql:host=112.125.122.16;port=3306;dbname=jujiashizhi;charset=utf8mb4
[ sql ] [ SQL ] SHOW COLUMNS FROM `cx_system_manager` [ RunTime:0.036000s ]
[ sql ] [ SQL ] SELECT * FROM `cx_system_manager` WHERE  `token` = '3c72970bc0d2064ee7806fad2fb405b625dd5c61'  AND `id` = 1 LIMIT 1 [ RunTime:0.039000s ]
[ sql ] [ SQL ] SHOW COLUMNS FROM `cx_help` [ RunTime:0.041000s ]
[ sql ] [ SQL ] SELECT * FROM `cx_help` WHERE  `id` IN (0,0) LIMIT 1 [ RunTime:0.038000s ]
[2022-07-25 19:59:52.567] 127.0.0.1 POST www.shizhi.com/admin/help/del	[runtime=0.280000s] [reqs=3.57req/s] [memory=3,500.52kb] [file=64]	[ info ] [ LANG ] D:\www\shizhi\api\thinkphp\lang\zh-cn.php
[ info ] [ ROUTE ] array (
  'type' => 'module',
  'module' => 
  array (
    0 => 'admin',
    1 => 'help',
    2 => 'del',
  ),
)
[ info ] [ HEADER ] array (
  'content-length' => '163',
  'content-type' => 'multipart/form-data; boundary=--------------------------109052129772384277623186',
  'connection' => 'keep-alive',
  'accept-encoding' => 'gzip, deflate, br',
  'host' => 'www.shizhi.com',
  'accept' => '*/*',
  'user-agent' => 'apifox/1.0.0 (https://www.apifox.cn)',
  'usertoken' => 'MDAwMDAwMDAwMIGEbXY',
  'token' => '3c72970bc0d2064ee7806fad2fb405b625dd5c61',
)
[ info ] [ PARAM ] array (
  'help_id' => '2',
)
[ info ] [ DB ] INIT mysql
[ info ] [ RUN ] app\admin\controller\Help->del[ D:\www\shizhi\api\app\admin\controller\Help.php ]
[ info ] [ LOG ] INIT File	[ sql ] [ DB ] CONNECT:[ UseTime:0.078000s ] mysql:host=112.125.122.16;port=3306;dbname=jujiashizhi;charset=utf8mb4
[ sql ] [ SQL ] SHOW COLUMNS FROM `cx_system_manager` [ RunTime:0.038000s ]
[ sql ] [ SQL ] SELECT * FROM `cx_system_manager` WHERE  `token` = '3c72970bc0d2064ee7806fad2fb405b625dd5c61'  AND `id` = 1 LIMIT 1 [ RunTime:0.066000s ]
[ sql ] [ SQL ] SHOW COLUMNS FROM `cx_help` [ RunTime:0.037000s ]
[ sql ] [ SQL ] SELECT * FROM `cx_help` WHERE  `id` IN (0,0) LIMIT 1 [ RunTime:0.035000s ]
[2022-07-25 20:01:02.381] 127.0.0.1 POST www.shizhi.com/admin/help/del	[runtime=0.151000s] [reqs=6.62req/s] [memory=3,501.07kb] [file=64]	[ info ] [ LANG ] D:\www\shizhi\api\thinkphp\lang\zh-cn.php
[ info ] [ ROUTE ] array (
  'type' => 'module',
  'module' => 
  array (
    0 => 'admin',
    1 => 'help',
    2 => 'del',
  ),
)
[ info ] [ HEADER ] array (
  'content-length' => '163',
  'content-type' => 'multipart/form-data; boundary=--------------------------602058098359330992651134',
  'connection' => 'keep-alive',
  'accept-encoding' => 'gzip, deflate, br',
  'host' => 'www.shizhi.com',
  'accept' => '*/*',
  'user-agent' => 'apifox/1.0.0 (https://www.apifox.cn)',
  'usertoken' => 'MDAwMDAwMDAwMIGEbXY',
  'token' => '3c72970bc0d2064ee7806fad2fb405b625dd5c61',
)
[ info ] [ PARAM ] array (
  'help_id' => '2',
)
[ info ] [ DB ] INIT mysql
[ info ] [ RUN ] app\admin\controller\Help->del[ D:\www\shizhi\api\app\admin\controller\Help.php ]
[ info ] [ LOG ] INIT File	[ sql ] [ DB ] CONNECT:[ UseTime:0.029000s ] mysql:host=112.125.122.16;port=3306;dbname=jujiashizhi;charset=utf8mb4
[ sql ] [ SQL ] SHOW COLUMNS FROM `cx_system_manager` [ RunTime:0.025000s ]
[ sql ] [ SQL ] SELECT * FROM `cx_system_manager` WHERE  `token` = '3c72970bc0d2064ee7806fad2fb405b625dd5c61'  AND `id` = 1 LIMIT 1 [ RunTime:0.020000s ]
[ sql ] [ SQL ] SHOW COLUMNS FROM `cx_help` [ RunTime:0.020000s ]
[ sql ] [ SQL ] SELECT `id`,`is_del` FROM `cx_help` WHERE  `id` = 2 LIMIT 1 [ RunTime:0.017000s ]
[2022-07-25 20:01:15.323] 127.0.0.1 POST www.shizhi.com/admin/help/del	[runtime=0.229000s] [reqs=4.37req/s] [memory=3,605.97kb] [file=67]	[ info ] [ LANG ] D:\www\shizhi\api\thinkphp\lang\zh-cn.php
[ info ] [ ROUTE ] array (
  'type' => 'module',
  'module' => 
  array (
    0 => 'admin',
    1 => 'help',
    2 => 'del',
  ),
)
[ info ] [ HEADER ] array (
  'content-length' => '163',
  'content-type' => 'multipart/form-data; boundary=--------------------------259501683974593150047445',
  'connection' => 'keep-alive',
  'accept-encoding' => 'gzip, deflate, br',
  'host' => 'www.shizhi.com',
  'accept' => '*/*',
  'user-agent' => 'apifox/1.0.0 (https://www.apifox.cn)',
  'usertoken' => 'MDAwMDAwMDAwMIGEbXY',
  'token' => '3c72970bc0d2064ee7806fad2fb405b625dd5c61',
)
[ info ] [ PARAM ] array (
  'help_id' => '2',
)
[ info ] [ DB ] INIT mysql
[ info ] [ RUN ] app\admin\controller\Help->del[ D:\www\shizhi\api\app\admin\controller\Help.php ]
[ info ] [ CACHE ] INIT File
[ info ] [ LOG ] INIT File	[ sql ] [ DB ] CONNECT:[ UseTime:0.034000s ] mysql:host=112.125.122.16;port=3306;dbname=jujiashizhi;charset=utf8mb4
[ sql ] [ SQL ] SHOW COLUMNS FROM `cx_system_manager` [ RunTime:0.018000s ]
[ sql ] [ SQL ] SELECT * FROM `cx_system_manager` WHERE  `token` = '3c72970bc0d2064ee7806fad2fb405b625dd5c61'  AND `id` = 1 LIMIT 1 [ RunTime:0.014000s ]
[ sql ] [ SQL ] SHOW COLUMNS FROM `cx_help` [ RunTime:0.083000s ]
[ sql ] [ SQL ] SELECT `id`,`is_del` FROM `cx_help` WHERE  `id` = 2 LIMIT 1 [ RunTime:0.031000s ]
[ sql ] [ SQL ] UPDATE `cx_help`  SET `is_del`=0  WHERE  `id` = 2 [ RunTime:0.018000s ]
[2022-07-25 20:01:17.276] 127.0.0.1 POST www.shizhi.com/admin/help/del	[runtime=0.113000s] [reqs=8.85req/s] [memory=3,499.69kb] [file=64]	[ info ] [ LANG ] D:\www\shizhi\api\thinkphp\lang\zh-cn.php
[ info ] [ ROUTE ] array (
  'type' => 'module',
  'module' => 
  array (
    0 => 'admin',
    1 => 'help',
    2 => 'del',
  ),
)
[ info ] [ HEADER ] array (
  'content-length' => '163',
  'content-type' => 'multipart/form-data; boundary=--------------------------088590841859257597241804',
  'connection' => 'keep-alive',
  'accept-encoding' => 'gzip, deflate, br',
  'host' => 'www.shizhi.com',
  'accept' => '*/*',
  'user-agent' => 'apifox/1.0.0 (https://www.apifox.cn)',
  'usertoken' => 'MDAwMDAwMDAwMIGEbXY',
  'token' => '3c72970bc0d2064ee7806fad2fb405b625dd5c61',
)
[ info ] [ PARAM ] array (
  'help_id' => '2',
)
[ info ] [ DB ] INIT mysql
[ info ] [ RUN ] app\admin\controller\Help->del[ D:\www\shizhi\api\app\admin\controller\Help.php ]
[ info ] [ LOG ] INIT File	[ sql ] [ DB ] CONNECT:[ UseTime:0.029000s ] mysql:host=112.125.122.16;port=3306;dbname=jujiashizhi;charset=utf8mb4
[ sql ] [ SQL ] SHOW COLUMNS FROM `cx_system_manager` [ RunTime:0.015000s ]
[ sql ] [ SQL ] SELECT * FROM `cx_system_manager` WHERE  `token` = '3c72970bc0d2064ee7806fad2fb405b625dd5c61'  AND `id` = 1 LIMIT 1 [ RunTime:0.013000s ]
[ sql ] [ SQL ] SHOW COLUMNS FROM `cx_help` [ RunTime:0.013000s ]
[ sql ] [ SQL ] SELECT `id`,`is_del` FROM `cx_help` WHERE  `id` = 2 LIMIT 1 [ RunTime:0.015000s ]
[2022-07-25 20:01:18.944] 127.0.0.1 POST www.shizhi.com/admin/help/del	[runtime=0.129000s] [reqs=7.75req/s] [memory=3,499.69kb] [file=64]	[ info ] [ LANG ] D:\www\shizhi\api\thinkphp\lang\zh-cn.php
[ info ] [ ROUTE ] array (
  'type' => 'module',
  'module' => 
  array (
    0 => 'admin',
    1 => 'help',
    2 => 'del',
  ),
)
[ info ] [ HEADER ] array (
  'content-length' => '163',
  'content-type' => 'multipart/form-data; boundary=--------------------------606067663494962959561664',
  'connection' => 'keep-alive',
  'accept-encoding' => 'gzip, deflate, br',
  'host' => 'www.shizhi.com',
  'accept' => '*/*',
  'user-agent' => 'apifox/1.0.0 (https://www.apifox.cn)',
  'usertoken' => 'MDAwMDAwMDAwMIGEbXY',
  'token' => '3c72970bc0d2064ee7806fad2fb405b625dd5c61',
)
[ info ] [ PARAM ] array (
  'help_id' => '2',
)
[ info ] [ DB ] INIT mysql
[ info ] [ RUN ] app\admin\controller\Help->del[ D:\www\shizhi\api\app\admin\controller\Help.php ]
[ info ] [ LOG ] INIT File	[ sql ] [ DB ] CONNECT:[ UseTime:0.024000s ] mysql:host=112.125.122.16;port=3306;dbname=jujiashizhi;charset=utf8mb4
[ sql ] [ SQL ] SHOW COLUMNS FROM `cx_system_manager` [ RunTime:0.023000s ]
[ sql ] [ SQL ] SELECT * FROM `cx_system_manager` WHERE  `token` = '3c72970bc0d2064ee7806fad2fb405b625dd5c61'  AND `id` = 1 LIMIT 1 [ RunTime:0.016000s ]
[ sql ] [ SQL ] SHOW COLUMNS FROM `cx_help` [ RunTime:0.015000s ]
[ sql ] [ SQL ] SELECT `id`,`is_del` FROM `cx_help` WHERE  `id` = 2 LIMIT 1 [ RunTime:0.018000s ]
